사고번호,사고일시,요일,시군구,사고내용,사망자수,중상자수,경상자수,부상신고자수,사고유형,법규위반,노면상태,기상상태,도로형태,가해운전자 차종,가해운전자 성별,가해운전자 연령,가해운전자 상해정도,피해운전자 차종,피해운전자 성별,피해운전자 연령,피해운전자 상해정도
2016011800100466,2016년 1월 18일 18시,월요일,충청북도 음성군 삼성면,경상사고,0,0,8,0,차대차 - 측면충돌,교차로운행방법위반,건조,맑음,교차로 - 교차로안,승용,남,54세,경상,승용,남,52세,경상
2016011800100467,2016년 1월 18일 18시,월요일,충청북도 청주시 상당구 용담동,경상사고,0,0,3,0,차대차 - 추돌,안전운전불이행,결빙,눈,교차로 - 교차로부근,승용,남,46세,상해없음,승용,남,52세,경상
2016011800100513,2016년 1월 18일 19시,월요일,충청북도 청주시 흥덕구 비하동,경상사고,0,0,1,0,차대사람 - 길가장자리구역통행중,안전운전불이행,건조,맑음,단일로 - 기타,승용,남,56세,상해없음,보행자,여,48세,경상
2016011800100544,2016년 1월 18일 20시,월요일,충청북도 증평군 증평읍,경상사고,0,0,1,0,차대차 - 측면직각충돌,안전거리미확보,적설,눈,교차로 - 교차로부근,승용,남,72세,상해없음,승용,남,34세,경상
2016011800100591,2016년 1월 18일 22시,월요일,충청북도 청주시 상당구 용암동,중상사고,0,1,0,0,차대사람 - 기타,안전운전불이행,적설,눈,단일로 - 기타,승용,남,44세,상해없음,보행자,여,33세,중상
2016011900100044,2016년 1월 19일 03시,화요일,충청북도 음성군 감곡면,중상사고,0,1,0,0,차대차 - 추돌,안전운전불이행,건조,맑음,단일로 - 기타,화물,남,52세,상해없음,화물,남,45세,중상
2016011900100086,2016년 1월 19일 07시,화요일,충청북도 청주시 상당구 남주동,경상사고,0,0,1,0,차대사람 - 횡단중,신호위반,적설,눈,교차로 - 교차로부근,승용,남,49세,상해없음,보행자,여,32세,경상
2016011900100116,2016년 1월 19일 08시,화요일,충청북도 청주시 서원구 성화동,경상사고,0,0,1,0,차량단독 - 전도전복,안전운전불이행,적설,눈,단일로 - 기타,승용,남,46세,상해없음,,,,
2016011900100209,2016년 1월 19일 11시,화요일,충청북도 청주시 흥덕구 석소동,경상사고,0,0,1,0,차량단독 - 공작물충돌,안전운전불이행,결빙,눈,단일로 - 기타,승용,남,61세,상해없음,,,,
2016011900100271,2016년 1월 19일 14시,화요일,충청북도 청주시 청원구 내수읍,경상사고,0,0,4,0,차대차 - 측면직각충돌,안전운전불이행,건조,맑음,교차로 - 교차로부근,화물,남,59세,상해없음,화물,남,30세,경상
2016011900100272,2016년 1월 19일 14시,화요일,충청북도 청주시 상당구 남주동,경상사고,0,0,3,0,차대차 - 측면충돌,신호위반,결빙,눈,교차로 - 교차로안,승용,여,46세,상해없음,승용,여,56세,경상
2016011900100303,2016년 1월 19일 15시,화요일,충청북도 충주시 지현동,경상사고,0,0,3,0,차대차 - 기타,안전운전불이행,건조,맑음,교차로 - 교차로부근,화물,남,36세,경상,승용,여,42세,경상
2016011900100304,2016년 1월 19일 15시,화요일,충청북도 청주시 서원구 현도면,경상사고,0,0,2,0,차대차 - 정면충돌,안전운전불이행,건조,맑음,기타 - 기타,승용,남,57세,상해없음,화물,남,56세,경상
2016011900100336,2016년 1월 19일 16시,화요일,충청북도 청주시 청원구 율량동,사망사고,1,0,0,0,차량단독 - 전도전복,안전운전불이행,결빙,눈,단일로 - 기타,승용,남,29세,사망,,,,
2016011900100337,2016년 1월 19일 16시,화요일,충청북도 증평군 도안면,경상사고,0,0,3,0,차대차 - 측면충돌,안전운전불이행,건조,맑음,교차로 - 교차로안,승용,남,25세,경상,화물,남,26세,경상
2016011900100385,2016년 1월 19일 18시,화요일,충청북도 음성군 음성읍,중상사고,0,1,0,0,차대사람 - 기타,안전운전불이행,건조,맑음,단일로 - 기타,승용,여,54세,상해없음,보행자,여,60세,중상
2016011900100386,2016년 1월 19일 18시,화요일,충청북도 청주시 서원구 모충동,중상사고,0,1,0,0,차대사람 - 횡단중,안전운전불이행,습기,흐림,단일로 - 기타,화물,남,61세,상해없음,보행자,여,78세,중상
2016011900100469,2016년 1월 19일 20시,화요일,충청북도 충주시 충인동,중상사고,0,1,0,0,차대차 - 정면충돌,신호위반,건조,맑음,교차로 - 교차로안,승용,남,63세,상해없음,이륜,남,20세,중상
2016011900100492,2016년 1월 19일 21시,화요일,충청북도 청주시 흥덕구 가경동,경상사고,0,0,1,0,차대차 - 측면직각충돌,신호위반,습기,눈,교차로 - 교차로안,승용,여,40세,상해없음,승용,여,46세,경상
2016011900100521,2016년 1월 19일 22시,화요일,충청북도 옥천군 옥천읍,경상사고,0,0,4,0,차대차 - 측면직각충돌,교차로운행방법위반,습기,흐림,교차로 - 교차로안,승용,남,63세,상해없음,화물,남,56세,경상
2016011900100547,2016년 1월 19일 23시,화요일,충청북도 청주시 흥덕구 운천동,경상사고,0,0,1,0,차대사람 - 횡단중,안전운전불이행,결빙,맑음,단일로 - 기타,승용,여,39세,상해없음,보행자,남,23세,경상
2016012000100025,2016년 1월 20일 02시,수요일,충청북도 청주시 흥덕구 봉명동,경상사고,0,0,6,0,차대차 - 정면충돌,안전운전불이행,건조,맑음,교차로 - 교차로안,승용,남,33세,상해없음,승용,남,52세,경상
2016012000100055,2016년 1월 20일 06시,수요일,충청북도 청주시 서원구 성화동,경상사고,0,0,2,0,차대차 - 정면충돌,안전운전불이행,결빙,흐림,교차로 - 교차로부근,화물,남,24세,상해없음,승용,남,65세,경상
2016012000100096,2016년 1월 20일 08시,수요일,충청북도 청주시 청원구 내덕동,경상사고,0,0,1,0,차대차 - 측면충돌,교차로운행방법위반,습기,흐림,교차로 - 교차로안,승용,남,64세,상해없음,승용,남,50세,경상
2016012000100097,2016년 1월 20일 08시,수요일,충청북도 청주시 흥덕구 오송읍,경상사고,0,0,1,0,차대차 - 정면충돌,안전운전불이행,결빙,눈,기타 - 기타,승용,남,31세,상해없음,승용,남,35세,상해없음
2016012000100129,2016년 1월 20일 09시,수요일,충청북도 청주시 청원구 율량동,사망사고,1,0,4,0,차대차 - 추돌,안전운전불이행,습기,맑음,교차로 - 교차로부근,화물,남,67세,사망,화물,남,56세,경상
2016012000100130,2016년 1월 20일 09시,수요일,충청북도 청주시 상당구 가덕면,경상사고,0,0,2,0,차대차 - 추돌,안전운전불이행,적설,맑음,교차로 - 교차로안,승용,여,47세,경상,승용,여,40세,경상
2016012000100159,2016년 1월 20일 10시,수요일,충청북도 청주시 상당구 북문로3가동,경상사고,0,0,1,0,차대사람 - 기타,안전운전불이행,습기,흐림,단일로 - 기타,승합,남,54세,기타불명,보행자,남,81세,경상
2016012000100160,2016년 1월 20일 10시,수요일,충청북도 진천군 진천읍,경상사고,0,0,1,0,차대차 - 기타,중앙선침범,건조,흐림,단일로 - 기타,승용,남,72세,상해없음,화물,남,66세,경상
2016012000100161,2016년 1월 20일 10시,수요일,충청북도 청주시 흥덕구 옥산면,경상사고,0,0,1,0,차대차 - 측면직각충돌,교차로운행방법위반,습기,맑음,교차로 - 교차로안,특수,남,40세,상해없음,승용,남,35세,경상
2016012000100186,2016년 1월 20일 11시,수요일,충청북도 청주시 흥덕구 봉명동,경상사고,0,0,1,0,차대차 - 정면충돌,중앙선침범,건조,맑음,교차로 - 교차로부근,승용,남,36세,상해없음,이륜,남,49세,경상
2016012000100212,2016년 1월 20일 12시,수요일,충청북도 충주시 엄정면,경상사고,0,0,1,0,차대차 - 기타,직진우회전진행방해,건조,맑음,교차로 - 교차로안,승용,남,77세,상해없음,승용,남,56세,상해없음
2016012000100232,2016년 1월 20일 13시,수요일,충청북도 제천시 봉양읍,중상사고,0,1,1,0,차대차 - 추돌,안전거리미확보,건조,맑음,단일로 - 기타,원동기,남,75세,경상,승용,남,35세,상해없음
2016012000100254,2016년 1월 20일 14시,수요일,충청북도 제천시 청전동,중상사고,0,1,0,0,차대사람 - 횡단중,보행자보호의무위반,건조,맑음,교차로 - 교차로부근,승용,남,57세,상해없음,보행자,여,72세,중상
2016012000100281,2016년 1월 20일 15시,수요일,충청북도 제천시 청전동,중상사고,0,1,0,0,차대사람 - 횡단중,보행자보호의무위반,건조,맑음,단일로 - 횡단보도상,승용,남,24세,상해없음,보행자,여,35세,중상
2016012000100282,2016년 1월 20일 15시,수요일,충청북도 청주시 흥덕구 가경동,중상사고,0,1,0,0,차대차 - 측면충돌,안전운전불이행,습기,맑음,교차로 - 교차로안,화물,남,54세,상해없음,승용,남,45세,중상
2016012000100327,2016년 1월 20일 16시,수요일,충청북도 충주시 대소원면,경상사고,0,0,1,0,차대차 - 정면충돌,신호위반,건조,맑음,교차로 - 교차로안,승합,남,61세,상해없음,화물,남,33세,경상
2016012000100328,2016년 1월 20일 16시,수요일,충청북도 충주시 칠금동,경상사고,0,0,2,1,차대차 - 측면충돌,안전운전불이행,건조,맑음,단일로 - 기타,이륜,남,26세,부상신고,승용,남,42세,경상
2016012000100351,2016년 1월 20일 17시,수요일,충청북도 제천시 중앙로2가,중상사고,0,1,1,0,차대차 - 추돌,안전거리미확보,건조,맑음,기타 - 기타,승용,여,44세,상해없음,승용,여,54세,중상
2016012000100394,2016년 1월 20일 18시,수요일,충청북도 청주시 청원구 오창읍,경상사고,0,0,1,0,차대차 - 기타,직진우회전진행방해,건조,맑음,교차로 - 교차로안,승합,남,51세,상해없음,승용,여,42세,경상
2016012000100508,2016년 1월 20일 21시,수요일,충청북도 충주시 금릉동,중상사고,0,1,0,0,차대사람 - 횡단중,안전운전불이행,건조,맑음,단일로 - 기타,승용,남,41세,상해없음,보행자,남,34세,중상
2016012000100509,2016년 1월 20일 21시,수요일,충청북도 청주시 서원구 미평동,중상사고,0,2,1,0,차대차 - 정면충돌,신호위반,건조,맑음,교차로 - 교차로안,승용,여,47세,경상,승용,남,54세,중상
2016012000100539,2016년 1월 20일 22시,수요일,충청북도 청주시 청원구 외하동,경상사고,0,0,1,0,차대차 - 추돌,안전운전불이행,건조,맑음,단일로 - 기타,승용,남,40세,상해없음,승용,여,44세,경상
2016012000100566,2016년 1월 20일 23시,수요일,충청북도 청주시 상당구 평촌동,경상사고,0,0,1,0,차대차 - 추돌,안전운전불이행,건조,맑음,단일로 - 기타,승용,남,31세,상해없음,승용,남,43세,경상
2016012100100024,2016년 1월 21일 01시,목요일,충청북도 청주시 청원구 오창읍,중상사고,0,1,0,0,차대차 - 기타,신호위반,건조,맑음,교차로 - 교차로안,승용,여,50세,중상,화물,남,57세,상해없음
2016012100100050,2016년 1월 21일 03시,목요일,충청북도 충주시 금릉동,경상사고,0,0,2,0,차대차 - 정면충돌,중앙선침범,건조,맑음,단일로 - 기타,승용,남,27세,상해없음,승용,남,56세,경상
2016012100100051,2016년 1월 21일 03시,목요일,충청북도 충주시 대소원면,중상사고,0,1,0,0,차량단독 - 전도전복,안전운전불이행,건조,맑음,미분류 - 미분류,승용,남,67세,중상,,,,
2016012100100052,2016년 1월 21일 03시,목요일,충청북도 진천군 진천읍,경상사고,0,0,1,0,차량단독 - 전도전복,안전운전불이행,건조,맑음,단일로 - 기타,승용,남,24세,경상,,,,
2016012100100184,2016년 1월 21일 11시,목요일,충청북도 청주시 청원구 내덕동,경상사고,0,0,3,0,차대차 - 기타,안전운전불이행,건조,맑음,단일로 - 기타,승용,여,49세,상해없음,승용,여,36세,경상
2016012100100185,2016년 1월 21일 11시,목요일,충청북도 청주시 청원구 율량동,경상사고,0,0,1,0,차대차 - 측면충돌,신호위반,건조,맑음,교차로 - 교차로안,승용,남,47세,상해없음,승용,여,59세,경상
2016012100100186,2016년 1월 21일 11시,목요일,충청북도 청주시 청원구 오창읍,경상사고,0,0,2,0,차대차 - 정면충돌,직진우회전진행방해,건조,맑음,교차로 - 교차로안,승용,남,57세,경상,승용,남,51세,경상
2016012100100187,2016년 1월 21일 11시,목요일,충청북도 청주시 흥덕구 서촌동,경상사고,0,0,1,0,차대차 - 정면충돌,안전운전불이행,습기,맑음,단일로 - 기타,건설기계,남,61세,기타불명,승용,남,42세,경상
2016012100100206,2016년 1월 21일 12시,목요일,충청북도 제천시 교동,경상사고,0,0,1,0,차대차 - 추돌,안전운전불이행,건조,흐림,기타 - 기타,화물,남,70세,상해없음,원동기,남,74세,경상
2016012100100226,2016년 1월 21일 13시,목요일,충청북도 단양군 대강면,경상사고,0,0,1,1,차대차 - 측면직각충돌,안전운전불이행,건조,맑음,단일로 - 기타,승용,남,21세,부상신고,화물,남,42세,경상
2016012100100227,2016년 1월 21일 13시,목요일,충청북도 제천시 고명동,경상사고,0,0,3,0,차대차 - 추돌,안전운전불이행,건조,맑음,교차로 - 교차로안,승용,남,49세,상해없음,승용,남,56세,경상
2016012100100228,2016년 1월 21일 13시,목요일,충청북도 제천시 송학면,경상사고,0,0,2,0,차대차 - 추돌,직진우회전진행방해,건조,맑음,교차로 - 교차로안,화물,남,69세,경상,승용,남,76세,경상
2016012100100229,2016년 1월 21일 13시,목요일,충청북도 음성군 감곡면,경상사고,0,0,1,1,차대차 - 측면직각충돌,교차로운행방법위반,건조,맑음,교차로 - 교차로안,화물,남,56세,부상신고,승용,여,52세,경상
2016012100100265,2016년 1월 21일 14시,목요일,충청북도 청주시 청원구 오창읍,중상사고,0,1,0,0,차대차 - 정면충돌,안전운전불이행,건조,맑음,단일로 - 기타,화물,여,57세,기타불명,원동기,남,78세,중상
2016012100100315,2016년 1월 21일 16시,목요일,충청북도 청주시 상당구 낭성면,경상사고,0,0,2,0,차대차 - 정면충돌,안전운전불이행,적설,맑음,단일로 - 기타,화물,남,53세,경상,화물,남,61세,경상
2016012100100370,2016년 1월 21일 18시,목요일,충청북도 충주시 연수동,경상사고,0,0,2,0,차대차 - 측면충돌,안전운전불이행,건조,맑음,교차로 - 교차로안,승용,여,39세,상해없음,승용,남,19세,경상
2016012100100371,2016년 1월 21일 18시,목요일,충청북도 제천시 금성면,경상사고,0,0,1,0,차대차 - 추돌,안전운전불이행,건조,기타,교차로 - 교차로안,화물,남,52세,기타불명,승용,남,48세,경상
2016012100100372,2016년 1월 21일 18시,목요일,충청북도 영동군 영동읍,중상사고,0,1,0,0,차대사람 - 횡단중,안전운전불이행,건조,맑음,단일로 - 기타,승용,남,51세,기타불명,보행자,남,35세,중상
2016012100100450,2016년 1월 21일 20시,목요일,충청북도 청주시 청원구 내수읍,경상사고,0,0,2,0,차대차 - 측면충돌,교차로운행방법위반,건조,맑음,교차로 - 교차로안,승용,여,25세,경상,화물,남,60세,경상
2016012100100451,2016년 1월 21일 20시,목요일,충청북도 청주시 상당구 석교동,중상사고,0,1,0,0,차대사람 - 횡단중,신호위반,건조,흐림,교차로 - 교차로안,승용,남,43세,상해없음,보행자,여,74세,중상
2016012100100513,2016년 1월 21일 22시,목요일,충청북도 청주시 흥덕구 강내면,경상사고,0,0,1,0,차대사람 - 기타,안전운전불이행,결빙,맑음,교차로 - 교차로부근,승용,여,41세,상해없음,보행자,남,24세,경상
2016012200100039,2016년 1월 22일 02시,금요일,충청북도 청주시 서원구 사창동,경상사고,0,0,2,0,차대차 - 추돌,안전운전불이행,건조,맑음,단일로 - 기타,승용,남,24세,상해없음,승용,여,26세,경상
2016012200100052,2016년 1월 22일 04시,금요일,충청북도 청주시 흥덕구 가경동,경상사고,0,0,1,0,차대사람 - 횡단중,안전운전불이행,결빙,맑음,교차로 - 교차로안,승용,남,45세,상해없음,보행자,남,67세,경상
2016012200100131,2016년 1월 22일 08시,금요일,충청북도 청주시 청원구 우암동,중상사고,0,1,1,0,차대차 - 기타,신호위반,건조,맑음,교차로 - 교차로안,승용,여,60세,상해없음,승용,남,72세,중상
2016012200100132,2016년 1월 22일 08시,금요일,충청북도 옥천군 옥천읍,경상사고,0,0,1,0,차대차 - 측면충돌,신호위반,건조,맑음,교차로 - 교차로안,화물,남,27세,상해없음,승용,남,41세,경상
2016012200100133,2016년 1월 22일 08시,금요일,충청북도 청주시 흥덕구 외북동,중상사고,0,2,0,0,차량단독 - 전도전복,안전운전불이행,결빙,맑음,단일로 - 기타,승용,남,19세,중상,,,,
2016012200100164,2016년 1월 22일 09시,금요일,충청북도 청주시 청원구 오창읍,경상사고,0,0,1,0,차대차 - 기타,안전운전불이행,건조,맑음,단일로 - 기타,화물,남,53세,상해없음,승용,남,64세,경상
2016012200100165,2016년 1월 22일 09시,금요일,충청북도 청주시 흥덕구 강내면,중상사고,0,1,3,0,차대차 - 측면충돌,안전거리미확보,건조,맑음,단일로 - 기타,이륜,남,33세,중상,승용,남,32세,경상
2016012200100218,2016년 1월 22일 11시,금요일,충청북도 증평군 도안면,경상사고,0,0,1,0,차대차 - 추돌,차로위반,건조,맑음,교차로 - 교차로부근,건설기계,남,69세,상해없음,화물,남,22세,경상
2016012200100243,2016년 1월 22일 12시,금요일,충청북도 충주시 칠금동,경상사고,0,0,3,0,차대차 - 측면충돌,직진우회전진행방해,건조,맑음,교차로 - 교차로부근,승용,남,55세,경상,승합,남,56세,경상
2016012200100244,2016년 1월 22일 12시,금요일,충청북도 보은군 삼승면,중상사고,0,1,0,0,차대사람 - 기타,안전운전불이행,건조,맑음,단일로 - 기타,기타불명,여,62세,상해없음,보행자,여,84세,중상
2016012200100245,2016년 1월 22일 12시,금요일,충청북도 음성군 금왕읍,경상사고,0,0,1,0,차대차 - 추돌,안전운전불이행,건조,맑음,단일로 - 기타,승용,남,47세,상해없음,승용,여,59세,경상
2016012200100246,2016년 1월 22일 12시,금요일,충청북도 청주시 상당구 석교동,경상사고,0,0,1,0,차대사람 - 횡단중,안전운전불이행,건조,맑음,단일로 - 기타,기타불명,기타불명,기타불명,기타불명,보행자,남,49세,경상
2016012200100268,2016년 1월 22일 13시,금요일,충청북도 청주시 흥덕구 봉명동,경상사고,0,0,1,0,차대사람 - 횡단중,보행자보호의무위반,건조,맑음,교차로 - 교차로안,승용,남,55세,상해없음,보행자,여,55세,경상
2016012200100303,2016년 1월 22일 14시,금요일,충청북도 청주시 서원구 수곡동,중상사고,0,1,0,0,차대차 - 정면충돌,교차로운행방법위반,건조,맑음,교차로 - 교차로안,승용,여,36세,상해없음,이륜,남,40세,중상
2016012200100333,2016년 1월 22일 15시,금요일,충청북도 제천시 청전동,경상사고,0,0,1,0,차대차 - 추돌,신호위반,건조,흐림,교차로 - 교차로안,승용,여,38세,상해없음,승용,여,59세,경상
2016012200100334,2016년 1월 22일 15시,금요일,충청북도 청주시 상당구 문화동,중상사고,0,1,0,0,차대차 - 측면충돌,안전운전불이행,건조,맑음,단일로 - 기타,승합,남,54세,상해없음,승용,여,60세,중상
2016012200100365,2016년 1월 22일 16시,금요일,충청북도 진천군 진천읍,경상사고,0,0,2,0,차대차 - 측면충돌,신호위반,건조,맑음,교차로 - 교차로안,승용,여,44세,상해없음,승용,남,65세,경상
2016012200100394,2016년 1월 22일 17시,금요일,충청북도 청주시 흥덕구 봉명동,경상사고,0,0,1,0,차대차 - 정면충돌,교차로운행방법위반,건조,흐림,교차로 - 교차로안,승용,남,54세,상해없음,이륜,남,18세,경상
2016012200100437,2016년 1월 22일 18시,금요일,충청북도 제천시 하소동,경상사고,0,0,1,0,차대차 - 추돌,기타,건조,맑음,교차로 - 교차로안,이륜,남,77세,경상,승용,여,44세,상해없음
2016012200100438,2016년 1월 22일 18시,금요일,충청북도 괴산군 청천면,경상사고,0,0,1,0,차대차 - 측면충돌,직진우회전진행방해,건조,맑음,교차로 - 교차로안,승용,여,34세,상해없음,승합,여,59세,경상
2016012200100439,2016년 1월 22일 18시,금요일,충청북도 청주시 상당구 금천동,중상사고,0,1,0,0,차대차 - 추돌,안전운전불이행,건조,맑음,교차로 - 교차로안,승용,남,57세,상해없음,승용,여,30세,중상
2016012200100484,2016년 1월 22일 19시,금요일,충청북도 충주시 교현동,중상사고,0,1,0,0,차대차 - 측면충돌,안전운전불이행,건조,맑음,단일로 - 기타,원동기,남,16세,중상,승용,남,43세,상해없음
2016012200100485,2016년 1월 22일 19시,금요일,충청북도 제천시 강제동,중상사고,0,1,0,0,차대사람 - 횡단중,안전운전불이행,건조,맑음,단일로 - 기타,승용,남,77세,상해없음,보행자,남,70세,중상
2016012200100513,2016년 1월 22일 20시,금요일,충청북도 충주시 봉방동,중상사고,0,1,0,0,차대사람 - 기타,안전운전불이행,건조,맑음,단일로 - 기타,승합,남,62세,상해없음,보행자,남,66세,중상
2016012200100544,2016년 1월 22일 21시,금요일,충청북도 청주시 청원구 내덕동,부상신고사고,0,0,0,2,차대차 - 측면직각충돌,중앙선침범,건조,맑음,교차로 - 교차로부근,기타불명,기타불명,기타불명,기타불명,승용,여,37세,부상신고
2016012200100545,2016년 1월 22일 21시,금요일,충청북도 진천군 진천읍,경상사고,0,0,1,0,차량단독 - 전도전복,안전운전불이행,건조,맑음,단일로 - 기타,화물,남,47세,경상,,,,
2016012200100611,2016년 1월 22일 23시,금요일,충청북도 충주시 성서동,경상사고,0,0,1,0,차대차 - 정면충돌,안전운전불이행,건조,맑음,교차로 - 교차로부근,승용,남,45세,상해없음,이륜,남,20세,경상
2016012300100021,2016년 1월 23일 00시,토요일,충청북도 청주시 흥덕구 봉명동,중상사고,0,1,0,0,차대사람 - 기타,안전운전불이행,건조,맑음,단일로 - 기타,승용,남,34세,상해없음,보행자,남,32세,중상
2016012300100146,2016년 1월 23일 10시,토요일,충청북도 청주시 청원구 율량동,중상사고,0,1,1,0,차대차 - 측면충돌,신호위반,건조,맑음,교차로 - 교차로안,승용,남,35세,경상,승용,여,37세,상해없음
2016012300100173,2016년 1월 23일 11시,토요일,충청북도 청주시 청원구 오창읍,경상사고,0,0,2,0,차대차 - 기타,신호위반,건조,맑음,교차로 - 교차로안,승용,남,37세,경상,승용,남,34세,경상
2016012300100195,2016년 1월 23일 12시,토요일,충청북도 충주시 목행동,경상사고,0,0,2,0,차대차 - 측면충돌,안전거리미확보,건조,맑음,미분류 - 미분류,승용,남,38세,상해없음,승용,남,44세,경상
2016012300100196,2016년 1월 23일 12시,토요일,충청북도 제천시 청전동,경상사고,0,0,2,0,차대차 - 측면충돌,직진우회전진행방해,건조,맑음,교차로 - 교차로부근,원동기,남,39세,경상,승용,여,43세,경상
2016012300100251,2016년 1월 23일 14시,토요일,충청북도 영동군 양산면,중상사고,0,2,1,0,차대차 - 정면충돌,직진우회전진행방해,건조,맑음,교차로 - 교차로안,화물,남,55세,중상,화물,남,33세,중상
2016012300100287,2016년 1월 23일 15시,토요일,충청북도 제천시 서부동,중상사고,0,1,0,0,차량단독 - 기타,안전운전불이행,건조,맑음,교차로 - 교차로부근,승합,남,46세,상해없음,,,,
2016012300100288,2016년 1월 23일 15시,토요일,충청북도 청주시 상당구 석교동,중상사고,0,1,0,0,차량단독 - 기타,안전운전불이행,건조,맑음,단일로 - 기타,승합,남,53세,기타불명,,,,
2016012300100336,2016년 1월 23일 17시,토요일,충청북도 청주시 청원구 우암동,중상사고,0,1,0,0,차대차 - 측면충돌,신호위반,건조,맑음,교차로 - 교차로안,자전거,남,74세,중상,승용,남,64세,상해없음
2016012300100371,2016년 1월 23일 18시,토요일,충청북도 진천군 진천읍,중상사고,0,1,1,0,차대차 - 추돌,안전운전불이행,건조,맑음,교차로 - 교차로부근,승용,남,35세,상해없음,승용,여,39세,중상
2016012300100456,2016년 1월 23일 21시,토요일,충청북도 청주시 서원구 사창동,중상사고,0,1,0,0,차대차 - 측면충돌,신호위반,습기,흐림,교차로 - 교차로부근,승용,남,36세,상해없음,승용,남,60세,상해없음
2016012300100457,2016년 1월 23일 21시,토요일,충청북도 청주시 흥덕구 복대동,중상사고,0,1,0,0,차대사람 - 횡단중,안전운전불이행,적설,눈,교차로 - 교차로부근,승용,여,61세,상해없음,보행자,여,51세,중상
2016012400100014,2016년 1월 24일 00시,일요일,충청북도 제천시 신동,경상사고,0,0,1,1,차대차 - 추돌,안전운전불이행,습기,맑음,기타 - 기타,승용,남,21세,부상신고,승용,남,56세,경상
2016012400100015,2016년 1월 24일 00시,일요일,충청북도 청주시 흥덕구 봉명동,중상사고,0,1,0,0,차대차 - 정면충돌,안전운전불이행,적설,맑음,단일로 - 기타,승용,남,21세,상해없음,승용,남,65세,기타불명
2016012400100060,2016년 1월 24일 04시,일요일,충청북도 충주시 교현동,중상사고,0,1,0,0,차대차 - 측면충돌,신호위반,건조,맑음,교차로 - 교차로안,승용,남,27세,상해없음,승용,여,53세,중상
2016012400100116,2016년 1월 24일 10시,일요일,충청북도 충주시 산척면,중상사고,0,1,0,0,차대차 - 정면충돌,직진우회전진행방해,건조,맑음,교차로 - 교차로안,화물,남,55세,상해없음,이륜,남,76세,중상
2016012400100151,2016년 1월 24일 12시,일요일,충청북도 청주시 청원구 오창읍,중상사고,0,1,5,0,차대차 - 측면충돌,교차로운행방법위반,건조,맑음,교차로 - 교차로안,승용,여,30세,중상,승용,남,29세,경상
2016012400100174,2016년 1월 24일 13시,일요일,충청북도 충주시 용산동,경상사고,0,0,2,0,차대차 - 측면충돌,직진우회전진행방해,건조,맑음,교차로 - 교차로안,승용,남,72세,상해없음,승용,여,52세,경상
2016012400100201,2016년 1월 24일 14시,일요일,충청북도 충주시 봉방동,경상사고,0,0,2,0,차대차 - 측면충돌,신호위반,건조,맑음,교차로 - 교차로안,화물,남,59세,기타불명,화물,여,47세,경상
2016012400100202,2016년 1월 24일 14시,일요일,충청북도 옥천군 옥천읍,경상사고,0,0,1,0,차대사람 - 횡단중,안전운전불이행,습기,눈,교차로 - 교차로안,승용,여,44세,상해없음,보행자,남,18세,경상
2016012400100203,2016년 1월 24일 14시,일요일,충청북도 청주시 서원구 성화동,중상사고,0,1,0,0,차량단독 - 공작물충돌,안전운전불이행,적설,눈,단일로 - 기타,승합,남,54세,상해없음,,,,
2016012400100204,2016년 1월 24일 14시,일요일,충청북도 청주시 흥덕구 복대동,경상사고,0,0,1,0,차대차 - 정면충돌,안전운전불이행,건조,맑음,교차로 - 교차로부근,기타불명,기타불명,기타불명,기타불명,승용,남,55세,경상
2016012400100253,2016년 1월 24일 16시,일요일,충청북도 청주시 서원구 산남동,경상사고,0,0,3,0,차대차 - 추돌,안전운전불이행,건조,맑음,교차로 - 교차로안,승용,남,53세,상해없음,승용,여,58세,경상
2016012400100254,2016년 1월 24일 16시,일요일,충청북도 청주시 흥덕구 석소동,경상사고,0,0,3,0,차대차 - 정면충돌,안전거리미확보,습기,맑음,단일로 - 기타,승용,남,25세,상해없음,승용,남,38세,경상
2016012400100276,2016년 1월 24일 17시,일요일,충청북도 청주시 청원구 사천동,경상사고,0,0,1,0,차량단독 - 공작물충돌,기타,건조,맑음,단일로 - 기타,승용,남,54세,상해없음,,,,
2016012400100300,2016년 1월 24일 18시,일요일,충청북도 제천시 강제동,중상사고,0,1,0,0,차대사람 - 횡단중,안전운전불이행,건조,맑음,교차로 - 교차로안,승용,남,60세,상해없음,보행자,여,49세,중상
2016012400100326,2016년 1월 24일 19시,일요일,충청북도 청주시 서원구 남이면,중상사고,0,1,0,0,차대사람 - 횡단중,신호위반,적설,눈,단일로 - 횡단보도상,승용,남,75세,상해없음,보행자,여,24세,중상
2016012400100354,2016년 1월 24일 20시,일요일,충청북도 청주시 서원구 사직동,경상사고,0,0,2,0,차대차 - 정면충돌,신호위반,습기,흐림,교차로 - 교차로안,승용,여,45세,경상,승용,남,37세,경상
2016012400100355,2016년 1월 24일 20시,일요일,충청북도 보은군 회인면,중상사고,0,1,1,0,차대차 - 추돌,안전운전불이행,결빙,흐림,단일로 - 기타,승용,남,24세,상해없음,승용,남,32세,경상
2016012500100014,2016년 1월 25일 01시,월요일,충청북도 청주시 청원구 내덕동,경상사고,0,0,5,0,차대차 - 측면충돌,신호위반,건조,맑음,교차로 - 교차로안,승용,남,28세,경상,승용,남,19세,경상