사고번호,사고일시,요일,시군구,사고내용,사망자수,중상자수,경상자수,부상신고자수,사고유형,법규위반,노면상태,기상상태,도로형태,가해운전자 차종,가해운전자 성별,가해운전자 연령,가해운전자 상해정도,피해운전자 차종,피해운전자 성별,피해운전자 연령,피해운전자 상해정도
2016012500100041,2016년 1월 25일 06시,월요일,충청북도 청주시 흥덕구 운천동,중상사고,0,1,0,0,차대사람 - 차도통행중,교차로운행방법위반,건조,맑음,교차로 - 교차로안,승용,남,37세,상해없음,보행자,남,62세,중상
2016012500100059,2016년 1월 25일 07시,월요일,충청북도 충주시 문화동,중상사고,0,1,0,0,차대사람 - 횡단중,안전운전불이행,건조,맑음,교차로 - 교차로안,화물,남,57세,상해없음,보행자,여,59세,중상
2016012500100060,2016년 1월 25일 07시,월요일,충청북도 제천시 신월동,중상사고,0,1,0,0,차대차 - 추돌,신호위반,건조,맑음,교차로 - 교차로안,승용,남,32세,상해없음,승용,남,33세,중상
2016012500100099,2016년 1월 25일 08시,월요일,충청북도 충주시 중앙탑면,경상사고,0,0,1,0,차대차 - 추돌,안전운전불이행,기타,맑음,단일로 - 기타,화물,남,36세,상해없음,화물,남,62세,경상
2016012500100126,2016년 1월 25일 09시,월요일,충청북도 진천군 덕산면,중상사고,0,2,0,0,차대차 - 측면직각충돌,신호위반,건조,맑음,교차로 - 교차로안,화물,남,55세,상해없음,원동기,남,79세,중상
2016012500100127,2016년 1월 25일 09시,월요일,충청북도 청주시 흥덕구 석곡동,경상사고,0,0,3,0,차대차 - 기타,안전운전불이행,건조,맑음,단일로 - 기타,화물,남,54세,상해없음,승용,여,36세,경상
2016012500100128,2016년 1월 25일 09시,월요일,충청북도 청주시 상당구 용암동,경상사고,0,0,1,0,차대차 - 추돌,안전운전불이행,건조,맑음,단일로 - 기타,승용,남,64세,상해없음,승용,남,62세,상해없음
2016012500100155,2016년 1월 25일 10시,월요일,충청북도 청주시 상당구 용담동,부상신고사고,0,0,0,1,차대차 - 정면충돌,교차로운행방법위반,건조,맑음,교차로 - 교차로안,승용,남,19세,부상신고,승용,남,39세,상해없음
2016012500100177,2016년 1월 25일 11시,월요일,충청북도 청주시 상당구 금천동,경상사고,0,0,2,0,차대차 - 기타,신호위반,건조,맑음,교차로 - 교차로안,승용,남,64세,상해없음,승용,여,40세,경상
2016012500100216,2016년 1월 25일 12시,월요일,충청북도 청주시 서원구 사창동,경상사고,0,0,1,0,차대차 - 측면직각충돌,신호위반,건조,맑음,교차로 - 교차로안,승용,여,65세,상해없음,이륜,남,16세,경상
2016012500100242,2016년 1월 25일 13시,월요일,충청북도 충주시 동량면,경상사고,0,0,2,0,차대차 - 기타,안전운전불이행,건조,맑음,단일로 - 기타,원동기,남,77세,경상,승용,여,52세,경상
2016012500100270,2016년 1월 25일 14시,월요일,충청북도 충주시 봉방동,중상사고,0,1,1,0,차대차 - 정면충돌,신호위반,건조,맑음,교차로 - 교차로안,승용,여,51세,경상,화물,남,49세,중상
2016012500100271,2016년 1월 25일 14시,월요일,충청북도 제천시 하소동,경상사고,0,0,1,0,차대차 - 추돌,안전운전불이행,건조,맑음,단일로 - 횡단보도상,승용,남,36세,상해없음,자전거,남,64세,경상
2016012500100272,2016년 1월 25일 14시,월요일,충청북도 청주시 흥덕구 오송읍,중상사고,0,1,3,0,차대차 - 측면직각충돌,신호위반,결빙,맑음,교차로 - 교차로안,승용,남,34세,경상,승용,여,46세,중상
2016012500100310,2016년 1월 25일 15시,월요일,충청북도 괴산군 청천면,경상사고,0,0,1,0,차량단독 - 전도전복,안전운전불이행,건조,맑음,교차로 - 교차로안,화물,남,81세,경상,,,,
2016012500100338,2016년 1월 25일 16시,월요일,충청북도 청주시 서원구 사창동,중상사고,0,1,0,0,차대사람 - 횡단중,안전운전불이행,건조,맑음,단일로 - 기타,승용,남,51세,상해없음,보행자,여,22세,중상
2016012500100339,2016년 1월 25일 16시,월요일,충청북도 청주시 흥덕구 오송읍,경상사고,0,0,1,0,차대차 - 측면직각충돌,교차로운행방법위반,건조,맑음,교차로 - 교차로안,승용,남,44세,기타불명,승용,여,64세,경상
2016012500100365,2016년 1월 25일 17시,월요일,충청북도 청주시 흥덕구 휴암동,경상사고,0,0,1,0,차대차 - 측면직각충돌,신호위반,습기,맑음,교차로 - 교차로안,화물,남,58세,상해없음,화물,남,39세,경상
2016012500100366,2016년 1월 25일 17시,월요일,충청북도 청주시 흥덕구 복대동,경상사고,0,0,1,0,차대사람 - 기타,안전운전불이행,건조,맑음,교차로 - 교차로부근,승용,남,52세,기타불명,보행자,남,10세,경상
2016012500100367,2016년 1월 25일 17시,월요일,충청북도 청주시 흥덕구 오송읍,경상사고,0,0,1,0,차대사람 - 횡단중,신호위반,건조,맑음,단일로 - 횡단보도상,승용,여,53세,상해없음,보행자,남,52세,경상
2016012500100368,2016년 1월 25일 17시,월요일,충청북도 청주시 서원구 모충동,경상사고,0,0,2,0,차대차 - 측면충돌,차로위반,건조,맑음,단일로 - 기타,승용,남,58세,경상,승용,남,27세,경상
2016012500100404,2016년 1월 25일 18시,월요일,충청북도 증평군 증평읍,중상사고,0,1,0,0,차대사람 - 길가장자리구역통행중,안전운전불이행,건조,맑음,교차로 - 교차로안,승용,남,36세,상해없음,보행자,여,71세,중상
2016012500100405,2016년 1월 25일 18시,월요일,충청북도 진천군 문백면,경상사고,0,0,1,0,차대차 - 측면직각충돌,안전운전불이행,습기,맑음,단일로 - 기타,화물,남,55세,상해없음,승용,여,49세,경상
2016012500100406,2016년 1월 25일 18시,월요일,충청북도 청주시 상당구 남일면,중상사고,0,1,0,0,차대사람 - 횡단중,안전운전불이행,습기,맑음,교차로 - 교차로부근,승용,여,48세,상해없음,보행자,여,81세,중상
2016012500100459,2016년 1월 25일 19시,월요일,충청북도 증평군 증평읍,중상사고,0,1,0,0,차대차 - 측면충돌,안전운전불이행,건조,맑음,단일로 - 기타,승용,남,28세,상해없음,원동기,남,15세,중상
2016012500100528,2016년 1월 25일 21시,월요일,충청북도 청주시 청원구 우암동,중상사고,0,1,0,0,차대사람 - 횡단중,안전운전불이행,건조,맑음,교차로 - 교차로부근,승용,여,37세,상해없음,보행자,남,19세,중상
2016012500100529,2016년 1월 25일 21시,월요일,충청북도 청주시 서원구 산남동,중상사고,0,1,0,0,차대사람 - 횡단중,신호위반,습기,흐림,교차로 - 교차로부근,이륜,남,16세,상해없음,보행자,남,42세,중상
2016012500100556,2016년 1월 25일 22시,월요일,충청북도 옥천군 옥천읍,경상사고,0,0,2,0,차대차 - 정면충돌,중앙선침범,건조,맑음,단일로 - 기타,화물,남,58세,상해없음,승용,남,22세,경상
2016012500100583,2016년 1월 25일 23시,월요일,충청북도 청주시 흥덕구 복대동,중상사고,0,1,0,0,차대차 - 추돌,교차로운행방법위반,습기,흐림,교차로 - 교차로안,승용,남,56세,상해없음,이륜,남,53세,중상
2016012500100584,2016년 1월 25일 23시,월요일,충청북도 청주시 흥덕구 복대동,경상사고,0,0,1,0,차대차 - 추돌,안전운전불이행,건조,맑음,교차로 - 교차로부근,승용,남,56세,상해없음,승용,남,47세,경상
2016012500100585,2016년 1월 25일 23시,월요일,충청북도 청주시 상당구 문화동,경상사고,0,0,2,0,차대차 - 측면충돌,안전운전불이행,건조,맑음,교차로 - 교차로부근,승용,남,27세,상해없음,승용,남,46세,경상
2016012600100043,2016년 1월 26일 04시,화요일,충청북도 청주시 흥덕구 봉명동,경상사고,0,0,1,0,차대차 - 기타,중앙선침범,건조,맑음,단일로 - 기타,승용,남,35세,상해없음,승용,남,32세,경상
2016012600100059,2016년 1월 26일 06시,화요일,충청북도 제천시 장락동,경상사고,0,0,1,0,차량단독 - 전도전복,안전운전불이행,건조,맑음,교차로 - 교차로부근,승용,남,24세,상해없음,,,,
2016012600100110,2016년 1월 26일 08시,화요일,충청북도 청주시 청원구 오창읍,부상신고사고,0,0,0,1,차량단독 - 공작물충돌,안전운전불이행,적설,눈,단일로 - 기타,승용,남,31세,부상신고,,,,
2016012600100111,2016년 1월 26일 08시,화요일,충청북도 청주시 서원구 남이면,경상사고,0,0,2,0,차대차 - 측면직각충돌,중앙선침범,습기,흐림,교차로 - 교차로부근,화물,남,62세,상해없음,승용,여,55세,경상
2016012600100135,2016년 1월 26일 09시,화요일,충청북도 청주시 서원구 사직동,경상사고,0,0,1,0,차대사람 - 보도통행중,기타,건조,맑음,단일로 - 기타,승용,여,39세,상해없음,보행자,여,69세,경상
2016012600100136,2016년 1월 26일 09시,화요일,충청북도 청주시 서원구 분평동,중상사고,0,1,0,0,차대사람 - 횡단중,안전운전불이행,건조,맑음,단일로 - 기타,승용,남,42세,상해없음,보행자,여,7세,중상
2016012600100184,2016년 1월 26일 11시,화요일,충청북도 영동군 심천면,경상사고,0,0,1,0,차대차 - 기타,직진우회전진행방해,건조,맑음,교차로 - 교차로안,화물,남,51세,상해없음,승용,여,55세,경상
2016012600100185,2016년 1월 26일 11시,화요일,충청북도 청주시 서원구 개신동,경상사고,0,0,1,0,차대차 - 정면충돌,안전운전불이행,습기,눈,교차로 - 교차로부근,승용,남,24세,상해없음,승용,여,37세,경상
2016012600100186,2016년 1월 26일 11시,화요일,충청북도 청주시 흥덕구 석곡동,경상사고,0,0,1,0,차대차 - 측면직각충돌,중앙선침범,건조,맑음,교차로 - 교차로부근,승용,남,67세,상해없음,승용,남,48세,경상
2016012600100187,2016년 1월 26일 11시,화요일,충청북도 청주시 흥덕구 강서동,중상사고,0,1,1,0,차대차 - 정면충돌,안전운전불이행,건조,맑음,교차로 - 교차로부근,승용,남,54세,중상,승합,남,62세,경상
2016012600100241,2016년 1월 26일 13시,화요일,충청북도 청주시 서원구 현도면,중상사고,0,1,1,0,차대차 - 정면충돌,안전운전불이행,습기,맑음,단일로 - 기타,승용,남,21세,상해없음,승용,남,60세,경상
2016012600100304,2016년 1월 26일 15시,화요일,충청북도 청주시 청원구 사천동,경상사고,0,0,1,0,차대차 - 추돌,안전운전불이행,건조,맑음,교차로 - 교차로안,승합,남,38세,상해없음,화물,남,28세,경상
2016012600100305,2016년 1월 26일 15시,화요일,충청북도 괴산군 청안면,중상사고,0,1,0,0,차대차 - 기타,안전운전불이행,건조,맑음,기타 - 기타,화물,남,58세,상해없음,자전거,남,87세,중상
2016012600100306,2016년 1월 26일 15시,화요일,충청북도 청주시 상당구 서운동,경상사고,0,0,1,0,차대사람 - 횡단중,안전운전불이행,건조,맑음,단일로 - 기타,기타불명,기타불명,기타불명,기타불명,보행자,여,85세,경상
2016012600100344,2016년 1월 26일 16시,화요일,충청북도 청주시 흥덕구 가경동,경상사고,0,0,1,0,차대사람 - 차도통행중,안전운전불이행,습기,맑음,단일로 - 기타,승용,여,42세,상해없음,보행자,남,18세,경상
2016012600100345,2016년 1월 26일 16시,화요일,충청북도 청주시 흥덕구 복대동,경상사고,0,0,4,0,차대차 - 정면충돌,교차로운행방법위반,건조,맑음,교차로 - 교차로안,승용,여,34세,상해없음,승용,남,35세,경상
2016012600100407,2016년 1월 26일 18시,화요일,충청북도 청주시 상당구 수동,경상사고,0,0,1,0,차대차 - 기타,안전운전불이행,건조,맑음,교차로 - 교차로안,승용,남,23세,상해없음,승합,남,50세,상해없음
2016012600100408,2016년 1월 26일 18시,화요일,충청북도 청주시 상당구 용암동,경상사고,0,0,1,0,차대차 - 기타,교차로운행방법위반,건조,맑음,교차로 - 교차로안,승용,남,46세,상해없음,이륜,남,27세,경상
2016012600100460,2016년 1월 26일 19시,화요일,충청북도 제천시 왕암동,경상사고,0,0,1,0,차대차 - 추돌,불법유턴,건조,기타,교차로 - 교차로안,화물,남,52세,상해없음,승용,남,52세,경상
2016012600100490,2016년 1월 26일 20시,화요일,충청북도 옥천군 옥천읍,경상사고,0,0,1,0,차대사람 - 기타,안전운전불이행,건조,맑음,교차로 - 교차로안,승용,여,69세,상해없음,보행자,남,60세,경상
2016012600100516,2016년 1월 26일 21시,화요일,충청북도 청주시 서원구 사창동,경상사고,0,0,1,0,차대차 - 기타,안전운전불이행,건조,맑음,단일로 - 기타,승용,남,46세,상해없음,승용,남,39세,경상
2016012600100517,2016년 1월 26일 21시,화요일,충청북도 음성군 음성읍,중상사고,0,1,0,0,차대사람 - 횡단중,보행자보호의무위반,건조,맑음,단일로 - 횡단보도상,승용,여,53세,상해없음,보행자,남,39세,중상
2016012600100518,2016년 1월 26일 21시,화요일,충청북도 청주시 흥덕구 신봉동,경상사고,0,0,4,0,차대차 - 추돌,안전운전불이행,건조,맑음,교차로 - 교차로부근,승용,남,68세,상해없음,승합,남,53세,경상
2016012600100554,2016년 1월 26일 22시,화요일,충청북도 청주시 서원구 개신동,경상사고,0,0,1,0,차대차 - 정면충돌,안전운전불이행,건조,맑음,교차로 - 교차로부근,승용,남,39세,상해없음,승용,여,27세,경상
2016012600100586,2016년 1월 26일 23시,화요일,충청북도 청주시 흥덕구 봉명동,경상사고,0,0,1,0,차대차 - 정면충돌,안전운전불이행,건조,맑음,교차로 - 교차로부근,화물,남,46세,상해없음,화물,여,55세,경상
2016012700100136,2016년 1월 27일 08시,수요일,충청북도 충주시 목행동,중상사고,0,1,1,0,차대차 - 측면충돌,직진우회전진행방해,건조,맑음,교차로 - 교차로부근,승용,남,70세,경상,승용,남,69세,중상
2016012700100137,2016년 1월 27일 08시,수요일,충청북도 청주시 흥덕구 신봉동,중상사고,0,1,0,0,차대차 - 측면직각충돌,안전운전불이행,건조,맑음,교차로 - 교차로안,승합,여,39세,상해없음,자전거,여,70세,중상
2016012700100138,2016년 1월 27일 08시,수요일,충청북도 청주시 흥덕구 강내면,경상사고,0,0,2,0,차대차 - 정면충돌,안전운전불이행,건조,맑음,교차로 - 교차로부근,승용,남,60세,상해없음,승합,여,41세,경상
2016012700100171,2016년 1월 27일 09시,수요일,충청북도 청주시 청원구 주중동,중상사고,0,1,0,0,차대사람 - 횡단중,보행자보호의무위반,건조,맑음,교차로 - 교차로부근,승용,여,31세,상해없음,보행자,여,66세,중상
2016012700100172,2016년 1월 27일 09시,수요일,충청북도 제천시 중앙로2가,경상사고,0,0,1,0,차대차 - 기타,안전운전불이행,건조,맑음,교차로 - 교차로안,승용,여,49세,상해없음,승용,여,47세,경상
2016012700100196,2016년 1월 27일 10시,수요일,충청북도 청주시 청원구 사천동,경상사고,0,0,2,0,차대차 - 추돌,안전운전불이행,건조,맑음,교차로 - 교차로안,승용,남,34세,상해없음,승용,여,26세,경상
2016012700100238,2016년 1월 27일 12시,수요일,충청북도 청주시 청원구 오창읍,중상사고,0,1,2,0,차대차 - 측면충돌,교차로운행방법위반,건조,맑음,교차로 - 교차로안,승합,남,71세,중상,승용,여,34세,경상
2016012700100239,2016년 1월 27일 12시,수요일,충청북도 청주시 청원구 내수읍,경상사고,0,0,1,0,차대차 - 측면충돌,중앙선침범,습기,맑음,단일로 - 기타,화물,남,49세,상해없음,승용,여,64세,경상
2016012700100240,2016년 1월 27일 12시,수요일,충청북도 충주시 앙성면,중상사고,0,1,2,0,차대차 - 기타,직진우회전진행방해,건조,맑음,교차로 - 교차로부근,승용,남,56세,상해없음,화물,남,43세,경상
2016012700100241,2016년 1월 27일 12시,수요일,충청북도 청주시 상당구 영운동,중상사고,0,1,1,0,차대차 - 정면충돌,안전운전불이행,건조,맑음,교차로 - 교차로부근,이륜,남,59세,경상,승용,여,34세,중상
2016012700100265,2016년 1월 27일 13시,수요일,충청북도 청주시 상당구 수동,중상사고,0,1,0,0,차대사람 - 횡단중,안전운전불이행,건조,맑음,교차로 - 교차로부근,화물,남,41세,상해없음,보행자,여,78세,중상
2016012700100286,2016년 1월 27일 14시,수요일,충청북도 충주시 대소원면,경상사고,0,0,1,0,차대차 - 정면충돌,안전운전불이행,건조,맑음,교차로 - 교차로안,화물,남,69세,상해없음,건설기계,남,43세,상해없음
2016012700100319,2016년 1월 27일 15시,수요일,충청북도 충주시 연수동,경상사고,0,0,1,0,차량단독 - 전도전복,안전운전불이행,건조,맑음,단일로 - 기타,승용,여,37세,상해없음,,,,
2016012700100320,2016년 1월 27일 15시,수요일,충청북도 옥천군 청산면,경상사고,0,0,1,0,차대차 - 측면직각충돌,중앙선침범,건조,맑음,단일로 - 기타,승용,남,77세,상해없음,화물,남,47세,경상
2016012700100356,2016년 1월 27일 16시,수요일,충청북도 증평군 증평읍,경상사고,0,0,1,0,차대차 - 추돌,안전운전불이행,건조,맑음,단일로 - 기타,이륜,남,86세,경상,승용,여,46세,상해없음
2016012700100393,2016년 1월 27일 17시,수요일,충청북도 청주시 서원구 개신동,경상사고,0,0,1,0,차대차 - 측면충돌,직진우회전진행방해,건조,맑음,교차로 - 교차로안,승용,여,61세,상해없음,화물,남,55세,경상
2016012700100394,2016년 1월 27일 17시,수요일,충청북도 옥천군 옥천읍,경상사고,0,0,2,0,차대차 - 측면직각충돌,교차로운행방법위반,건조,맑음,교차로 - 교차로안,이륜,남,17세,경상,승용,남,25세,경상
2016012700100395,2016년 1월 27일 17시,수요일,충청북도 청주시 흥덕구 복대동,경상사고,0,0,1,0,차대차 - 기타,안전운전불이행,건조,맑음,교차로 - 교차로안,승용,남,41세,상해없음,승용,여,60세,경상
2016012700100396,2016년 1월 27일 17시,수요일,충청북도 청주시 서원구 미평동,경상사고,0,0,1,0,차대차 - 정면충돌,안전운전불이행,건조,맑음,단일로 - 기타,승용,남,56세,상해없음,승용,여,33세,경상
2016012700100437,2016년 1월 27일 18시,수요일,충청북도 음성군 금왕읍,경상사고,0,0,1,0,차대차 - 정면충돌,중앙선침범,건조,맑음,단일로 - 기타,화물,남,53세,상해없음,화물,남,72세,경상
2016012700100438,2016년 1월 27일 18시,수요일,충청북도 진천군 광혜원면,경상사고,0,0,1,0,차대사람 - 길가장자리구역통행중,안전운전불이행,건조,맑음,단일로 - 기타,기타불명,남,기타불명,기타불명,보행자,여,82세,경상
2016012700100482,2016년 1월 27일 19시,수요일,충청북도 청주시 서원구 수곡동,경상사고,0,0,1,0,차대차 - 추돌,안전운전불이행,건조,맑음,교차로 - 교차로안,승합,남,41세,상해없음,승용,남,56세,경상
2016012700100530,2016년 1월 27일 20시,수요일,충청북도 청주시 흥덕구 옥산면,경상사고,0,0,1,0,차대차 - 측면직각충돌,신호위반,건조,맑음,교차로 - 교차로안,화물,남,48세,상해없음,승용,여,33세,경상
2016012700100590,2016년 1월 27일 22시,수요일,충청북도 충주시 연수동,경상사고,0,0,1,0,차대차 - 측면충돌,안전운전불이행,건조,맑음,단일로 - 기타,승용,남,41세,상해없음,승용,남,43세,경상
2016012800100035,2016년 1월 28일 01시,목요일,충청북도 청주시 서원구 분평동,중상사고,0,1,2,0,차대차 - 기타,신호위반,건조,맑음,교차로 - 교차로안,승용,남,21세,상해없음,승용,남,49세,중상
2016012800100050,2016년 1월 28일 02시,목요일,충청북도 청주시 흥덕구 복대동,경상사고,0,0,1,0,차대차 - 정면충돌,신호위반,건조,맑음,교차로 - 교차로안,승용,여,54세,상해없음,승용,남,45세,경상
2016012800100100,2016년 1월 28일 06시,목요일,충청북도 청주시 청원구 오창읍,경상사고,0,0,1,0,차량단독 - 전도전복,안전운전불이행,결빙,흐림,교차로 - 교차로부근,승용,남,19세,경상,,,,
2016012800100133,2016년 1월 28일 07시,목요일,충청북도 청주시 청원구 율량동,중상사고,0,1,0,0,차대차 - 기타,안전운전불이행,건조,맑음,단일로 - 기타,승용,남,42세,상해없음,승용,여,53세,중상
2016012800100134,2016년 1월 28일 07시,목요일,충청북도 제천시 동현동,경상사고,0,0,1,0,차대차 - 추돌,신호위반,건조,맑음,교차로 - 교차로안,승용,남,60세,상해없음,승용,남,52세,경상
2016012800100135,2016년 1월 28일 07시,목요일,충청북도 청주시 흥덕구 오송읍,경상사고,0,0,1,0,차대사람 - 횡단중,안전운전불이행,건조,맑음,단일로 - 횡단보도상,화물,남,64세,상해없음,보행자,남,64세,경상
2016012800100136,2016년 1월 28일 07시,목요일,충청북도 청주시 흥덕구 신전동,중상사고,0,3,2,0,차대차 - 정면충돌,교차로운행방법위반,기타,기타,교차로 - 교차로안,승용,남,70세,중상,건설기계,남,54세,경상
2016012800100137,2016년 1월 28일 07시,목요일,충청북도 청주시 흥덕구 정봉동,중상사고,0,3,0,0,차대차 - 추돌,안전운전불이행,습기,흐림,교차로 - 교차로부근,승용,남,46세,상해없음,승용,남,42세,중상
2016012800100173,2016년 1월 28일 08시,목요일,충청북도 청주시 청원구 율량동,경상사고,0,0,1,0,차대차 - 기타,안전운전불이행,습기,흐림,단일로 - 기타,승용,남,29세,상해없음,화물,남,70세,상해없음
2016012800100212,2016년 1월 28일 10시,목요일,충청북도 충주시 주덕읍,경상사고,0,0,1,0,차대차 - 측면충돌,안전운전불이행,건조,맑음,교차로 - 교차로안,건설기계,남,55세,상해없음,이륜,남,86세,경상
2016012800100213,2016년 1월 28일 10시,목요일,충청북도 청주시 흥덕구 오송읍,경상사고,0,0,1,0,차대차 - 측면충돌,차로위반,건조,맑음,단일로 - 기타,화물,남,45세,상해없음,승용,여,38세,경상
2016012800100214,2016년 1월 28일 10시,목요일,충청북도 청주시 서원구 수곡동,경상사고,0,0,1,0,차대차 - 측면충돌,안전운전불이행,건조,맑음,단일로 - 기타,화물,남,25세,상해없음,승용,남,58세,경상
2016012800100215,2016년 1월 28일 10시,목요일,충청북도 청주시 서원구 분평동,경상사고,0,0,1,0,차대차 - 측면충돌,안전운전불이행,건조,맑음,단일로 - 기타,승용,남,60세,상해없음,원동기,남,76세,경상
2016012800100239,2016년 1월 28일 11시,목요일,충청북도 청주시 서원구 사창동,경상사고,0,0,1,0,차대차 - 기타,안전운전불이행,건조,맑음,교차로 - 교차로안,승용,남,77세,상해없음,승용,여,51세,경상
2016012800100268,2016년 1월 28일 12시,목요일,충청북도 청주시 상당구 용암동,경상사고,0,0,2,0,차대차 - 측면충돌,안전운전불이행,건조,맑음,교차로 - 교차로부근,승용,여,54세,상해없음,승용,여,27세,경상
2016012800100296,2016년 1월 28일 13시,목요일,충청북도 청주시 서원구 남이면,중상사고,0,1,0,0,차대차 - 정면충돌,안전운전불이행,건조,맑음,교차로 - 교차로부근,승용,남,73세,상해없음,승용,남,33세,중상
2016012800100326,2016년 1월 28일 14시,목요일,충청북도 진천군 진천읍,경상사고,0,0,1,0,차대차 - 측면충돌,안전운전불이행,건조,맑음,교차로 - 교차로안,승용,여,46세,상해없음,승용,여,33세,경상
2016012800100359,2016년 1월 28일 15시,목요일,충청북도 청주시 흥덕구 봉명동,경상사고,0,0,2,0,차대차 - 정면충돌,안전운전불이행,건조,맑음,교차로 - 교차로안,승용,남,31세,상해없음,이륜,남,24세,경상
2016012800100360,2016년 1월 28일 15시,목요일,충청북도 청주시 흥덕구 지동동,경상사고,0,0,3,0,차대차 - 추돌,안전운전불이행,건조,맑음,교차로 - 교차로부근,승용,남,48세,상해없음,승용,여,36세,경상
2016012800100410,2016년 1월 28일 17시,목요일,충청북도 제천시 화산동,경상사고,0,0,1,0,차대사람 - 횡단중,안전운전불이행,건조,맑음,교차로 - 교차로부근,승용,남,74세,상해없음,보행자,남,55세,경상
2016012800100451,2016년 1월 28일 18시,목요일,충청북도 청주시 청원구 내덕동,경상사고,0,0,1,0,차대차 - 기타,안전운전불이행,습기,흐림,교차로 - 교차로안,승용,남,62세,상해없음,이륜,남,37세,경상
2016012800100452,2016년 1월 28일 18시,목요일,충청북도 충주시 목행동,중상사고,0,1,2,0,차대차 - 측면충돌,신호위반,건조,맑음,교차로 - 교차로안,승용,여,34세,경상,승용,여,50세,중상
2016012800100453,2016년 1월 28일 18시,목요일,충청북도 옥천군 옥천읍,중상사고,0,1,0,0,차대차 - 측면직각충돌,안전운전불이행,건조,맑음,교차로 - 교차로부근,승용,남,43세,상해없음,원동기,여,61세,중상
2016012800100505,2016년 1월 28일 19시,목요일,충청북도 청주시 서원구 개신동,경상사고,0,0,1,0,차대사람 - 횡단중,보행자보호의무위반,건조,맑음,교차로 - 교차로부근,승용,여,54세,상해없음,보행자,여,28세,경상
2016012800100547,2016년 1월 28일 20시,목요일,충청북도 청주시 청원구 오창읍,경상사고,0,0,2,0,차대차 - 측면충돌,직진우회전진행방해,건조,맑음,교차로 - 교차로안,승용,여,43세,경상,승합,남,68세,경상
2016012800100624,2016년 1월 28일 22시,목요일,충청북도 청주시 상당구 영동,중상사고,0,1,0,0,차대사람 - 보도통행중,기타,건조,맑음,단일로 - 기타,이륜,남,64세,상해없음,보행자,여,51세,중상
2016012800100625,2016년 1월 28일 22시,목요일,충청북도 청주시 상당구 영운동,경상사고,0,0,1,0,차대차 - 측면충돌,안전거리미확보,건조,맑음,단일로 - 교량,승용,남,67세,상해없음,승용,남,51세,경상
2016012800100664,2016년 1월 28일 23시,목요일,충청북도 청주시 상당구 수동,경상사고,0,0,1,0,차대차 - 측면충돌,교차로운행방법위반,건조,맑음,교차로 - 교차로안,승용,남,39세,상해없음,승용,남,27세,상해없음
2016012800100665,2016년 1월 28일 23시,목요일,충청북도 청주시 청원구 오창읍,중상사고,0,1,4,0,차대차 - 정면충돌,교차로운행방법위반,습기,눈,교차로 - 교차로안,화물,남,37세,경상,승용,남,42세,경상
2016012900100135,2016년 1월 29일 07시,금요일,충청북도 증평군 증평읍,경상사고,0,0,1,0,차대차 - 측면충돌,신호위반,건조,맑음,교차로 - 교차로안,승용,남,50세,상해없음,승용,남,25세,경상
2016012900100225,2016년 1월 29일 10시,금요일,충청북도 청주시 상당구 수동,중상사고,0,1,0,0,차대차 - 측면충돌,교차로운행방법위반,건조,맑음,교차로 - 교차로안,승용,남,51세,상해없음,승용,남,64세,중상
2016012900100226,2016년 1월 29일 10시,금요일,충청북도 청주시 흥덕구 지동동,중상사고,0,1,1,0,차대차 - 정면충돌,안전거리미확보,건조,맑음,단일로 - 기타,승용,남,25세,상해없음,화물,남,77세,경상
2016012900100227,2016년 1월 29일 10시,금요일,충청북도 청주시 서원구 성화동,중상사고,0,1,0,0,차대차 - 정면충돌,안전운전불이행,건조,맑음,교차로 - 교차로부근,승용,여,34세,기타불명,승용,여,55세,중상
2016012900100247,2016년 1월 29일 11시,금요일,충청북도 충주시 대소원면,중상사고,0,1,0,1,차대차 - 정면충돌,신호위반,건조,맑음,교차로 - 교차로안,승용,남,69세,부상신고,승용,남,40세,중상
2016012900100248,2016년 1월 29일 11시,금요일,충청북도 진천군 진천읍,중상사고,0,1,0,0,차대차 - 측면충돌,신호위반,건조,맑음,교차로 - 교차로안,승용,남,54세,상해없음,승용,여,23세,중상
2016012900100295,2016년 1월 29일 13시,금요일,충청북도 청주시 청원구 주성동,경상사고,0,0,1,0,차대차 - 측면직각충돌,안전거리미확보,건조,맑음,교차로 - 교차로부근,승용,남,30세,상해없음,승용,여,59세,경상
2016012900100296,2016년 1월 29일 13시,금요일,충청북도 청주시 흥덕구 복대동,중상사고,0,2,1,0,차대차 - 정면충돌,안전운전불이행,건조,맑음,기타 - 기타,승용,여,75세,상해없음,승합,여,44세,경상
2016012900100297,2016년 1월 29일 13시,금요일,충청북도 청주시 상당구 석교동,경상사고,0,0,1,0,차대차 - 측면직각충돌,안전운전불이행,건조,맑음,단일로 - 기타,화물,남,74세,상해없음,화물,남,42세,경상
2016012900100298,2016년 1월 29일 13시,금요일,충청북도 청주시 서원구 모충동,경상사고,0,0,1,0,차대차 - 추돌,안전거리미확보,건조,맑음,단일로 - 횡단보도부근,승용,남,51세,상해없음,화물,남,44세,경상
2016012900100408,2016년 1월 29일 17시,금요일,충청북도 청주시 상당구 미원면,중상사고,0,4,2,0,차대차 - 측면충돌,교차로운행방법위반,건조,맑음,교차로 - 교차로안,승용,남,68세,경상,승용,여,51세,중상
2016012900100517,2016년 1월 29일 19시,금요일,충청북도 청주시 흥덕구 가경동,경상사고,0,0,1,0,차대차 - 추돌,안전운전불이행,건조,맑음,교차로 - 교차로부근,승합,남,60세,상해없음,승용,여,55세,경상