사고번호,사고일시,요일,시군구,사고내용,사망자수,중상자수,경상자수,부상신고자수,사고유형,법규위반,노면상태,기상상태,도로형태,가해운전자 차종,가해운전자 성별,가해운전자 연령,가해운전자 상해정도,피해운전자 차종,피해운전자 성별,피해운전자 연령,피해운전자 상해정도
2016012900100518,2016년 1월 29일 19시,금요일,충청북도 청주시 흥덕구 복대동,경상사고,0,0,1,0,차대차 - 기타,안전운전불이행,건조,맑음,교차로 - 교차로부근,승용,남,28세,기타불명,승용,남,23세,경상
2016012900100519,2016년 1월 29일 19시,금요일,충청북도 청주시 상당구 영운동,경상사고,0,0,1,0,차대차 - 측면충돌,신호위반,습기,비,교차로 - 교차로안,승용,여,27세,상해없음,승용,남,57세,경상
2016012900100613,2016년 1월 29일 21시,금요일,충청북도 제천시 금성면,중상사고,0,1,0,0,차대사람 - 횡단중,안전운전불이행,건조,맑음,기타 - 기타,승용,남,53세,상해없음,보행자,여,58세,중상
2016012900100648,2016년 1월 29일 22시,금요일,충청북도 청주시 흥덕구 봉명동,경상사고,0,0,1,0,차대차 - 정면충돌,안전거리미확보,건조,맑음,단일로 - 기타,승용,남,24세,상해없음,승용,여,31세,경상
2016012900100684,2016년 1월 29일 23시,금요일,충청북도 충주시 연수동,경상사고,0,0,1,0,차대사람 - 기타,안전운전불이행,건조,맑음,단일로 - 기타,승용,남,56세,상해없음,보행자,여,35세,경상
2016013000100020,2016년 1월 30일 00시,토요일,충청북도 청주시 청원구 율량동,경상사고,0,0,1,0,차대사람 - 기타,안전운전불이행,건조,맑음,단일로 - 횡단보도상,승용,여,47세,상해없음,보행자,남,48세,경상
2016013000100021,2016년 1월 30일 00시,토요일,충청북도 청주시 서원구 산남동,경상사고,0,0,6,0,차대차 - 정면충돌,중앙선침범,건조,맑음,교차로 - 교차로안,승용,남,44세,상해없음,승용,남,43세,경상
2016013000100084,2016년 1월 30일 02시,토요일,충청북도 청주시 흥덕구 복대동,경상사고,0,0,2,0,차대차 - 정면충돌,안전운전불이행,건조,맑음,교차로 - 교차로안,승용,남,27세,상해없음,승용,남,67세,경상
2016013000100085,2016년 1월 30일 02시,토요일,충청북도 청주시 서원구 분평동,부상신고사고,0,0,0,1,차량단독 - 공작물충돌,안전운전불이행,습기,맑음,단일로 - 기타,승용,남,30세,부상신고,,,,
2016013000100203,2016년 1월 30일 08시,토요일,충청북도 충주시 연수동,중상사고,0,1,0,0,차대사람 - 횡단중,안전운전불이행,건조,맑음,단일로 - 기타,승용,남,29세,상해없음,보행자,여,24세,중상
2016013000100204,2016년 1월 30일 08시,토요일,충청북도 청주시 흥덕구 강서동,중상사고,0,1,0,0,차대사람 - 횡단중,교차로운행방법위반,건조,맑음,교차로 - 교차로안,승용,남,54세,상해없음,보행자,여,78세,중상
2016013000100208,2016년 1월 30일 08시,토요일,충청북도 옥천군 군북면,사망사고,1,2,1,0,차대차 - 추돌,안전운전불이행,건조,맑음,단일로 - 기타,화물,남,47세,상해없음,승용,남,42세,중상
2016013000100242,2016년 1월 30일 09시,토요일,충청북도 증평군 증평읍,중상사고,0,1,0,0,차대사람 - 차도통행중,안전운전불이행,건조,맑음,교차로 - 교차로부근,승용,여,51세,상해없음,보행자,여,80세,중상
2016013000100243,2016년 1월 30일 09시,토요일,충청북도 음성군 맹동면,경상사고,0,0,1,0,차대차 - 기타,교차로운행방법위반,건조,맑음,교차로 - 교차로안,특수,남,43세,상해없음,승용,남,66세,경상
2016013000100265,2016년 1월 30일 10시,토요일,충청북도 충주시 앙성면,사망사고,2,0,1,0,차대차 - 추돌,안전거리미확보,건조,맑음,기타 - 기타,화물,남,45세,상해없음,화물,남,42세,사망
2016013000100314,2016년 1월 30일 12시,토요일,충청북도 충주시 충의동,경상사고,0,0,1,0,차대사람 - 기타,안전운전불이행,건조,맑음,기타 - 기타,승용,남,78세,상해없음,보행자,여,36세,경상
2016013000100315,2016년 1월 30일 12시,토요일,충청북도 청주시 흥덕구 신봉동,경상사고,0,0,2,0,차대차 - 측면직각충돌,차로위반,건조,맑음,교차로 - 교차로부근,승용,여,54세,경상,승용,남,62세,경상
2016013000100370,2016년 1월 30일 14시,토요일,충청북도 음성군 감곡면,중상사고,0,1,1,0,차대차 - 측면충돌,안전운전불이행,건조,맑음,단일로 - 기타,승합,남,51세,상해없음,승용,남,24세,경상
2016013000100371,2016년 1월 30일 14시,토요일,충청북도 청주시 흥덕구 가경동,경상사고,0,0,1,0,차대차 - 측면직각충돌,차로위반,건조,맑음,교차로 - 교차로부근,승용,남,50세,상해없음,이륜,남,17세,경상
2016013000100399,2016년 1월 30일 15시,토요일,충청북도 충주시 안림동,경상사고,0,0,5,0,차대차 - 정면충돌,안전운전불이행,건조,맑음,단일로 - 기타,화물,남,51세,상해없음,승용,여,30세,경상
2016013000100421,2016년 1월 30일 16시,토요일,충청북도 청주시 청원구 율량동,경상사고,0,0,1,0,차대차 - 측면직각충돌,안전운전불이행,건조,맑음,단일로 - 기타,자전거,남,75세,경상,화물,남,45세,상해없음
2016013000100449,2016년 1월 30일 17시,토요일,충청북도 진천군 광혜원면,경상사고,0,0,1,0,차대차 - 측면충돌,교차로운행방법위반,건조,맑음,교차로 - 교차로안,승용,여,48세,상해없음,이륜,남,44세,경상
2016013000100489,2016년 1월 30일 18시,토요일,충청북도 청주시 청원구 주중동,중상사고,0,1,0,0,차대사람 - 횡단중,안전운전불이행,건조,맑음,교차로 - 교차로부근,승용,남,34세,상해없음,보행자,여,62세,중상
2016013000100536,2016년 1월 30일 19시,토요일,충청북도 청주시 상당구 석교동,경상사고,0,0,1,0,차대차 - 추돌,안전운전불이행,건조,맑음,단일로 - 기타,승용,남,45세,상해없음,승합,남,52세,상해없음
2016013000100570,2016년 1월 30일 20시,토요일,충청북도 청주시 상당구 영동,중상사고,0,1,1,0,차대사람 - 횡단중,안전운전불이행,건조,맑음,단일로 - 기타,승용,남,28세,상해없음,보행자,여,17세,경상
2016013000100658,2016년 1월 30일 23시,토요일,충청북도 충주시 호암동,경상사고,0,0,1,0,차대차 - 측면충돌,안전운전불이행,건조,맑음,교차로 - 교차로부근,승용,남,57세,경상,승용,남,43세,상해없음
2016013000100659,2016년 1월 30일 23시,토요일,충청북도 증평군 도안면,경상사고,0,0,1,0,차대차 - 측면충돌,안전운전불이행,건조,맑음,교차로 - 교차로안,승용,남,38세,상해없음,승용,남,57세,경상
2016013000100660,2016년 1월 30일 23시,토요일,충청북도 청주시 서원구 분평동,중상사고,0,1,4,0,차대차 - 추돌,안전운전불이행,건조,맑음,단일로 - 기타,승용,남,58세,상해없음,승용,남,22세,경상
2016013100100151,2016년 1월 31일 09시,일요일,충청북도 제천시 송학면,경상사고,0,0,5,0,차량단독 - 전도전복,안전운전불이행,건조,기타,단일로 - 기타,승용,남,59세,경상,,,,
2016013100100272,2016년 1월 31일 15시,일요일,충청북도 충주시 연수동,중상사고,0,1,0,0,차대사람 - 횡단중,안전운전불이행,건조,맑음,단일로 - 기타,원동기,남,17세,상해없음,보행자,남,56세,중상
2016013100100273,2016년 1월 31일 15시,일요일,충청북도 청주시 상당구 탑동,경상사고,0,0,1,0,차대차 - 기타,안전운전불이행,건조,맑음,단일로 - 기타,승용,남,51세,상해없음,자전거,남,77세,경상
2016013100100274,2016년 1월 31일 15시,일요일,충청북도 청주시 서원구 분평동,경상사고,0,0,2,0,차대차 - 추돌,안전운전불이행,건조,맑음,단일로 - 기타,승용,남,46세,상해없음,승용,여,46세,경상
2016013100100303,2016년 1월 31일 16시,일요일,충청북도 충주시 충인동,중상사고,0,1,0,0,차대차 - 측면충돌,기타,건조,맑음,교차로 - 교차로안,승용,남,46세,상해없음,원동기,남,69세,중상
2016013100100304,2016년 1월 31일 16시,일요일,충청북도 충주시 안림동,경상사고,0,0,3,0,차대차 - 측면충돌,안전거리미확보,건조,맑음,단일로 - 기타,승용,여,51세,상해없음,승용,여,28세,경상
2016013100100305,2016년 1월 31일 16시,일요일,충청북도 옥천군 옥천읍,경상사고,0,0,1,0,차대차 - 측면직각충돌,교차로운행방법위반,건조,맑음,교차로 - 교차로안,원동기,남,52세,경상,승용,여,42세,상해없음
2016013100100306,2016년 1월 31일 16시,일요일,충청북도 청주시 서원구 남이면,경상사고,0,0,1,0,차량단독 - 전도전복,안전운전불이행,건조,맑음,단일로 - 기타,승용,남,77세,경상,,,,
2016013100100327,2016년 1월 31일 17시,일요일,충청북도 청주시 상당구 용암동,경상사고,0,0,2,0,차대차 - 측면충돌,교차로운행방법위반,건조,맑음,교차로 - 교차로안,승용,남,59세,상해없음,승용,남,29세,경상
2016013100100351,2016년 1월 31일 18시,일요일,충청북도 청주시 흥덕구 신봉동,사망사고,1,0,0,0,차대차 - 정면충돌,교차로운행방법위반,건조,맑음,교차로 - 교차로안,화물,남,38세,상해없음,이륜,남,79세,사망
2016013100100385,2016년 1월 31일 19시,일요일,충청북도 청주시 청원구 사천동,경상사고,0,0,4,0,차대차 - 추돌,안전운전불이행,건조,맑음,단일로 - 기타,승용,남,33세,상해없음,승용,남,46세,경상
2016013100100410,2016년 1월 31일 20시,일요일,충청북도 청주시 흥덕구 가경동,중상사고,0,2,0,0,차대차 - 정면충돌,안전운전불이행,건조,맑음,교차로 - 교차로부근,승용,남,26세,상해없음,승용,남,21세,중상
2016013100100411,2016년 1월 31일 20시,일요일,충청북도 청주시 흥덕구 신봉동,중상사고,0,1,0,0,차대사람 - 기타,안전운전불이행,건조,맑음,단일로 - 기타,승용,남,43세,상해없음,보행자,남,59세,중상
2016013100100412,2016년 1월 31일 20시,일요일,충청북도 청주시 흥덕구 봉명동,경상사고,0,0,1,0,차대차 - 정면충돌,안전운전불이행,건조,맑음,교차로 - 교차로부근,승용,남,50세,기타불명,이륜,남,27세,경상
2016013100100436,2016년 1월 31일 21시,일요일,충청북도 청주시 흥덕구 가경동,경상사고,0,0,1,0,차대차 - 정면충돌,안전운전불이행,건조,맑음,단일로 - 기타,승용,남,50세,상해없음,이륜,남,47세,경상
2016013100100458,2016년 1월 31일 22시,일요일,충청북도 충주시 연수동,중상사고,0,1,0,1,차량단독 - 전도전복,안전운전불이행,기타,맑음,단일로 - 기타,승용,남,42세,부상신고,,,,
2016013100100459,2016년 1월 31일 22시,일요일,충청북도 청주시 서원구 분평동,경상사고,0,0,1,0,차대사람 - 횡단중,보행자보호의무위반,건조,맑음,교차로 - 교차로안,기타불명,기타불명,기타불명,기타불명,보행자,남,49세,경상
2016020100100007,2016년 2월 1일 00시,월요일,충청북도 충주시 살미면,중상사고,0,2,1,0,차대차 - 정면충돌,안전거리미확보,습기,맑음,단일로 - 기타,승용,남,41세,상해없음,승용,남,45세,중상
2016020100100016,2016년 2월 1일 01시,월요일,충청북도 청주시 흥덕구 비하동,중상사고,0,1,1,0,차대차 - 추돌,안전운전불이행,건조,맑음,단일로 - 기타,승용,남,31세,상해없음,승용,남,35세,경상
2016020100100055,2016년 2월 1일 06시,월요일,충청북도 청주시 흥덕구 가경동,중상사고,0,1,0,0,차대차 - 측면직각충돌,신호위반,건조,맑음,교차로 - 교차로부근,승용,여,42세,상해없음,자전거,남,58세,중상
2016020100100106,2016년 2월 1일 08시,월요일,충청북도 진천군 초평면,중상사고,0,1,0,0,차량단독 - 공작물충돌,안전운전불이행,건조,맑음,단일로 - 기타,승용,남,50세,중상,,,,
2016020100100143,2016년 2월 1일 09시,월요일,충청북도 청주시 흥덕구 운천동,중상사고,0,1,0,0,차대사람 - 횡단중,보행자보호의무위반,건조,맑음,교차로 - 교차로안,승용,남,62세,상해없음,보행자,여,57세,중상
2016020100100144,2016년 2월 1일 09시,월요일,충청북도 청주시 상당구 금천동,중상사고,0,1,0,0,차대사람 - 횡단중,안전운전불이행,건조,맑음,교차로 - 교차로안,승합,남,34세,상해없음,보행자,남,45세,중상
2016020100100190,2016년 2월 1일 11시,월요일,충청북도 진천군 진천읍,경상사고,0,0,1,0,차대차 - 측면충돌,신호위반,건조,맑음,교차로 - 교차로안,화물,남,61세,상해없음,승용,여,42세,경상
2016020100100227,2016년 2월 1일 12시,월요일,충청북도 청주시 흥덕구 봉명동,경상사고,0,0,1,0,차대차 - 기타,안전운전불이행,건조,맑음,단일로 - 기타,화물,남,69세,상해없음,보행자,남,54세,경상
2016020100100247,2016년 2월 1일 13시,월요일,충청북도 청주시 상당구 미원면,중상사고,0,2,1,0,차대차 - 측면충돌,교차로운행방법위반,건조,맑음,교차로 - 교차로안,승용,여,62세,경상,화물,남,68세,중상
2016020100100279,2016년 2월 1일 14시,월요일,충청북도 옥천군 옥천읍,중상사고,0,1,0,0,차대차 - 기타,안전거리미확보,건조,맑음,단일로 - 기타,자전거,여,70세,중상,승합,남,64세,상해없음
2016020100100313,2016년 2월 1일 15시,월요일,충청북도 충주시 문화동,중상사고,0,1,0,0,차대차 - 측면충돌,안전거리미확보,건조,맑음,단일로 - 기타,승용,남,54세,기타불명,승용,여,35세,중상
2016020100100378,2016년 2월 1일 17시,월요일,충청북도 보은군 탄부면,중상사고,0,1,0,0,차대차 - 추돌,기타,건조,맑음,교차로 - 교차로부근,승용,남,72세,상해없음,승용,여,54세,중상
2016020100100411,2016년 2월 1일 18시,월요일,충청북도 청주시 흥덕구 복대동,중상사고,0,1,0,0,차대사람 - 횡단중,안전운전불이행,건조,맑음,단일로 - 기타,승용,남,40세,상해없음,보행자,여,41세,중상
2016020100100412,2016년 2월 1일 18시,월요일,충청북도 청주시 흥덕구 옥산면,경상사고,0,0,1,0,차대차 - 측면충돌,안전운전불이행,건조,맑음,단일로 - 기타,화물,남,67세,기타불명,승용,남,56세,경상
2016020100100413,2016년 2월 1일 18시,월요일,충청북도 청주시 흥덕구 비하동,경상사고,0,0,1,0,차대사람 - 횡단중,신호위반,건조,맑음,교차로 - 교차로안,기타불명,기타불명,기타불명,기타불명,보행자,여,48세,경상
2016020100100453,2016년 2월 1일 19시,월요일,충청북도 청주시 청원구 북이면,중상사고,0,1,1,0,차대차 - 측면직각충돌,교차로운행방법위반,건조,맑음,교차로 - 교차로안,이륜,남,47세,중상,승용,남,55세,경상
2016020100100454,2016년 2월 1일 19시,월요일,충청북도 충주시 엄정면,부상신고사고,0,0,0,1,차대차 - 기타,중앙선침범,건조,맑음,단일로 - 기타,원동기,남,73세,부상신고,승용,남,56세,기타불명
2016020100100455,2016년 2월 1일 19시,월요일,충청북도 청주시 흥덕구 가경동,사망사고,1,0,0,0,차대사람 - 기타,안전운전불이행,건조,맑음,기타 - 기타,승합,남,51세,상해없음,보행자,남,8세,사망
2016020100100492,2016년 2월 1일 20시,월요일,충청북도 청주시 상당구 서문동,중상사고,0,1,0,0,차대사람 - 횡단중,보행자보호의무위반,건조,맑음,교차로 - 교차로안,승용,남,68세,상해없음,보행자,남,58세,중상
2016020100100549,2016년 2월 1일 22시,월요일,충청북도 음성군 대소면,중상사고,0,1,0,0,차대차 - 정면충돌,안전운전불이행,건조,맑음,교차로 - 교차로안,승용,남,28세,상해없음,승용,여,47세,중상
2016020200100033,2016년 2월 2일 03시,화요일,충청북도 청주시 서원구 사창동,경상사고,0,0,1,0,차대차 - 기타,직진우회전진행방해,건조,맑음,교차로 - 교차로부근,승용,남,22세,상해없음,승용,남,52세,경상
2016020200100034,2016년 2월 2일 03시,화요일,충청북도 음성군 대소면,경상사고,0,0,1,0,차량단독 - 전도전복,안전운전불이행,건조,맑음,단일로 - 기타,승용,남,34세,경상,,,,
2016020200100035,2016년 2월 2일 03시,화요일,충청북도 진천군 초평면,중상사고,0,1,1,0,차대차 - 추돌,안전거리미확보,건조,맑음,단일로 - 기타,화물,남,61세,중상,화물,남,36세,경상
2016020200100048,2016년 2월 2일 05시,화요일,충청북도 괴산군 괴산읍,경상사고,0,0,1,0,차량단독 - 전도전복,안전운전불이행,결빙,맑음,단일로 - 교량,화물,남,52세,경상,,,,
2016020200100049,2016년 2월 2일 05시,화요일,충청북도 청주시 상당구 남일면,중상사고,0,1,0,0,차대사람 - 횡단중,신호위반,건조,맑음,단일로 - 횡단보도상,화물,남,44세,상해없음,보행자,여,63세,중상
2016020200100064,2016년 2월 2일 06시,화요일,충청북도 청주시 상당구 금천동,경상사고,0,0,1,0,차대차 - 정면충돌,안전운전불이행,건조,맑음,교차로 - 교차로부근,이륜,남,29세,경상,승용,남,64세,상해없음
2016020200100083,2016년 2월 2일 07시,화요일,충청북도 충주시 연수동,경상사고,0,0,1,0,차대차 - 측면충돌,안전운전불이행,건조,맑음,교차로 - 교차로안,승용,남,24세,상해없음,승용,여,49세,경상
2016020200100084,2016년 2월 2일 07시,화요일,충청북도 옥천군 옥천읍,중상사고,0,2,2,0,차대차 - 측면충돌,직진우회전진행방해,건조,맑음,교차로 - 교차로안,승용,여,51세,중상,승용,여,42세,중상
2016020200100117,2016년 2월 2일 08시,화요일,충청북도 충주시 교현동,경상사고,0,0,2,0,차대차 - 기타,안전운전불이행,건조,맑음,교차로 - 교차로안,화물,남,57세,상해없음,승용,여,60세,경상
2016020200100157,2016년 2월 2일 09시,화요일,충청북도 제천시 하소동,경상사고,0,0,2,0,차대차 - 측면직각충돌,기타,건조,맑음,교차로 - 교차로안,승용,남,73세,경상,승용,여,46세,경상
2016020200100183,2016년 2월 2일 10시,화요일,충청북도 옥천군 이원면,중상사고,0,1,0,0,차대차 - 측면충돌,안전거리미확보,건조,맑음,단일로 - 기타,화물,남,45세,상해없음,승용,남,45세,중상
2016020200100217,2016년 2월 2일 11시,화요일,충청북도 충주시 연수동,경상사고,0,0,1,0,차대사람 - 횡단중,안전운전불이행,건조,맑음,교차로 - 교차로부근,화물,남,46세,상해없음,보행자,남,60세,경상
2016020200100246,2016년 2월 2일 12시,화요일,충청북도 청주시 흥덕구 옥산면,부상신고사고,0,0,0,1,차대차 - 정면충돌,안전운전불이행,건조,맑음,단일로 - 기타,화물,남,53세,부상신고,승용,남,41세,상해없음
2016020200100270,2016년 2월 2일 13시,화요일,충청북도 청주시 서원구 사창동,중상사고,0,1,0,0,차대차 - 측면충돌,안전운전불이행,건조,맑음,단일로 - 기타,승용,남,60세,상해없음,자전거,남,78세,중상
2016020200100297,2016년 2월 2일 14시,화요일,충청북도 영동군 용산면,경상사고,0,0,1,0,차대차 - 기타,안전운전불이행,건조,맑음,단일로 - 기타,승용,여,50세,상해없음,이륜,남,82세,경상
2016020200100328,2016년 2월 2일 15시,화요일,충청북도 청주시 상당구 용암동,중상사고,0,1,0,0,차대차 - 정면충돌,신호위반,건조,맑음,교차로 - 교차로안,이륜,남,20세,중상,승용,여,42세,상해없음
2016020200100360,2016년 2월 2일 16시,화요일,충청북도 청주시 서원구 남이면,중상사고,0,1,1,0,차대차 - 정면충돌,신호위반,건조,맑음,교차로 - 교차로안,승용,여,62세,중상,화물,남,53세,경상
2016020200100394,2016년 2월 2일 17시,화요일,충청북도 충주시 충의동,경상사고,0,0,1,0,차대사람 - 횡단중,안전운전불이행,건조,맑음,기타 - 기타,승용,남,22세,상해없음,보행자,남,59세,경상
2016020200100395,2016년 2월 2일 17시,화요일,충청북도 청주시 흥덕구 신봉동,경상사고,0,0,2,0,차대차 - 정면충돌,안전운전불이행,건조,맑음,교차로 - 교차로부근,화물,남,55세,경상,승용,남,44세,경상
2016020200100437,2016년 2월 2일 18시,화요일,충청북도 옥천군 군서면,중상사고,0,1,3,0,차대차 - 측면충돌,교차로운행방법위반,건조,맑음,교차로 - 교차로안,승용,남,53세,상해없음,승용,남,49세,경상
2016020200100438,2016년 2월 2일 18시,화요일,충청북도 진천군 광혜원면,경상사고,0,0,2,0,차대차 - 측면충돌,중앙선침범,건조,맑음,단일로 - 기타,승용,여,51세,상해없음,승용,여,31세,경상
2016020200100477,2016년 2월 2일 19시,화요일,충청북도 진천군 덕산면,경상사고,0,0,1,0,차대차 - 기타,중앙선침범,건조,맑음,단일로 - 기타,승합,남,78세,상해없음,승용,남,33세,경상
2016020200100565,2016년 2월 2일 22시,화요일,충청북도 충주시 교현동,경상사고,0,0,1,0,차대차 - 측면충돌,중앙선침범,건조,맑음,교차로 - 교차로부근,자전거,남,38세,경상,원동기,남,18세,상해없음
2016020200100566,2016년 2월 2일 22시,화요일,충청북도 음성군 금왕읍,중상사고,0,1,1,0,차량단독 - 전도전복,안전운전불이행,건조,맑음,단일로 - 기타,승용,남,26세,경상,,,,
2016020200100567,2016년 2월 2일 22시,화요일,충청북도 진천군 백곡면,중상사고,0,1,0,0,차대차 - 기타,중앙선침범,건조,맑음,단일로 - 기타,화물,남,36세,중상,특수,남,38세,상해없음
2016020200100594,2016년 2월 2일 23시,화요일,충청북도 청주시 청원구 오창읍,경상사고,0,0,1,0,차대사람 - 기타,안전운전불이행,건조,맑음,단일로 - 기타,승용,여,27세,상해없음,보행자,남,42세,경상
2016020300100024,2016년 2월 3일 01시,수요일,충청북도 청주시 청원구 율량동,중상사고,0,1,0,0,차량단독 - 공작물충돌,안전운전불이행,건조,맑음,교차로 - 교차로부근,승용,남,31세,상해없음,,,,
2016020300100025,2016년 2월 3일 01시,수요일,충청북도 청주시 흥덕구 복대동,경상사고,0,0,1,0,차대차 - 기타,안전운전불이행,건조,맑음,교차로 - 교차로부근,승용,남,21세,상해없음,이륜,남,55세,경상
2016020300100099,2016년 2월 3일 07시,수요일,충청북도 제천시 강제동,경상사고,0,0,2,0,차대차 - 추돌,신호위반,건조,맑음,교차로 - 교차로안,승용,남,65세,경상,승용,남,49세,경상
2016020300100100,2016년 2월 3일 07시,수요일,충청북도 괴산군 괴산읍,중상사고,0,1,0,0,차대차 - 측면직각충돌,안전운전불이행,건조,맑음,교차로 - 교차로안,화물,남,34세,상해없음,이륜,남,73세,중상
2016020300100166,2016년 2월 3일 09시,수요일,충청북도 제천시 남천동,경상사고,0,0,1,0,차대사람 - 횡단중,보행자보호의무위반,건조,맑음,교차로 - 교차로부근,승용,여,32세,상해없음,보행자,남,68세,경상
2016020300100221,2016년 2월 3일 11시,수요일,충청북도 영동군 황간면,중상사고,0,1,0,0,차대차 - 기타,직진우회전진행방해,건조,맑음,교차로 - 교차로안,승용,여,44세,상해없음,이륜,남,78세,중상
2016020300100222,2016년 2월 3일 11시,수요일,충청북도 괴산군 사리면,경상사고,0,0,1,0,차대차 - 측면직각충돌,안전운전불이행,건조,맑음,교차로 - 교차로안,승용,남,27세,경상,화물,남,52세,상해없음
2016020300100223,2016년 2월 3일 11시,수요일,충청북도 음성군 생극면,경상사고,0,0,2,0,차대차 - 기타,신호위반,건조,맑음,교차로 - 교차로안,화물,남,53세,경상,화물,남,49세,경상
2016020300100224,2016년 2월 3일 11시,수요일,충청북도 진천군 초평면,경상사고,0,0,2,0,차대차 - 정면충돌,안전거리미확보,건조,맑음,단일로 - 기타,화물,남,48세,경상,승용,남,53세,경상
2016020300100275,2016년 2월 3일 13시,수요일,충청북도 청주시 청원구 오창읍,경상사고,0,0,1,0,차대차 - 추돌,안전운전불이행,건조,맑음,교차로 - 교차로부근,승용,남,25세,상해없음,승용,여,29세,경상
2016020300100276,2016년 2월 3일 13시,수요일,충청북도 충주시 연수동,경상사고,0,0,1,0,차대사람 - 횡단중,안전운전불이행,건조,맑음,교차로 - 교차로부근,기타불명,기타불명,22세,기타불명,보행자,여,68세,경상
2016020300100277,2016년 2월 3일 13시,수요일,충청북도 제천시 송학면,경상사고,0,0,1,0,차량단독 - 전도전복,안전운전불이행,건조,맑음,단일로 - 기타,화물,남,54세,경상,,,,
2016020300100319,2016년 2월 3일 14시,수요일,충청북도 청주시 청원구 내수읍,경상사고,0,0,1,0,차대차 - 기타,안전운전불이행,건조,맑음,단일로 - 기타,화물,남,52세,상해없음,승용,여,50세,경상
2016020300100320,2016년 2월 3일 14시,수요일,충청북도 영동군 영동읍,경상사고,0,0,1,0,차대차 - 측면충돌,중앙선침범,건조,맑음,단일로 - 기타,건설기계,남,50세,상해없음,승용,여,49세,경상
2016020300100368,2016년 2월 3일 15시,수요일,충청북도 청주시 상당구 방서동,부상신고사고,0,0,0,1,차대사람 - 기타,안전운전불이행,건조,맑음,기타 - 기타,기타불명,기타불명,기타불명,기타불명,보행자,남,21세,부상신고
2016020300100414,2016년 2월 3일 16시,수요일,충청북도 제천시 고암동,경상사고,0,0,2,0,차대차 - 추돌,안전운전불이행,건조,맑음,단일로 - 기타,승용,여,54세,상해없음,화물,남,43세,경상
2016020300100415,2016년 2월 3일 16시,수요일,충청북도 음성군 금왕읍,경상사고,0,0,1,0,차대차 - 기타,안전운전불이행,건조,맑음,교차로 - 교차로안,건설기계,남,51세,경상,승용,남,25세,기타불명
2016020300100496,2016년 2월 3일 18시,수요일,충청북도 충주시 연수동,경상사고,0,0,1,0,차대차 - 정면충돌,안전운전불이행,건조,맑음,단일로 - 기타,이륜,남,16세,경상,승합,남,63세,상해없음
2016020300100497,2016년 2월 3일 18시,수요일,충청북도 청주시 흥덕구 가경동,중상사고,0,1,0,0,차대사람 - 횡단중,안전운전불이행,건조,맑음,단일로 - 기타,원동기,남,40세,상해없음,보행자,여,69세,중상
2016020300100551,2016년 2월 3일 19시,수요일,충청북도 충주시 용산동,경상사고,0,0,1,0,차대사람 - 횡단중,안전운전불이행,건조,맑음,단일로 - 기타,기타불명,기타불명,22세,기타불명,보행자,남,53세,경상
2016020300100552,2016년 2월 3일 19시,수요일,충청북도 충주시 산척면,경상사고,0,0,1,0,차대차 - 측면충돌,안전운전불이행,건조,맑음,교차로 - 교차로부근,화물,남,46세,상해없음,화물,남,54세,경상
2016020300100659,2016년 2월 3일 22시,수요일,충청북도 음성군 금왕읍,중상사고,0,1,0,0,차량단독 - 전도전복,안전운전불이행,건조,맑음,단일로 - 기타,승용,남,47세,중상,,,,
2016020300100660,2016년 2월 3일 22시,수요일,충청북도 음성군 음성읍,경상사고,0,0,1,0,차량단독 - 전도전복,안전운전불이행,건조,맑음,단일로 - 기타,승용,남,34세,경상,,,,
2016020300100661,2016년 2월 3일 22시,수요일,충청북도 음성군 대소면,중상사고,0,1,0,0,차대사람 - 횡단중,안전운전불이행,건조,맑음,단일로 - 기타,승용,남,45세,상해없음,보행자,남,46세,중상
2016020300100662,2016년 2월 3일 22시,수요일,충청북도 진천군 진천읍,경상사고,0,0,1,0,차대차 - 추돌,안전거리미확보,건조,맑음,단일로 - 기타,승용,여,20세,경상,화물,남,49세,상해없음
2016020300100663,2016년 2월 3일 22시,수요일,충청북도 청주시 흥덕구 복대동,경상사고,0,0,3,0,차대차 - 추돌,안전운전불이행,건조,맑음,교차로 - 교차로부근,승용,남,33세,상해없음,승용,남,37세,경상
2016020300100691,2016년 2월 3일 23시,수요일,충청북도 청주시 흥덕구 비하동,중상사고,0,1,2,0,차대차 - 추돌,안전운전불이행,건조,맑음,교차로 - 교차로부근,승용,남,46세,상해없음,승용,남,20세,경상
2016020400100009,2016년 2월 4일 00시,목요일,충청북도 청주시 흥덕구 신봉동,경상사고,0,0,1,0,차대사람 - 기타,안전운전불이행,건조,맑음,단일로 - 기타,승용,남,40세,상해없음,보행자,남,49세,경상
2016020400100032,2016년 2월 4일 01시,목요일,충청북도 청주시 청원구 내덕동,중상사고,0,1,0,0,차대차 - 측면충돌,중앙선침범,건조,맑음,교차로 - 교차로부근,승용,남,28세,상해없음,승용,남,26세,중상
2016020400100033,2016년 2월 4일 01시,목요일,충청북도 청주시 청원구 내덕동,중상사고,0,2,0,0,차대차 - 측면충돌,안전운전불이행,건조,맑음,단일로 - 기타,승용,남,22세,중상,특수,남,31세,중상
2016020400100051,2016년 2월 4일 03시,목요일,충청북도 충주시 교현동,부상신고사고,0,0,0,1,차대차 - 정면충돌,안전운전불이행,건조,맑음,교차로 - 교차로안,승용,남,24세,상해없음,화물,남,55세,부상신고
2016020400100052,2016년 2월 4일 03시,목요일,충청북도 청주시 흥덕구 봉명동,중상사고,0,1,0,0,차대차 - 정면충돌,안전운전불이행,건조,맑음,단일로 - 기타,승용,남,24세,상해없음,이륜,남,16세,중상