사고번호,사고일시,요일,시군구,사고내용,사망자수,중상자수,경상자수,부상신고자수,사고유형,법규위반,노면상태,기상상태,도로형태,가해운전자 차종,가해운전자 성별,가해운전자 연령,가해운전자 상해정도,피해운전자 차종,피해운전자 성별,피해운전자 연령,피해운전자 상해정도
2016020400100089,2016년 2월 4일 06시,목요일,충청북도 청주시 서원구 사창동,경상사고,0,0,1,0,차대사람 - 횡단중,신호위반,건조,맑음,단일로 - 횡단보도상,화물,남,19세,상해없음,보행자,남,34세,경상
2016020400100152,2016년 2월 4일 08시,목요일,충청북도 청주시 청원구 오창읍,경상사고,0,0,3,0,차대차 - 기타,안전운전불이행,결빙,흐림,교차로 - 교차로부근,승용,여,46세,경상,승용,남,40세,경상
2016020400100153,2016년 2월 4일 08시,목요일,충청북도 청주시 청원구 오창읍,중상사고,0,1,0,0,차량단독 - 전도전복,안전운전불이행,건조,맑음,교차로 - 교차로안,이륜,여,47세,중상,,,,
2016020400100154,2016년 2월 4일 08시,목요일,충청북도 청주시 흥덕구 옥산면,중상사고,0,1,0,0,차대차 - 기타,중앙선침범,건조,맑음,단일로 - 기타,승용,남,30세,중상,화물,남,40세,상해없음
2016020400100201,2016년 2월 4일 09시,목요일,충청북도 음성군 감곡면,중상사고,0,1,0,0,차대차 - 측면직각충돌,안전운전불이행,건조,맑음,교차로 - 교차로안,화물,남,74세,상해없음,승용,여,45세,중상
2016020400100202,2016년 2월 4일 09시,목요일,충청북도 진천군 덕산면,중상사고,0,2,0,0,차량단독 - 전도전복,안전운전불이행,습기,맑음,단일로 - 기타,승용,남,30세,중상,,,,
2016020400100226,2016년 2월 4일 10시,목요일,충청북도 제천시 장락동,경상사고,0,0,1,0,차대차 - 추돌,안전운전불이행,건조,맑음,교차로 - 교차로부근,승용,남,52세,상해없음,승용,남,27세,경상
2016020400100315,2016년 2월 4일 13시,목요일,충청북도 진천군 문백면,경상사고,0,0,3,0,차대차 - 추돌,안전운전불이행,건조,맑음,단일로 - 기타,승용,남,32세,상해없음,승용,남,60세,경상
2016020400100351,2016년 2월 4일 14시,목요일,충청북도 음성군 금왕읍,경상사고,0,0,3,0,차대차 - 측면충돌,교차로운행방법위반,건조,맑음,교차로 - 교차로안,승용,여,51세,경상,승용,여,30세,경상
2016020400100401,2016년 2월 4일 15시,목요일,충청북도 청주시 청원구 오창읍,중상사고,0,1,0,0,차대차 - 기타,안전운전불이행,건조,맑음,단일로 - 기타,승용,남,58세,상해없음,승용,남,23세,중상
2016020400100440,2016년 2월 4일 16시,목요일,충청북도 음성군 감곡면,중상사고,0,1,0,0,차대차 - 측면직각충돌,안전운전불이행,건조,맑음,단일로 - 기타,승합,남,33세,상해없음,승용,남,45세,중상
2016020400100478,2016년 2월 4일 17시,목요일,충청북도 충주시 지현동,중상사고,0,1,0,0,차대사람 - 횡단중,안전운전불이행,건조,맑음,단일로 - 기타,기타불명,기타불명,16세,기타불명,보행자,여,62세,중상
2016020400100479,2016년 2월 4일 17시,목요일,충청북도 청주시 흥덕구 복대동,경상사고,0,0,1,0,차대차 - 정면충돌,안전운전불이행,건조,맑음,교차로 - 교차로안,화물,남,55세,상해없음,승용,남,21세,경상
2016020400100516,2016년 2월 4일 18시,목요일,충청북도 청주시 흥덕구 송정동,경상사고,0,0,1,0,차대차 - 정면충돌,안전운전불이행,건조,맑음,교차로 - 교차로부근,승용,여,65세,상해없음,승용,남,45세,경상
2016020400100559,2016년 2월 4일 19시,목요일,충청북도 청주시 청원구 사천동,경상사고,0,0,1,0,차대차 - 측면직각충돌,안전거리미확보,건조,맑음,교차로 - 교차로안,화물,남,71세,상해없음,승용,남,31세,경상
2016020400100560,2016년 2월 4일 19시,목요일,충청북도 청주시 상당구 남일면,경상사고,0,0,1,0,차대차 - 정면충돌,중앙선침범,건조,맑음,단일로 - 기타,화물,남,53세,상해없음,승용,남,36세,경상
2016020400100588,2016년 2월 4일 20시,목요일,충청북도 증평군 증평읍,경상사고,0,0,2,0,차대차 - 측면직각충돌,안전운전불이행,건조,맑음,교차로 - 교차로안,승용,남,54세,상해없음,승용,남,27세,경상
2016020400100623,2016년 2월 4일 21시,목요일,충청북도 청주시 흥덕구 복대동,경상사고,0,0,1,0,차대차 - 정면충돌,교차로운행방법위반,건조,맑음,교차로 - 교차로안,승용,남,25세,상해없음,이륜,남,50세,경상
2016020400100649,2016년 2월 4일 22시,목요일,충청북도 청주시 청원구 오창읍,경상사고,0,0,1,0,차량단독 - 전도전복,안전운전불이행,건조,맑음,교차로 - 교차로부근,승용,남,31세,경상,,,,
2016020500100014,2016년 2월 5일 00시,금요일,충청북도 청주시 청원구 오창읍,중상사고,0,1,2,0,차대차 - 측면직각충돌,교차로운행방법위반,건조,맑음,교차로 - 교차로안,승용,남,44세,경상,승용,남,21세,경상
2016020500100100,2016년 2월 5일 07시,금요일,충청북도 청주시 상당구 영동,경상사고,0,0,1,0,차대차 - 측면직각충돌,신호위반,건조,맑음,교차로 - 교차로안,승용,남,62세,상해없음,승용,남,30세,경상
2016020500100101,2016년 2월 5일 07시,금요일,충청북도 증평군 증평읍,경상사고,0,0,2,0,차대차 - 측면충돌,안전운전불이행,건조,맑음,교차로 - 교차로안,승용,남,22세,경상,승용,남,28세,경상
2016020500100102,2016년 2월 5일 07시,금요일,충청북도 청주시 상당구 방서동,경상사고,0,0,4,0,차대차 - 추돌,안전운전불이행,건조,맑음,교차로 - 교차로부근,승용,남,33세,상해없음,승용,남,50세,경상
2016020500100103,2016년 2월 5일 07시,금요일,충청북도 청주시 서원구 미평동,중상사고,0,1,0,0,차대사람 - 횡단중,신호위반,건조,맑음,교차로 - 교차로부근,승용,남,32세,상해없음,보행자,남,38세,중상
2016020500100143,2016년 2월 5일 08시,금요일,충청북도 청주시 서원구 사직동,경상사고,0,0,1,0,차대사람 - 길가장자리구역통행중,안전운전불이행,건조,맑음,단일로 - 기타,승용,여,51세,상해없음,보행자,여,71세,경상
2016020500100144,2016년 2월 5일 08시,금요일,충청북도 충주시 용산동,중상사고,0,1,0,0,차대사람 - 기타,안전운전불이행,건조,맑음,교차로 - 교차로부근,승용,여,45세,상해없음,보행자,남,45세,중상
2016020500100145,2016년 2월 5일 08시,금요일,충청북도 음성군 금왕읍,경상사고,0,0,1,0,차대차 - 측면충돌,안전운전불이행,건조,맑음,교차로 - 교차로부근,승용,여,49세,상해없음,승용,남,34세,경상
2016020500100179,2016년 2월 5일 09시,금요일,충청북도 청주시 서원구 사직동,경상사고,0,0,1,0,차대차 - 기타,안전운전불이행,건조,맑음,단일로 - 횡단보도부근,승용,남,25세,상해없음,승용,여,38세,경상
2016020500100180,2016년 2월 5일 09시,금요일,충청북도 청주시 흥덕구 가경동,경상사고,0,0,1,0,차대차 - 추돌,안전운전불이행,건조,맑음,단일로 - 기타,승용,남,23세,상해없음,승용,여,21세,경상
2016020500100207,2016년 2월 5일 10시,금요일,충청북도 청주시 서원구 사직동,중상사고,0,1,0,0,차대차 - 측면충돌,교차로운행방법위반,건조,맑음,교차로 - 교차로안,승용,여,55세,중상,승용,여,59세,상해없음
2016020500100231,2016년 2월 5일 11시,금요일,충청북도 청주시 청원구 북이면,경상사고,0,0,2,0,차대차 - 기타,신호위반,건조,맑음,교차로 - 교차로안,화물,남,55세,상해없음,승합,남,35세,경상
2016020500100232,2016년 2월 5일 11시,금요일,충청북도 청주시 청원구 율량동,경상사고,0,0,1,0,차대사람 - 횡단중,보행자보호의무위반,건조,맑음,교차로 - 교차로안,기타불명,기타불명,기타불명,기타불명,보행자,여,16세,경상
2016020500100254,2016년 2월 5일 12시,금요일,충청북도 충주시 신니면,중상사고,0,1,1,0,차대차 - 정면충돌,중앙선침범,건조,맑음,단일로 - 기타,화물,남,70세,상해없음,승용,남,79세,경상
2016020500100255,2016년 2월 5일 12시,금요일,충청북도 제천시 명동,경상사고,0,0,2,0,차대차 - 추돌,신호위반,건조,맑음,교차로 - 교차로안,이륜,남,76세,경상,승용,남,58세,상해없음
2016020500100256,2016년 2월 5일 12시,금요일,충청북도 진천군 진천읍,중상사고,0,1,0,0,차대사람 - 횡단중,안전운전불이행,건조,맑음,교차로 - 교차로안,승용,남,24세,상해없음,보행자,여,67세,중상
2016020500100294,2016년 2월 5일 13시,금요일,충청북도 청주시 상당구 영운동,경상사고,0,0,3,0,차대차 - 측면충돌,교차로운행방법위반,건조,맑음,교차로 - 교차로안,승용,여,36세,경상,화물,남,50세,경상
2016020500100332,2016년 2월 5일 14시,금요일,충청북도 제천시 영천동,중상사고,0,1,1,0,차대차 - 추돌,직진우회전진행방해,건조,맑음,교차로 - 교차로부근,승용,남,58세,상해없음,승용,남,52세,중상
2016020500100384,2016년 2월 5일 15시,금요일,충청북도 청주시 청원구 내덕동,경상사고,0,0,1,0,차대차 - 정면충돌,안전운전불이행,건조,맑음,단일로 - 기타,승용,남,72세,상해없음,이륜,남,24세,경상
2016020500100385,2016년 2월 5일 15시,금요일,충청북도 충주시 봉방동,부상신고사고,0,0,0,1,차대차 - 정면충돌,안전운전불이행,건조,맑음,단일로 - 기타,이륜,남,57세,부상신고,화물,남,38세,상해없음
2016020500100386,2016년 2월 5일 15시,금요일,충청북도 청주시 흥덕구 복대동,부상신고사고,0,0,0,1,차대차 - 정면충돌,안전운전불이행,건조,맑음,교차로 - 교차로안,이륜,남,46세,부상신고,승용,남,32세,상해없음
2016020500100387,2016년 2월 5일 15시,금요일,충청북도 청주시 흥덕구 송절동,중상사고,0,1,0,0,차대차 - 정면충돌,신호위반,건조,맑음,교차로 - 교차로안,승용,여,24세,상해없음,승합,남,53세,중상
2016020500100426,2016년 2월 5일 16시,금요일,충청북도 음성군 대소면,경상사고,0,0,1,0,차대차 - 기타,안전운전불이행,건조,맑음,단일로 - 기타,화물,남,47세,상해없음,화물,남,49세,경상
2016020500100427,2016년 2월 5일 16시,금요일,충청북도 청주시 서원구 모충동,경상사고,0,0,1,0,차대차 - 추돌,안전운전불이행,건조,맑음,단일로 - 기타,승용,남,54세,상해없음,승용,여,30세,상해없음
2016020500100428,2016년 2월 5일 16시,금요일,충청북도 청주시 상당구 남일면,경상사고,0,0,1,0,차대차 - 측면충돌,안전운전불이행,건조,맑음,단일로 - 기타,승용,남,26세,상해없음,이륜,남,16세,경상
2016020500100457,2016년 2월 5일 17시,금요일,충청북도 청주시 청원구 내수읍,경상사고,0,0,1,0,차량단독 - 기타,안전운전불이행,건조,맑음,단일로 - 기타,승합,남,57세,상해없음,,,,
2016020500100502,2016년 2월 5일 18시,금요일,충청북도 충주시 교현동,중상사고,0,1,2,0,차대차 - 측면충돌,안전운전불이행,건조,맑음,기타 - 기타,승용,남,59세,상해없음,승용,여,22세,중상
2016020500100503,2016년 2월 5일 18시,금요일,충청북도 제천시 하소동,중상사고,0,1,0,0,차대사람 - 횡단중,안전운전불이행,건조,맑음,교차로 - 교차로안,승용,남,40세,상해없음,보행자,여,58세,중상
2016020500100504,2016년 2월 5일 18시,금요일,충청북도 옥천군 이원면,경상사고,0,0,1,0,차대차 - 측면직각충돌,신호위반,건조,맑음,교차로 - 교차로부근,화물,남,47세,상해없음,화물,남,56세,경상
2016020500100505,2016년 2월 5일 18시,금요일,충청북도 청주시 흥덕구 운천동,경상사고,0,0,4,0,차대차 - 정면충돌,안전운전불이행,건조,맑음,단일로 - 기타,승합,남,58세,상해없음,화물,남,50세,경상
2016020500100541,2016년 2월 5일 19시,금요일,충청북도 진천군 진천읍,경상사고,0,0,1,0,차대차 - 측면직각충돌,신호위반,건조,맑음,교차로 - 교차로안,승용,남,59세,상해없음,원동기,남,46세,경상
2016020500100542,2016년 2월 5일 19시,금요일,충청북도 청주시 흥덕구 강내면,중상사고,0,1,0,0,차량단독 - 전도전복,안전운전불이행,건조,맑음,단일로 - 기타,승용,남,53세,중상,,,,
2016020500100608,2016년 2월 5일 21시,금요일,충청북도 청주시 상당구 영운동,중상사고,0,1,0,0,차대차 - 기타,안전운전불이행,건조,맑음,교차로 - 교차로안,승용,여,36세,상해없음,자전거,남,26세,중상
2016020600100075,2016년 2월 6일 03시,토요일,충청북도 음성군 금왕읍,경상사고,0,0,1,0,차량단독 - 전도전복,안전운전불이행,적설,눈,단일로 - 기타,승용,남,22세,경상,,,,
2016020600100139,2016년 2월 6일 07시,토요일,충청북도 청주시 흥덕구 복대동,경상사고,0,0,1,1,차대차 - 정면충돌,안전운전불이행,건조,맑음,교차로 - 교차로안,승용,여,56세,부상신고,승합,남,57세,경상
2016020600100148,2016년 2월 6일 08시,토요일,충청북도 청주시 청원구 내수읍,경상사고,0,0,2,0,차대차 - 측면직각충돌,직진우회전진행방해,건조,맑음,교차로 - 교차로안,승용,여,39세,상해없음,승용,여,33세,경상
2016020600100164,2016년 2월 6일 09시,토요일,충청북도 보은군 보은읍,경상사고,0,0,1,0,차대차 - 추돌,안전운전불이행,건조,맑음,단일로 - 기타,화물,남,63세,상해없음,승용,남,62세,경상
2016020600100182,2016년 2월 6일 10시,토요일,충청북도 청주시 청원구 우암동,중상사고,0,1,0,0,차대사람 - 횡단중,안전운전불이행,건조,맑음,교차로 - 교차로부근,승용,여,41세,상해없음,보행자,여,75세,중상
2016020600100183,2016년 2월 6일 10시,토요일,충청북도 청주시 청원구 오창읍,경상사고,0,0,1,0,차대차 - 기타,안전운전불이행,건조,맑음,단일로 - 기타,승용,여,47세,상해없음,승용,남,33세,경상
2016020600100184,2016년 2월 6일 10시,토요일,충청북도 충주시 금릉동,중상사고,0,1,0,1,차대차 - 측면충돌,안전운전불이행,건조,맑음,단일로 - 기타,승용,여,51세,부상신고,승용,여,46세,중상
2016020600100185,2016년 2월 6일 10시,토요일,충청북도 영동군 영동읍,경상사고,0,0,2,0,차대차 - 기타,직진우회전진행방해,건조,맑음,교차로 - 교차로안,승용,남,40세,경상,승용,여,26세,경상
2016020600100208,2016년 2월 6일 11시,토요일,충청북도 청주시 청원구 내덕동,경상사고,0,0,2,0,차대차 - 측면충돌,안전운전불이행,건조,맑음,기타 - 기타,승용,남,55세,상해없음,승용,남,55세,경상
2016020600100209,2016년 2월 6일 11시,토요일,충청북도 충주시 봉방동,경상사고,0,0,1,0,차대사람 - 횡단중,안전운전불이행,건조,맑음,단일로 - 기타,승용,남,56세,상해없음,보행자,여,57세,경상
2016020600100236,2016년 2월 6일 12시,토요일,충청북도 청주시 서원구 사직동,중상사고,0,1,0,0,차대차 - 기타,신호위반,건조,맑음,교차로 - 교차로안,승합,남,68세,상해없음,자전거,남,71세,중상
2016020600100237,2016년 2월 6일 12시,토요일,충청북도 청주시 서원구 수곡동,경상사고,0,0,1,0,차대차 - 측면충돌,안전운전불이행,건조,맑음,단일로 - 기타,승용,여,38세,상해없음,승용,남,24세,경상
2016020600100270,2016년 2월 6일 13시,토요일,충청북도 단양군 대강면,중상사고,0,2,0,1,차대차 - 추돌,안전운전불이행,건조,맑음,단일로 - 터널,승합,남,49세,상해없음,승용,남,48세,부상신고
2016020600100271,2016년 2월 6일 13시,토요일,충청북도 청주시 흥덕구 신봉동,경상사고,0,0,2,0,차대차 - 측면직각충돌,신호위반,건조,맑음,교차로 - 교차로안,승용,남,66세,상해없음,승용,여,42세,경상
2016020600100304,2016년 2월 6일 14시,토요일,충청북도 청주시 상당구 금천동,경상사고,0,0,1,0,차대차 - 정면충돌,안전운전불이행,건조,맑음,교차로 - 교차로부근,이륜,남,40세,경상,승용,여,46세,상해없음
2016020600100334,2016년 2월 6일 15시,토요일,충청북도 진천군 진천읍,경상사고,0,0,1,0,차대차 - 측면충돌,안전운전불이행,건조,맑음,단일로 - 기타,승용,여,44세,상해없음,승용,여,31세,경상
2016020600100335,2016년 2월 6일 15시,토요일,충청북도 청주시 흥덕구 신봉동,경상사고,0,0,2,0,차대차 - 추돌,안전운전불이행,건조,맑음,단일로 - 기타,승용,여,22세,상해없음,승용,남,34세,경상
2016020600100373,2016년 2월 6일 16시,토요일,충청북도 청주시 상당구 수동,중상사고,0,1,0,0,차대사람 - 횡단중,안전운전불이행,건조,맑음,교차로 - 교차로안,승용,남,56세,상해없음,보행자,남,76세,중상
2016020600100374,2016년 2월 6일 16시,토요일,충청북도 청주시 상당구 문의면,경상사고,0,0,1,0,차대차 - 정면충돌,중앙선침범,건조,맑음,단일로 - 기타,승용,남,23세,상해없음,승용,남,35세,경상
2016020600100403,2016년 2월 6일 17시,토요일,충청북도 청주시 상당구 문화동,중상사고,0,2,0,0,차대차 - 추돌,안전운전불이행,건조,맑음,단일로 - 기타,승용,남,31세,상해없음,승합,남,48세,상해없음
2016020600100436,2016년 2월 6일 18시,토요일,충청북도 청주시 청원구 오창읍,경상사고,0,0,5,0,차대차 - 추돌,안전운전불이행,건조,맑음,교차로 - 교차로부근,화물,남,48세,경상,승용,남,40세,경상
2016020600100437,2016년 2월 6일 18시,토요일,충청북도 충주시 목행동,경상사고,0,0,1,1,차대차 - 정면충돌,직진우회전진행방해,건조,맑음,교차로 - 교차로안,승용,여,38세,부상신고,화물,남,64세,경상
2016020600100438,2016년 2월 6일 18시,토요일,충청북도 충주시 교현동,경상사고,0,0,1,0,차대차 - 측면충돌,안전운전불이행,건조,맑음,교차로 - 교차로부근,승용,남,52세,상해없음,승용,여,57세,경상
2016020600100439,2016년 2월 6일 18시,토요일,충청북도 청주시 흥덕구 신봉동,중상사고,0,1,0,0,차대사람 - 횡단중,안전운전불이행,건조,맑음,단일로 - 기타,승용,남,48세,상해없음,보행자,남,19세,중상
2016020600100440,2016년 2월 6일 18시,토요일,충청북도 청주시 흥덕구 현암동,경상사고,0,0,4,0,차대차 - 정면충돌,중앙선침범,건조,맑음,단일로 - 기타,화물,남,48세,경상,승용,남,37세,경상
2016020600100499,2016년 2월 6일 20시,토요일,충청북도 청주시 서원구 사창동,경상사고,0,0,1,0,차대차 - 기타,안전운전불이행,건조,맑음,교차로 - 교차로부근,승용,남,39세,상해없음,승용,여,48세,상해없음
2016020600100500,2016년 2월 6일 20시,토요일,충청북도 청주시 서원구 모충동,중상사고,0,1,0,0,차량단독 - 전도전복,기타,건조,맑음,교차로 - 교차로안,이륜,남,74세,중상,,,,
2016020600100528,2016년 2월 6일 21시,토요일,충청북도 청주시 흥덕구 봉명동,중상사고,0,1,0,0,차대사람 - 기타,안전운전불이행,건조,맑음,단일로 - 기타,승용,남,38세,상해없음,보행자,여,66세,중상
2016020700100007,2016년 2월 7일 00시,일요일,충청북도 단양군 매포읍,중상사고,0,1,0,0,차량단독 - 전도전복,안전운전불이행,건조,맑음,단일로 - 기타,화물,남,51세,중상,,,,
2016020700100008,2016년 2월 7일 00시,일요일,충청북도 청주시 서원구 개신동,중상사고,0,1,2,0,차대차 - 추돌,안전운전불이행,건조,맑음,교차로 - 교차로부근,승용,남,30세,상해없음,승용,남,46세,경상
2016020700100022,2016년 2월 7일 01시,일요일,충청북도 충주시 지현동,경상사고,0,0,1,0,차대사람 - 기타,안전운전불이행,건조,맑음,교차로 - 교차로부근,승용,남,42세,상해없음,보행자,남,26세,경상
2016020700100041,2016년 2월 7일 02시,일요일,충청북도 청주시 청원구 오창읍,중상사고,0,1,0,0,차대사람 - 횡단중,안전운전불이행,건조,맑음,단일로 - 기타,승용,남,27세,상해없음,보행자,남,42세,중상
2016020700100042,2016년 2월 7일 02시,일요일,충청북도 청주시 흥덕구 봉명동,중상사고,0,1,0,0,차대차 - 정면충돌,안전운전불이행,건조,맑음,단일로 - 기타,승용,남,22세,상해없음,원동기,남,16세,중상
2016020700100127,2016년 2월 7일 09시,일요일,충청북도 증평군 증평읍,중상사고,0,1,0,0,차대차 - 측면충돌,안전운전불이행,건조,맑음,교차로 - 교차로안,승용,남,34세,상해없음,이륜,여,62세,중상
2016020700100154,2016년 2월 7일 10시,일요일,충청북도 진천군 이월면,경상사고,0,0,3,0,차대차 - 추돌,안전거리미확보,건조,맑음,단일로 - 기타,화물,남,42세,상해없음,화물,남,74세,경상
2016020700100200,2016년 2월 7일 12시,일요일,충청북도 영동군 영동읍,중상사고,0,1,0,0,차대차 - 기타,직진우회전진행방해,건조,맑음,교차로 - 교차로안,승용,남,31세,상해없음,이륜,남,82세,중상
2016020700100201,2016년 2월 7일 12시,일요일,충청북도 옥천군 옥천읍,경상사고,0,0,1,0,차대차 - 추돌,안전운전불이행,건조,맑음,단일로 - 기타,화물,남,51세,기타불명,승용,남,66세,경상
2016020700100227,2016년 2월 7일 13시,일요일,충청북도 청주시 서원구 사창동,경상사고,0,0,1,0,차대사람 - 기타,안전운전불이행,건조,맑음,단일로 - 기타,승용,여,60세,상해없음,보행자,남,51세,경상
2016020700100272,2016년 2월 7일 15시,일요일,충청북도 옥천군 안내면,경상사고,0,0,2,0,차대차 - 측면직각충돌,중앙선침범,건조,맑음,단일로 - 기타,승용,남,59세,상해없음,승용,남,58세,경상
2016020700100308,2016년 2월 7일 17시,일요일,충청북도 증평군 증평읍,경상사고,0,0,1,0,차대차 - 정면충돌,직진우회전진행방해,건조,맑음,교차로 - 교차로안,이륜,남,42세,경상,승용,남,33세,상해없음
2016020700100325,2016년 2월 7일 18시,일요일,충청북도 증평군 증평읍,중상사고,0,1,0,0,차대차 - 측면직각충돌,안전운전불이행,건조,맑음,교차로 - 교차로안,승용,여,48세,상해없음,자전거,남,79세,중상
2016020700100347,2016년 2월 7일 19시,일요일,충청북도 충주시 연수동,경상사고,0,0,1,0,차대차 - 정면충돌,중앙선침범,건조,맑음,단일로 - 기타,승용,여,35세,상해없음,이륜,남,17세,경상
2016020800100022,2016년 2월 8일 01시,월요일,충청북도 제천시 청전동,경상사고,0,0,1,0,차대차 - 추돌,안전거리미확보,건조,맑음,교차로 - 교차로부근,승용,남,20세,상해없음,승용,여,65세,경상
2016020800100027,2016년 2월 8일 02시,월요일,충청북도 진천군 진천읍,중상사고,0,5,0,0,차량단독 - 전도전복,안전운전불이행,건조,맑음,단일로 - 기타,승용,남,29세,중상,,,,
2016020800100057,2016년 2월 8일 07시,월요일,충청북도 제천시 하소동,중상사고,0,1,2,0,차대차 - 추돌,신호위반,건조,맑음,교차로 - 교차로안,승용,남,58세,상해없음,승용,남,53세,경상
2016020800100071,2016년 2월 8일 08시,월요일,충청북도 청주시 청원구 주중동,경상사고,0,0,2,0,차대차 - 측면직각충돌,안전거리미확보,건조,맑음,단일로 - 기타,승용,남,72세,상해없음,승용,남,30세,경상
2016020800100072,2016년 2월 8일 08시,월요일,충청북도 단양군 단양읍,경상사고,0,0,3,0,차대차 - 측면충돌,교차로운행방법위반,건조,맑음,교차로 - 교차로안,승합,남,60세,상해없음,승용,남,51세,경상
2016020800100108,2016년 2월 8일 11시,월요일,충청북도 충주시 목행동,경상사고,0,0,1,0,차대차 - 정면충돌,안전운전불이행,건조,맑음,교차로 - 교차로부근,승합,남,42세,상해없음,승용,여,55세,경상
2016020800100132,2016년 2월 8일 12시,월요일,충청북도 음성군 감곡면,중상사고,0,4,5,0,차대차 - 추돌,안전운전불이행,건조,흐림,단일로 - 기타,승합,남,45세,상해없음,승용,남,48세,중상
2016020800100191,2016년 2월 8일 15시,월요일,충청북도 제천시 하소동,경상사고,0,0,2,0,차대차 - 추돌,안전운전불이행,건조,맑음,교차로 - 교차로부근,승용,남,61세,상해없음,승용,남,60세,경상
2016020800100192,2016년 2월 8일 15시,월요일,충청북도 청주시 상당구 낭성면,경상사고,0,0,7,0,차대차 - 정면충돌,중앙선침범,건조,맑음,단일로 - 기타,승용,남,28세,상해없음,승용,남,49세,경상
2016020800100193,2016년 2월 8일 15시,월요일,충청북도 청주시 상당구 문의면,부상신고사고,0,0,0,1,차량단독 - 전도전복,안전운전불이행,건조,맑음,단일로 - 기타,승용,남,65세,부상신고,,,,
2016020800100214,2016년 2월 8일 16시,월요일,충청북도 제천시 송학면,중상사고,0,1,2,0,차대차 - 측면충돌,중앙선침범,결빙,눈,단일로 - 기타,화물,남,49세,경상,승용,남,57세,중상
2016020800100215,2016년 2월 8일 16시,월요일,충청북도 음성군 생극면,경상사고,0,0,1,0,차량단독 - 전도전복,안전운전불이행,건조,맑음,단일로 - 기타,승용,여,42세,경상,,,,
2016020800100216,2016년 2월 8일 16시,월요일,충청북도 음성군 음성읍,경상사고,0,0,3,0,차대차 - 기타,안전운전불이행,결빙,흐림,단일로 - 기타,승용,남,25세,상해없음,승합,남,71세,상해없음
2016020800100248,2016년 2월 8일 17시,월요일,충청북도 청주시 서원구 남이면,경상사고,0,0,7,3,차대차 - 추돌,안전거리미확보,건조,맑음,단일로 - 기타,승용,남,49세,경상,승용,남,34세,경상
2016020800100270,2016년 2월 8일 18시,월요일,충청북도 괴산군 괴산읍,경상사고,0,0,2,0,차대차 - 정면충돌,직진우회전진행방해,건조,맑음,교차로 - 교차로안,승용,남,28세,상해없음,승용,여,26세,경상
2016020800100271,2016년 2월 8일 18시,월요일,충청북도 청주시 상당구 탑동,경상사고,0,0,1,0,차대차 - 측면충돌,안전운전불이행,건조,맑음,교차로 - 교차로안,화물,남,57세,상해없음,화물,남,50세,경상
2016020800100296,2016년 2월 8일 19시,월요일,충청북도 청주시 청원구 오창읍,경상사고,0,0,4,0,차대차 - 측면충돌,안전운전불이행,건조,맑음,교차로 - 교차로부근,승합,남,57세,상해없음,승용,남,41세,경상
2016020800100317,2016년 2월 8일 20시,월요일,충청북도 충주시 성서동,경상사고,0,0,1,0,차대사람 - 기타,안전운전불이행,건조,맑음,단일로 - 기타,승용,남,43세,상해없음,보행자,남,31세,경상
2016020800100338,2016년 2월 8일 21시,월요일,충청북도 청주시 흥덕구 지동동,경상사고,0,0,3,0,차대차 - 추돌,안전거리미확보,건조,맑음,단일로 - 기타,승용,남,31세,상해없음,승용,남,44세,경상
2016020800100360,2016년 2월 8일 22시,월요일,충청북도 제천시 화산동,중상사고,0,6,1,0,차대차 - 추돌,중앙선침범,건조,맑음,단일로 - 기타,승용,남,30세,경상,승용,여,46세,중상
2016020900100059,2016년 2월 9일 05시,화요일,충청북도 충주시 중앙탑면,부상신고사고,0,0,0,1,차량단독 - 전도전복,안전운전불이행,건조,맑음,단일로 - 기타,승용,남,36세,부상신고,,,,
2016020900100060,2016년 2월 9일 05시,화요일,충청북도 청주시 흥덕구 비하동,경상사고,0,0,3,0,차대차 - 추돌,안전운전불이행,건조,맑음,교차로 - 교차로안,승용,남,28세,기타불명,승용,남,37세,경상
2016020900100134,2016년 2월 9일 12시,화요일,충청북도 제천시 송학면,경상사고,0,0,1,0,차대차 - 추돌,안전운전불이행,건조,맑음,단일로 - 기타,승용,남,47세,상해없음,승용,남,40세,상해없음
2016020900100135,2016년 2월 9일 12시,화요일,충청북도 청주시 흥덕구 복대동,경상사고,0,0,4,0,차대차 - 측면직각충돌,안전거리미확보,건조,맑음,교차로 - 교차로안,승용,남,47세,상해없음,승용,남,55세,경상
2016020900100156,2016년 2월 9일 13시,화요일,충청북도 청주시 흥덕구 복대동,중상사고,0,1,4,0,차대차 - 측면직각충돌,교차로운행방법위반,건조,맑음,교차로 - 교차로안,승합,남,50세,경상,승용,남,37세,경상
2016020900100157,2016년 2월 9일 13시,화요일,충청북도 청주시 흥덕구 복대동,중상사고,0,2,0,0,차대차 - 정면충돌,안전거리미확보,건조,맑음,교차로 - 교차로부근,승용,남,34세,상해없음,승용,여,32세,중상
2016020900100158,2016년 2월 9일 13시,화요일,충청북도 청주시 상당구 용암동,경상사고,0,0,2,0,차대차 - 추돌,안전운전불이행,건조,맑음,단일로 - 기타,승용,남,36세,상해없음,승용,여,22세,경상
2016020900100206,2016년 2월 9일 15시,화요일,충청북도 청주시 청원구 내수읍,중상사고,0,1,0,0,차대사람 - 횡단중,보행자보호의무위반,건조,맑음,단일로 - 횡단보도상,승용,남,57세,상해없음,보행자,남,6세,중상
2016020900100250,2016년 2월 9일 17시,화요일,충청북도 청주시 청원구 율량동,경상사고,0,0,1,0,차량단독 - 기타,안전운전불이행,건조,맑음,단일로 - 기타,승용,남,72세,상해없음,,,,