사고번호,사고일시,요일,시군구,사고내용,사망자수,중상자수,경상자수,부상신고자수,사고유형,법규위반,노면상태,기상상태,도로형태,가해운전자 차종,가해운전자 성별,가해운전자 연령,가해운전자 상해정도,피해운전자 차종,피해운전자 성별,피해운전자 연령,피해운전자 상해정도
2016020900100251,2016년 2월 9일 17시,화요일,충청북도 진천군 진천읍,경상사고,0,0,1,0,차대사람 - 횡단중,교차로운행방법위반,건조,맑음,교차로 - 교차로안,화물,남,50세,상해없음,보행자,여,54세,경상
2016020900100252,2016년 2월 9일 17시,화요일,충청북도 청주시 흥덕구 가경동,경상사고,0,0,4,0,차대차 - 측면직각충돌,안전운전불이행,건조,맑음,교차로 - 교차로안,승용,남,58세,상해없음,승용,남,36세,경상
2016020900100295,2016년 2월 9일 19시,화요일,충청북도 충주시 용산동,경상사고,0,0,2,0,차대차 - 정면충돌,안전운전불이행,건조,맑음,교차로 - 교차로부근,승용,남,45세,상해없음,승용,남,58세,상해없음
2016020900100296,2016년 2월 9일 19시,화요일,충청북도 괴산군 불정면,중상사고,0,1,1,0,차량단독 - 전도전복,안전운전불이행,건조,흐림,단일로 - 기타,화물,남,49세,경상,,,,
2016020900100331,2016년 2월 9일 20시,화요일,충청북도 청주시 흥덕구 오송읍,경상사고,0,0,1,0,차대차 - 정면충돌,안전운전불이행,건조,맑음,교차로 - 교차로안,승합,남,40세,상해없음,이륜,남,38세,경상
2016020900100353,2016년 2월 9일 21시,화요일,충청북도 제천시 교동,경상사고,0,0,1,0,차대차 - 추돌,안전운전불이행,건조,맑음,단일로 - 기타,승용,여,53세,경상,승용,남,68세,상해없음
2016020900100374,2016년 2월 9일 22시,화요일,충청북도 괴산군 칠성면,경상사고,0,0,1,0,차대차 - 측면충돌,안전거리미확보,건조,맑음,단일로 - 기타,승용,남,33세,상해없음,승용,남,47세,경상
2016020900100387,2016년 2월 9일 23시,화요일,충청북도 충주시 연수동,경상사고,0,0,1,0,차대사람 - 기타,안전운전불이행,건조,맑음,단일로 - 기타,승용,남,58세,상해없음,보행자,여,17세,경상
2016021000100024,2016년 2월 10일 01시,수요일,충청북도 청주시 서원구 모충동,중상사고,0,1,1,0,차대차 - 측면직각충돌,교차로운행방법위반,건조,맑음,교차로 - 교차로안,승용,남,27세,상해없음,승용,남,26세,중상
2016021000100079,2016년 2월 10일 08시,수요일,충청북도 청주시 서원구 개신동,중상사고,0,1,0,0,차량단독 - 전도전복,안전운전불이행,건조,맑음,단일로 - 기타,이륜,남,72세,중상,,,,
2016021000100080,2016년 2월 10일 08시,수요일,충청북도 청주시 흥덕구 복대동,경상사고,0,0,1,0,차대차 - 측면충돌,안전거리미확보,건조,맑음,교차로 - 교차로안,승용,남,59세,상해없음,승용,남,56세,경상
2016021000100081,2016년 2월 10일 08시,수요일,충청북도 청주시 상당구 남일면,중상사고,0,1,0,0,차대차 - 측면충돌,신호위반,건조,맑음,교차로 - 교차로안,승용,남,47세,상해없음,승용,남,25세,중상
2016021000100112,2016년 2월 10일 11시,수요일,충청북도 청주시 흥덕구 가경동,경상사고,0,0,1,0,차대차 - 측면직각충돌,직진우회전진행방해,건조,맑음,교차로 - 교차로안,승용,남,59세,상해없음,승용,남,37세,경상
2016021000100113,2016년 2월 10일 11시,수요일,충청북도 청주시 상당구 남문로1가동,경상사고,0,0,1,0,차대사람 - 횡단중,안전운전불이행,건조,맑음,단일로 - 기타,승용,남,72세,상해없음,보행자,남,17세,경상
2016021000100140,2016년 2월 10일 12시,수요일,충청북도 제천시 화산동,경상사고,0,0,3,0,차대차 - 추돌,직진우회전진행방해,건조,맑음,교차로 - 교차로안,승합,남,73세,기타불명,승용,남,80세,상해없음
2016021000100167,2016년 2월 10일 13시,수요일,충청북도 제천시 서부동,중상사고,0,1,0,0,차대사람 - 기타,안전운전불이행,건조,맑음,단일로 - 기타,화물,남,73세,상해없음,보행자,여,10세,중상
2016021000100195,2016년 2월 10일 14시,수요일,충청북도 청주시 상당구 용암동,경상사고,0,0,1,0,차대차 - 추돌,안전운전불이행,건조,맑음,교차로 - 교차로안,승합,남,60세,상해없음,승용,여,48세,경상
2016021000100196,2016년 2월 10일 14시,수요일,충청북도 청주시 상당구 서문동,경상사고,0,0,4,0,차대차 - 추돌,안전운전불이행,건조,맑음,단일로 - 기타,승용,남,24세,상해없음,승용,남,42세,경상
2016021000100222,2016년 2월 10일 15시,수요일,충청북도 충주시 봉방동,경상사고,0,0,1,1,차대차 - 측면충돌,직진우회전진행방해,건조,맑음,교차로 - 교차로안,화물,여,61세,부상신고,승용,남,50세,경상
2016021000100223,2016년 2월 10일 15시,수요일,충청북도 청주시 상당구 남주동,중상사고,0,1,0,0,차대사람 - 횡단중,보행자보호의무위반,건조,맑음,교차로 - 교차로부근,승용,남,27세,상해없음,보행자,여,71세,중상
2016021000100254,2016년 2월 10일 16시,수요일,충청북도 충주시 목행동,중상사고,0,2,0,0,차대차 - 정면충돌,안전거리미확보,건조,맑음,단일로 - 기타,승용,여,50세,상해없음,승용,여,38세,중상
2016021000100255,2016년 2월 10일 16시,수요일,충청북도 청주시 흥덕구 복대동,경상사고,0,0,1,0,차대사람 - 길가장자리구역통행중,안전운전불이행,건조,맑음,단일로 - 기타,승용,남,54세,상해없음,보행자,여,53세,경상
2016021000100281,2016년 2월 10일 17시,수요일,충청북도 청주시 상당구 용암동,경상사고,0,0,1,0,차대차 - 정면충돌,안전운전불이행,건조,맑음,교차로 - 교차로부근,승용,남,61세,상해없음,승용,남,33세,경상
2016021000100309,2016년 2월 10일 18시,수요일,충청북도 충주시 안림동,중상사고,0,1,0,0,차대차 - 측면충돌,안전거리미확보,건조,맑음,단일로 - 기타,승용,여,33세,상해없음,승용,남,47세,중상
2016021000100336,2016년 2월 10일 19시,수요일,충청북도 청주시 청원구 내수읍,중상사고,0,1,0,0,차대차 - 측면직각충돌,신호위반,건조,맑음,교차로 - 교차로안,승용,남,53세,상해없음,승용,남,60세,중상
2016021000100364,2016년 2월 10일 20시,수요일,충청북도 충주시 교현동,경상사고,0,0,1,0,차대차 - 측면충돌,안전운전불이행,건조,기타,단일로 - 기타,이륜,남,19세,기타불명,승용,여,55세,경상
2016021000100365,2016년 2월 10일 20시,수요일,충청북도 청주시 흥덕구 오송읍,경상사고,0,0,4,0,차대차 - 측면직각충돌,안전운전불이행,건조,맑음,교차로 - 교차로안,승용,남,38세,상해없음,승용,남,42세,경상
2016021000100412,2016년 2월 10일 22시,수요일,충청북도 청주시 상당구 용암동,중상사고,0,1,0,0,차대사람 - 횡단중,안전운전불이행,건조,맑음,단일로 - 횡단보도부근,승용,남,57세,상해없음,보행자,남,31세,중상
2016021100100009,2016년 2월 11일 00시,목요일,충청북도 청주시 흥덕구 봉명동,경상사고,0,0,1,0,차대사람 - 횡단중,안전운전불이행,건조,맑음,기타 - 기타,승용,남,27세,상해없음,보행자,남,19세,경상
2016021100100088,2016년 2월 11일 08시,목요일,충청북도 제천시 봉양읍,경상사고,0,0,1,0,차대차 - 추돌,안전거리미확보,건조,맑음,기타 - 기타,화물,남,50세,상해없음,승용,여,42세,경상
2016021100100089,2016년 2월 11일 08시,목요일,충청북도 청주시 상당구 금천동,경상사고,0,0,2,0,차대차 - 측면충돌,신호위반,건조,맑음,교차로 - 교차로안,승용,남,40세,상해없음,승용,남,57세,경상
2016021100100124,2016년 2월 11일 10시,목요일,충청북도 청주시 상당구 용암동,중상사고,0,1,0,0,차량단독 - 기타,안전운전불이행,건조,맑음,단일로 - 기타,승합,남,50세,상해없음,,,,
2016021100100125,2016년 2월 11일 10시,목요일,충청북도 청주시 상당구 석교동,중상사고,0,1,0,0,차대사람 - 기타,기타,건조,맑음,단일로 - 기타,기타불명,기타불명,기타불명,기타불명,보행자,여,82세,중상
2016021100100140,2016년 2월 11일 11시,목요일,충청북도 청주시 흥덕구 봉명동,중상사고,0,1,0,0,차대차 - 정면충돌,안전거리미확보,건조,맑음,단일로 - 기타,화물,남,46세,상해없음,원동기,남,16세,중상
2016021100100203,2016년 2월 11일 14시,목요일,충청북도 청주시 서원구 수곡동,경상사고,0,0,1,0,차대차 - 정면충돌,안전운전불이행,건조,맑음,교차로 - 교차로안,승용,남,46세,상해없음,승용,여,48세,경상
2016021100100230,2016년 2월 11일 15시,목요일,충청북도 청주시 서원구 수곡동,중상사고,0,1,0,0,차대차 - 측면충돌,신호위반,건조,맑음,교차로 - 교차로안,승용,여,51세,상해없음,원동기,남,79세,중상
2016021100100231,2016년 2월 11일 15시,목요일,충청북도 청주시 상당구 문의면,경상사고,0,0,2,0,차대차 - 정면충돌,신호위반,건조,맑음,교차로 - 교차로안,승용,남,29세,경상,승용,남,39세,경상
2016021100100253,2016년 2월 11일 16시,목요일,충청북도 청주시 서원구 모충동,중상사고,0,1,0,0,차대차 - 측면충돌,중앙선침범,건조,맑음,단일로 - 기타,승용,여,64세,상해없음,승용,여,49세,중상
2016021100100312,2016년 2월 11일 18시,목요일,충청북도 증평군 증평읍,경상사고,0,0,1,0,차대차 - 측면충돌,안전운전불이행,건조,맑음,교차로 - 교차로안,승용,남,50세,상해없음,이륜,남,61세,경상
2016021100100334,2016년 2월 11일 19시,목요일,충청북도 제천시 두학동,경상사고,0,0,1,0,차대차 - 추돌,안전운전불이행,건조,흐림,단일로 - 기타,화물,남,67세,경상,건설기계,남,36세,상해없음
2016021100100335,2016년 2월 11일 19시,목요일,충청북도 제천시 의림동,중상사고,0,1,1,0,차대차 - 정면충돌,안전운전불이행,건조,맑음,단일로 - 기타,승용,여,52세,경상,승용,남,29세,중상
2016021100100336,2016년 2월 11일 19시,목요일,충청북도 진천군 덕산면,경상사고,0,0,1,0,차대차 - 정면충돌,안전운전불이행,건조,맑음,교차로 - 교차로부근,승용,여,56세,상해없음,승용,남,62세,경상
2016021100100337,2016년 2월 11일 19시,목요일,충청북도 청주시 흥덕구 강내면,중상사고,0,1,0,0,차대차 - 측면충돌,중앙선침범,건조,흐림,단일로 - 교량,화물,남,52세,상해없음,승용,남,43세,중상
2016021100100406,2016년 2월 11일 22시,목요일,충청북도 청주시 청원구 사천동,경상사고,0,0,1,0,차대사람 - 횡단중,보행자보호의무위반,건조,맑음,단일로 - 횡단보도상,이륜,남,39세,상해없음,보행자,남,15세,경상
2016021200100040,2016년 2월 12일 01시,금요일,충청북도 충주시 교현동,경상사고,0,0,1,0,차대차 - 측면충돌,신호위반,습기,비,교차로 - 교차로안,기타불명,기타불명,16세,기타불명,승용,남,56세,경상
2016021200100146,2016년 2월 12일 08시,금요일,충청북도 제천시 송학면,경상사고,0,0,1,0,차량단독 - 전도전복,안전운전불이행,습기,비,단일로 - 기타,승용,여,47세,경상,,,,
2016021200100203,2016년 2월 12일 11시,금요일,충청북도 청주시 흥덕구 휴암동,경상사고,0,0,1,0,차대차 - 정면충돌,신호위반,습기,비,교차로 - 교차로안,승용,남,74세,기타불명,화물,남,41세,경상
2016021200100247,2016년 2월 12일 13시,금요일,충청북도 충주시 살미면,중상사고,0,1,1,0,차대차 - 정면충돌,안전운전불이행,습기,비,교차로 - 교차로안,승용,남,73세,상해없음,승용,여,42세,중상
2016021200100248,2016년 2월 12일 13시,금요일,충청북도 청주시 상당구 용암동,중상사고,0,1,0,0,차대사람 - 횡단중,보행자보호의무위반,습기,비,교차로 - 교차로부근,승합,남,60세,상해없음,보행자,여,55세,중상
2016021200100296,2016년 2월 12일 15시,금요일,충청북도 청주시 청원구 우암동,경상사고,0,0,1,0,차대차 - 추돌,안전운전불이행,습기,비,교차로 - 교차로부근,승용,남,66세,상해없음,승용,남,50세,경상
2016021200100297,2016년 2월 12일 15시,금요일,충청북도 청주시 서원구 모충동,경상사고,0,0,1,0,차량단독 - 기타,안전운전불이행,건조,맑음,단일로 - 기타,승합,남,50세,상해없음,,,,
2016021200100316,2016년 2월 12일 16시,금요일,충청북도 청주시 서원구 사창동,경상사고,0,0,1,0,차대차 - 정면충돌,안전운전불이행,습기,맑음,교차로 - 교차로안,승용,남,63세,상해없음,이륜,남,35세,경상
2016021200100337,2016년 2월 12일 17시,금요일,충청북도 충주시 연수동,경상사고,0,0,1,0,차대차 - 측면충돌,안전거리미확보,건조,맑음,교차로 - 교차로부근,화물,남,54세,상해없음,승용,여,45세,경상
2016021200100364,2016년 2월 12일 18시,금요일,충청북도 충주시 대소원면,중상사고,0,1,0,0,차대차 - 측면직각충돌,안전운전불이행,건조,맑음,단일로 - 기타,특수,남,38세,상해없음,승용,남,72세,중상
2016021200100412,2016년 2월 12일 19시,금요일,충청북도 충주시 연수동,경상사고,0,0,1,0,차대사람 - 횡단중,안전운전불이행,건조,맑음,교차로 - 교차로안,기타불명,기타불명,16세,기타불명,보행자,여,48세,경상
2016021200100468,2016년 2월 12일 20시,금요일,충청북도 청주시 상당구 탑동,경상사고,0,0,1,0,차대차 - 측면충돌,안전운전불이행,건조,맑음,단일로 - 기타,승용,여,50세,상해없음,이륜,남,19세,경상
2016021200100504,2016년 2월 12일 21시,금요일,충청북도 제천시 고암동,경상사고,0,0,2,0,차대차 - 추돌,안전운전불이행,습기,비,교차로 - 교차로안,승용,남,46세,경상,승용,남,43세,경상
2016021200100542,2016년 2월 12일 22시,금요일,충청북도 청주시 흥덕구 가경동,경상사고,0,0,1,0,차대차 - 기타,안전운전불이행,건조,맑음,교차로 - 교차로안,승용,남,75세,기타불명,화물,남,43세,경상
2016021300100035,2016년 2월 13일 01시,토요일,충청북도 청주시 흥덕구 석곡동,경상사고,0,0,1,0,차대차 - 추돌,안전운전불이행,건조,맑음,단일로 - 기타,승용,남,22세,상해없음,승용,남,35세,경상
2016021300100073,2016년 2월 13일 04시,토요일,충청북도 청주시 서원구 남이면,중상사고,0,1,0,0,차대차 - 정면충돌,중앙선침범,건조,맑음,단일로 - 기타,승용,남,33세,상해없음,화물,남,35세,중상
2016021300100136,2016년 2월 13일 09시,토요일,충청북도 청주시 상당구 남주동,경상사고,0,0,3,0,차대차 - 측면충돌,교차로운행방법위반,건조,맑음,교차로 - 교차로안,승용,여,49세,경상,승용,남,28세,경상
2016021300100186,2016년 2월 13일 11시,토요일,충청북도 청주시 상당구 석교동,경상사고,0,0,1,0,차대차 - 측면충돌,기타,건조,맑음,단일로 - 기타,승용,남,63세,상해없음,자전거,남,73세,경상
2016021300100204,2016년 2월 13일 12시,토요일,충청북도 음성군 금왕읍,경상사고,0,0,1,0,차대차 - 측면충돌,교차로운행방법위반,건조,흐림,교차로 - 교차로안,승용,남,45세,상해없음,이륜,남,31세,경상
2016021300100221,2016년 2월 13일 13시,토요일,충청북도 청주시 청원구 사천동,경상사고,0,0,1,0,차대차 - 측면직각충돌,중앙선침범,건조,맑음,단일로 - 기타,승합,남,48세,상해없음,화물,남,36세,경상
2016021300100222,2016년 2월 13일 13시,토요일,충청북도 청주시 흥덕구 복대동,중상사고,0,1,0,0,차대사람 - 횡단중,안전운전불이행,건조,맑음,단일로 - 기타,승용,여,48세,상해없음,보행자,여,84세,중상
2016021300100223,2016년 2월 13일 13시,토요일,충청북도 청주시 상당구 용암동,경상사고,0,0,1,0,차대사람 - 횡단중,보행자보호의무위반,습기,비,단일로 - 횡단보도상,승용,여,66세,상해없음,보행자,남,8세,경상
2016021300100235,2016년 2월 13일 14시,토요일,충청북도 단양군 영춘면,경상사고,0,0,1,0,차대사람 - 횡단중,안전운전불이행,건조,맑음,단일로 - 기타,화물,남,48세,상해없음,보행자,여,81세,경상
2016021300100307,2016년 2월 13일 17시,토요일,충청북도 충주시 봉방동,중상사고,0,1,0,0,차대차 - 측면충돌,안전거리미확보,건조,흐림,교차로 - 교차로안,승용,남,45세,상해없음,승용,남,60세,중상
2016021300100308,2016년 2월 13일 17시,토요일,충청북도 청주시 흥덕구 복대동,경상사고,0,0,2,0,차대차 - 기타,안전운전불이행,건조,맑음,교차로 - 교차로부근,화물,남,47세,기타불명,승용,남,26세,경상
2016021300100354,2016년 2월 13일 18시,토요일,충청북도 청주시 청원구 북이면,중상사고,0,1,0,0,차대사람 - 횡단중,신호위반,건조,맑음,교차로 - 교차로안,승용,남,39세,상해없음,보행자,남,22세,중상
2016021300100355,2016년 2월 13일 18시,토요일,충청북도 제천시 고암동,경상사고,0,0,5,0,차대차 - 추돌,중앙선침범,습기,비,단일로 - 기타,승용,남,35세,경상,승용,남,44세,경상
2016021300100356,2016년 2월 13일 18시,토요일,충청북도 청주시 상당구 탑동,중상사고,0,2,0,0,차대차 - 측면충돌,안전운전불이행,습기,흐림,단일로 - 기타,승용,남,35세,상해없음,승용,남,44세,중상
2016021300100392,2016년 2월 13일 19시,토요일,충청북도 옥천군 이원면,경상사고,0,0,1,0,차대차 - 측면직각충돌,안전운전불이행,습기,비,단일로 - 기타,승용,남,22세,경상,화물,남,38세,상해없음
2016021300100393,2016년 2월 13일 19시,토요일,충청북도 청주시 상당구 영운동,중상사고,0,2,0,0,차대사람 - 횡단중,보행자보호의무위반,습기,비,교차로 - 교차로안,승용,남,51세,상해없음,보행자,남,53세,중상
2016021300100435,2016년 2월 13일 20시,토요일,충청북도 청주시 흥덕구 가경동,경상사고,0,0,1,0,차량단독 - 기타,안전운전불이행,습기,비,기타 - 기타,승용,남,49세,상해없음,,,,
2016021300100461,2016년 2월 13일 21시,토요일,충청북도 청주시 흥덕구 봉명동,중상사고,0,1,0,0,차대차 - 기타,안전운전불이행,습기,비,단일로 - 기타,원동기,남,49세,중상,승용,남,43세,상해없음
2016021300100516,2016년 2월 13일 23시,토요일,충청북도 증평군 증평읍,경상사고,0,0,10,0,차대차 - 추돌,안전운전불이행,건조,맑음,교차로 - 교차로부근,승용,남,37세,상해없음,승용,남,45세,경상
2016021400100014,2016년 2월 14일 00시,일요일,충청북도 청주시 상당구 용암동,중상사고,0,1,0,0,차대차 - 측면직각충돌,안전운전불이행,건조,맑음,단일로 - 기타,기타불명,기타불명,20세,기타불명,승용,남,32세,중상
2016021400100100,2016년 2월 14일 07시,일요일,충청북도 제천시 청전동,중상사고,0,1,0,0,차대사람 - 횡단중,안전운전불이행,습기,비,단일로 - 기타,승용,남,24세,상해없음,보행자,남,47세,중상
2016021400100104,2016년 2월 14일 08시,일요일,충청북도 청주시 청원구 내덕동,경상사고,0,0,1,0,차대차 - 측면직각충돌,신호위반,건조,맑음,교차로 - 교차로안,승합,남,77세,상해없음,승용,남,29세,경상
2016021400100156,2016년 2월 14일 13시,일요일,충청북도 청주시 흥덕구 비하동,경상사고,0,0,1,0,차대차 - 측면직각충돌,안전운전불이행,건조,맑음,기타 - 기타,승용,여,27세,상해없음,승용,남,38세,경상
2016021400100175,2016년 2월 14일 14시,일요일,충청북도 음성군 맹동면,경상사고,0,0,4,0,차대차 - 측면충돌,교차로운행방법위반,건조,흐림,교차로 - 교차로안,화물,여,18세,경상,화물,남,62세,경상
2016021400100195,2016년 2월 14일 15시,일요일,충청북도 충주시 앙성면,중상사고,0,1,3,0,차대차 - 정면충돌,직진우회전진행방해,건조,맑음,교차로 - 교차로안,승용,남,29세,경상,승용,여,56세,경상
2016021400100196,2016년 2월 14일 15시,일요일,충청북도 진천군 진천읍,중상사고,0,1,1,0,차대차 - 측면충돌,교차로운행방법위반,건조,맑음,교차로 - 교차로안,승용,남,43세,경상,이륜,남,22세,중상
2016021400100269,2016년 2월 14일 18시,일요일,충청북도 제천시 청전동,경상사고,0,0,1,0,차대차 - 추돌,직진우회전진행방해,습기,비,교차로 - 교차로안,승용,남,67세,기타불명,승용,여,34세,경상
2016021400100270,2016년 2월 14일 18시,일요일,충청북도 청주시 흥덕구 신촌동,중상사고,0,2,0,0,차대차 - 정면충돌,안전운전불이행,적설,눈,교차로 - 교차로부근,화물,남,40세,상해없음,승용,남,30세,중상
2016021400100271,2016년 2월 14일 18시,일요일,충청북도 청주시 상당구 금천동,경상사고,0,0,1,0,차대차 - 측면충돌,교차로운행방법위반,건조,맑음,교차로 - 교차로안,승용,남,22세,상해없음,승용,남,51세,경상
2016021400100289,2016년 2월 14일 19시,일요일,충청북도 청주시 청원구 오창읍,경상사고,0,0,1,0,차대사람 - 횡단중,보행자보호의무위반,결빙,눈,교차로 - 교차로안,승합,남,48세,상해없음,보행자,남,26세,경상
2016021400100290,2016년 2월 14일 19시,일요일,충청북도 충주시 연수동,중상사고,0,1,0,0,차대차 - 측면충돌,안전운전불이행,습기,비,단일로 - 기타,승용,남,36세,상해없음,이륜,남,16세,중상
2016021400100291,2016년 2월 14일 19시,일요일,충청북도 진천군 광혜원면,경상사고,0,0,1,0,차대차 - 측면충돌,신호위반,건조,맑음,교차로 - 교차로안,승용,남,51세,상해없음,승용,여,33세,경상
2016021400100292,2016년 2월 14일 19시,일요일,충청북도 청주시 서원구 장암동,경상사고,0,0,5,0,차대차 - 정면충돌,신호위반,건조,맑음,교차로 - 교차로안,승용,여,41세,상해없음,화물,남,74세,상해없음
2016021400100309,2016년 2월 14일 20시,일요일,충청북도 청주시 청원구 오창읍,경상사고,0,0,1,0,차대차 - 측면직각충돌,안전운전불이행,결빙,흐림,교차로 - 교차로부근,이륜,남,39세,경상,승용,남,24세,상해없음
2016021400100310,2016년 2월 14일 20시,일요일,충청북도 청주시 상당구 북문로1가동,경상사고,0,0,6,0,차대차 - 측면충돌,차로위반,습기,흐림,단일로 - 기타,승용,남,55세,경상,승용,남,34세,경상
2016021400100341,2016년 2월 14일 22시,일요일,충청북도 음성군 대소면,중상사고,0,1,0,0,차대사람 - 횡단중,안전운전불이행,건조,맑음,단일로 - 기타,승용,남,46세,상해없음,보행자,남,58세,중상
2016021400100342,2016년 2월 14일 22시,일요일,충청북도 음성군 음성읍,경상사고,0,0,1,0,차대차 - 측면충돌,교차로운행방법위반,건조,맑음,교차로 - 교차로안,승용,남,55세,상해없음,승용,남,22세,경상
2016021400100356,2016년 2월 14일 23시,일요일,충청북도 충주시 교현동,중상사고,0,1,0,0,차대차 - 측면충돌,신호위반,건조,맑음,교차로 - 교차로안,승용,여,27세,상해없음,승용,남,27세,중상
2016021400100357,2016년 2월 14일 23시,일요일,충청북도 청주시 상당구 용담동,중상사고,0,1,0,1,차량단독 - 공작물충돌,안전운전불이행,습기,눈,단일로 - 기타,승용,남,26세,부상신고,,,,
2016021500100004,2016년 2월 15일 00시,월요일,충청북도 옥천군 이원면,경상사고,0,0,1,0,차대사람 - 차도통행중,안전운전불이행,건조,흐림,단일로 - 기타,화물,남,67세,상해없음,보행자,남,52세,경상
2016021500100027,2016년 2월 15일 04시,월요일,충청북도 충주시 용산동,경상사고,0,0,1,0,차대차 - 기타,안전거리미확보,건조,맑음,교차로 - 교차로부근,승용,남,58세,상해없음,승용,남,54세,경상
2016021500100039,2016년 2월 15일 06시,월요일,충청북도 옥천군 옥천읍,중상사고,0,1,0,0,차대사람 - 횡단중,신호위반,건조,맑음,단일로 - 횡단보도상,화물,남,60세,상해없음,보행자,여,83세,중상
2016021500100084,2016년 2월 15일 08시,월요일,충청북도 청주시 흥덕구 수의동,중상사고,0,1,3,0,차대차 - 측면충돌,안전운전불이행,적설,눈,단일로 - 기타,승합,남,68세,경상,승용,남,32세,경상
2016021500100085,2016년 2월 15일 08시,월요일,충청북도 청주시 서원구 산남동,경상사고,0,0,2,0,차대차 - 정면충돌,안전운전불이행,건조,맑음,교차로 - 교차로부근,승용,남,24세,상해없음,승용,여,50세,경상
2016021500100086,2016년 2월 15일 08시,월요일,충청북도 청주시 상당구 낭성면,중상사고,0,2,0,0,차대차 - 측면충돌,중앙선침범,결빙,눈,단일로 - 기타,승용,여,33세,중상,승용,여,49세,중상
2016021500100129,2016년 2월 15일 09시,월요일,충청북도 청주시 상당구 북문로2가동,경상사고,0,0,1,0,차대차 - 기타,안전운전불이행,건조,맑음,기타 - 기타,승용,남,42세,상해없음,승합,남,52세,상해없음
2016021500100130,2016년 2월 15일 09시,월요일,충청북도 청주시 청원구 오창읍,중상사고,0,1,0,0,차대차 - 기타,기타,건조,맑음,단일로 - 기타,기타불명,기타불명,기타불명,기타불명,승합,남,58세,중상
2016021500100159,2016년 2월 15일 10시,월요일,충청북도 진천군 진천읍,경상사고,0,0,1,0,차대차 - 추돌,안전운전불이행,건조,맑음,교차로 - 교차로부근,건설기계,남,51세,상해없음,화물,남,48세,경상
2016021500100160,2016년 2월 15일 10시,월요일,충청북도 청주시 상당구 석교동,경상사고,0,0,1,0,차대차 - 측면충돌,신호위반,건조,맑음,교차로 - 교차로부근,화물,남,59세,상해없음,자전거,남,78세,경상
2016021500100192,2016년 2월 15일 11시,월요일,충청북도 청주시 흥덕구 수의동,경상사고,0,0,2,0,차대차 - 측면충돌,안전운전불이행,건조,맑음,단일로 - 기타,승용,여,52세,상해없음,승용,여,54세,경상
2016021500100245,2016년 2월 15일 13시,월요일,충청북도 청주시 상당구 지북동,경상사고,0,0,2,0,차대차 - 측면충돌,안전거리미확보,건조,맑음,교차로 - 교차로안,승용,남,62세,상해없음,승용,여,35세,경상
2016021500100280,2016년 2월 15일 14시,월요일,충청북도 충주시 산척면,경상사고,0,0,1,1,차대차 - 측면충돌,안전운전불이행,건조,맑음,교차로 - 교차로부근,승용,여,53세,부상신고,화물,남,44세,경상
2016021500100281,2016년 2월 15일 14시,월요일,충청북도 청주시 흥덕구 가경동,경상사고,0,0,1,0,차대차 - 기타,기타,건조,맑음,단일로 - 기타,승용,남,49세,상해없음,이륜,남,32세,경상
2016021500100313,2016년 2월 15일 15시,월요일,충청북도 충주시 봉방동,경상사고,0,0,2,0,차대차 - 측면충돌,교차로운행방법위반,건조,맑음,교차로 - 교차로안,승용,남,54세,상해없음,승용,남,37세,경상
2016021500100314,2016년 2월 15일 15시,월요일,충청북도 옥천군 청성면,중상사고,0,1,0,0,차량단독 - 전도전복,안전운전불이행,건조,맑음,단일로 - 기타,화물,남,73세,상해없음,,,,
2016021500100353,2016년 2월 15일 16시,월요일,충청북도 충주시 금릉동,경상사고,0,0,1,0,차대차 - 정면충돌,안전운전불이행,건조,맑음,교차로 - 교차로안,승용,남,31세,상해없음,자전거,여,50세,경상
2016021500100354,2016년 2월 15일 16시,월요일,충청북도 제천시 흑석동,중상사고,0,1,0,0,차대차 - 추돌,안전운전불이행,습기,눈,단일로 - 기타,승용,남,69세,상해없음,화물,남,65세,중상
2016021500100355,2016년 2월 15일 16시,월요일,충청북도 음성군 대소면,경상사고,0,0,2,0,차대차 - 기타,안전운전불이행,건조,맑음,단일로 - 기타,승용,남,32세,상해없음,승용,여,27세,경상
2016021500100393,2016년 2월 15일 17시,월요일,충청북도 제천시 중앙로2가,경상사고,0,0,1,0,차대차 - 측면직각충돌,안전운전불이행,건조,맑음,기타 - 기타,이륜,남,19세,경상,승용,남,47세,상해없음
2016021500100394,2016년 2월 15일 17시,월요일,충청북도 증평군 증평읍,경상사고,0,0,7,0,차대차 - 추돌,안전운전불이행,건조,맑음,교차로 - 교차로부근,화물,남,57세,경상,승합,남,62세,상해없음
2016021500100429,2016년 2월 15일 18시,월요일,충청북도 청주시 청원구 우암동,중상사고,0,1,0,0,차대사람 - 횡단중,보행자보호의무위반,습기,비,단일로 - 횡단보도상,승용,남,41세,상해없음,보행자,남,16세,중상
2016021500100430,2016년 2월 15일 18시,월요일,충청북도 충주시 호암동,경상사고,0,0,2,0,차대차 - 정면충돌,안전운전불이행,건조,맑음,교차로 - 교차로부근,승용,여,40세,경상,승용,남,67세,경상
2016021500100431,2016년 2월 15일 18시,월요일,충청북도 진천군 진천읍,중상사고,0,1,0,0,차량단독 - 전도전복,안전운전불이행,결빙,눈,단일로 - 기타,화물,여,33세,중상,,,,
2016021500100432,2016년 2월 15일 18시,월요일,충청북도 청주시 흥덕구 복대동,경상사고,0,0,1,0,차대사람 - 횡단중,보행자보호의무위반,건조,맑음,단일로 - 횡단보도상,화물,남,56세,상해없음,보행자,여,9세,경상