사고번호,사고일시,요일,시군구,사고내용,사망자수,중상자수,경상자수,부상신고자수,사고유형,법규위반,노면상태,기상상태,도로형태,가해운전자 차종,가해운전자 성별,가해운전자 연령,가해운전자 상해정도,피해운전자 차종,피해운전자 성별,피해운전자 연령,피해운전자 상해정도
2016021500100433,2016년 2월 15일 18시,월요일,충청북도 청주시 서원구 남이면,중상사고,0,4,0,0,차대차 - 기타,안전운전불이행,건조,맑음,단일로 - 기타,승용,여,52세,상해없음,승용,남,68세,중상
2016021500100434,2016년 2월 15일 18시,월요일,충청북도 청주시 서원구 산남동,중상사고,0,1,0,0,차대사람 - 횡단중,안전운전불이행,건조,맑음,교차로 - 교차로부근,원동기,남,16세,상해없음,보행자,남,11세,중상
2016021500100470,2016년 2월 15일 19시,월요일,충청북도 청주시 서원구 개신동,경상사고,0,0,1,0,차대차 - 기타,안전운전불이행,건조,맑음,교차로 - 교차로부근,승용,남,64세,상해없음,이륜,남,48세,경상
2016021500100504,2016년 2월 15일 20시,월요일,충청북도 증평군 증평읍,중상사고,0,1,0,0,차대사람 - 횡단중,안전운전불이행,건조,맑음,단일로 - 기타,이륜,남,29세,상해없음,보행자,여,47세,중상
2016021500100525,2016년 2월 15일 21시,월요일,충청북도 음성군 대소면,경상사고,0,0,2,0,차대차 - 측면충돌,신호위반,건조,맑음,교차로 - 교차로안,화물,남,56세,상해없음,승용,남,51세,경상
2016021500100526,2016년 2월 15일 21시,월요일,충청북도 청주시 서원구 수곡동,경상사고,0,0,2,0,차대차 - 추돌,안전운전불이행,건조,맑음,교차로 - 교차로부근,승용,남,54세,상해없음,승용,남,37세,경상
2016021500100593,2016년 2월 15일 23시,월요일,충청북도 청주시 청원구 주성동,중상사고,0,1,0,0,차대차 - 기타,안전운전불이행,건조,맑음,교차로 - 교차로부근,이륜,남,16세,상해없음,이륜,남,16세,중상
2016021600100092,2016년 2월 16일 07시,화요일,충청북도 청주시 청원구 우암동,경상사고,0,0,1,0,차대차 - 측면직각충돌,안전운전불이행,건조,맑음,교차로 - 교차로안,승용,남,73세,상해없음,자전거,남,23세,경상
2016021600100130,2016년 2월 16일 08시,화요일,충청북도 음성군 음성읍,경상사고,0,0,1,0,차대차 - 추돌,안전운전불이행,건조,맑음,단일로 - 기타,승용,남,39세,상해없음,승용,여,29세,경상
2016021600100165,2016년 2월 16일 09시,화요일,충청북도 청주시 흥덕구 복대동,경상사고,0,0,1,0,차대차 - 정면충돌,교차로운행방법위반,건조,맑음,교차로 - 교차로안,승용,남,54세,상해없음,승용,남,28세,경상
2016021600100196,2016년 2월 16일 10시,화요일,충청북도 충주시 앙성면,경상사고,0,0,1,0,차대사람 - 횡단중,안전운전불이행,건조,맑음,기타 - 기타,화물,남,68세,상해없음,보행자,남,66세,경상
2016021600100265,2016년 2월 16일 12시,화요일,충청북도 충주시 연수동,경상사고,0,0,1,1,차대차 - 측면충돌,직진우회전진행방해,건조,흐림,교차로 - 교차로안,승용,남,47세,부상신고,승용,여,27세,경상
2016021600100266,2016년 2월 16일 12시,화요일,충청북도 충주시 풍동,중상사고,0,1,0,0,차대차 - 정면충돌,안전운전불이행,건조,맑음,단일로 - 교량,승합,여,37세,상해없음,원동기,남,68세,중상
2016021600100267,2016년 2월 16일 12시,화요일,충청북도 괴산군 괴산읍,부상신고사고,0,0,0,1,차량단독 - 전도전복,안전운전불이행,건조,맑음,단일로 - 기타,이륜,여,72세,부상신고,,,,
2016021600100268,2016년 2월 16일 12시,화요일,충청북도 보은군 삼승면,경상사고,0,0,2,0,차대차 - 측면충돌,교차로운행방법위반,건조,맑음,교차로 - 교차로안,화물,남,70세,경상,승합,남,63세,경상
2016021600100269,2016년 2월 16일 12시,화요일,충청북도 음성군 금왕읍,중상사고,0,1,1,0,차량단독 - 전도전복,안전운전불이행,결빙,맑음,단일로 - 기타,승합,남,61세,경상,,,,
2016021600100270,2016년 2월 16일 12시,화요일,충청북도 청주시 서원구 남이면,경상사고,0,0,2,0,차대차 - 추돌,안전운전불이행,습기,눈,교차로 - 교차로부근,승용,여,32세,경상,승용,남,71세,경상
2016021600100305,2016년 2월 16일 13시,화요일,충청북도 청주시 서원구 성화동,경상사고,0,0,2,0,차대차 - 측면직각충돌,신호위반,건조,맑음,교차로 - 교차로안,승용,여,63세,상해없음,승용,여,53세,경상
2016021600100365,2016년 2월 16일 15시,화요일,충청북도 청주시 청원구 율량동,경상사고,0,0,1,0,차대차 - 측면충돌,안전운전불이행,건조,맑음,교차로 - 교차로안,승용,여,40세,상해없음,승용,여,56세,경상
2016021600100366,2016년 2월 16일 15시,화요일,충청북도 충주시 교현동,중상사고,0,1,0,0,차대사람 - 횡단중,안전운전불이행,습기,비,교차로 - 교차로부근,승용,여,52세,상해없음,보행자,남,86세,중상
2016021600100391,2016년 2월 16일 16시,화요일,충청북도 음성군 감곡면,경상사고,0,0,2,0,차대차 - 정면충돌,안전운전불이행,건조,맑음,교차로 - 교차로안,승용,남,45세,상해없음,화물,남,62세,경상
2016021600100424,2016년 2월 16일 17시,화요일,충청북도 진천군 진천읍,경상사고,0,0,1,0,차대차 - 기타,교차로운행방법위반,건조,맑음,교차로 - 교차로안,승합,남,63세,상해없음,승용,남,63세,상해없음
2016021600100425,2016년 2월 16일 17시,화요일,충청북도 청주시 흥덕구 복대동,부상신고사고,0,0,0,1,차대차 - 정면충돌,안전운전불이행,기타,눈,단일로 - 기타,이륜,남,19세,부상신고,승용,남,35세,상해없음
2016021600100426,2016년 2월 16일 17시,화요일,충청북도 청주시 상당구 용암동,경상사고,0,0,2,0,차대사람 - 기타,중앙선침범,습기,눈,단일로 - 기타,승용,남,61세,상해없음,보행자,남,54세,경상
2016021600100464,2016년 2월 16일 18시,화요일,충청북도 진천군 초평면,중상사고,0,1,1,0,차대차 - 정면충돌,안전거리미확보,건조,맑음,단일로 - 기타,화물,남,43세,상해없음,승용,여,66세,중상
2016021600100465,2016년 2월 16일 18시,화요일,충청북도 청주시 상당구 용암동,중상사고,0,1,0,0,차대사람 - 횡단중,안전운전불이행,건조,맑음,단일로 - 기타,화물,남,53세,상해없음,보행자,남,53세,중상
2016021600100554,2016년 2월 16일 21시,화요일,충청북도 청주시 흥덕구 복대동,경상사고,0,0,1,0,차대사람 - 횡단중,안전운전불이행,건조,흐림,단일로 - 기타,승용,남,54세,상해없음,보행자,남,29세,경상
2016021700100009,2016년 2월 17일 00시,수요일,충청북도 증평군 증평읍,중상사고,0,4,2,0,차량단독 - 공작물충돌,안전운전불이행,건조,맑음,단일로 - 기타,승용,남,19세,경상,,,,
2016021700100010,2016년 2월 17일 00시,수요일,충청북도 청주시 흥덕구 봉명동,경상사고,0,0,1,0,차대사람 - 횡단중,안전운전불이행,건조,맑음,교차로 - 교차로안,승용,남,48세,상해없음,보행자,남,30세,경상
2016021700100037,2016년 2월 17일 02시,수요일,충청북도 청주시 흥덕구 복대동,중상사고,0,1,0,0,차대차 - 측면직각충돌,안전운전불이행,건조,흐림,단일로 - 기타,승용,남,23세,상해없음,화물,남,24세,중상
2016021700100138,2016년 2월 17일 08시,수요일,충청북도 청주시 청원구 내덕동,경상사고,0,0,2,0,차대차 - 측면충돌,안전운전불이행,건조,맑음,단일로 - 기타,승용,남,37세,상해없음,승용,남,57세,경상
2016021700100140,2016년 2월 17일 08시,수요일,충청북도 제천시 두학동,중상사고,0,1,0,0,차대차 - 추돌,교차로운행방법위반,건조,맑음,교차로 - 교차로안,화물,남,73세,상해없음,승합,남,50세,상해없음
2016021700100141,2016년 2월 17일 08시,수요일,충청북도 옥천군 옥천읍,중상사고,0,2,0,0,차대차 - 정면충돌,중앙선침범,건조,맑음,단일로 - 기타,승용,여,29세,중상,승용,여,37세,중상
2016021700100182,2016년 2월 17일 09시,수요일,충청북도 청주시 서원구 남이면,경상사고,0,0,1,0,차대차 - 정면충돌,신호위반,건조,맑음,교차로 - 교차로안,승용,여,57세,상해없음,특수,남,48세,경상
2016021700100210,2016년 2월 17일 10시,수요일,충청북도 청주시 청원구 오창읍,중상사고,0,1,0,0,차대사람 - 횡단중,안전운전불이행,건조,맑음,단일로 - 횡단보도상,승용,여,36세,상해없음,보행자,남,15세,중상
2016021700100211,2016년 2월 17일 10시,수요일,충청북도 청주시 상당구 용정동,경상사고,0,0,1,0,차대차 - 측면충돌,안전운전불이행,건조,맑음,단일로 - 기타,승용,남,79세,상해없음,건설기계,남,52세,경상
2016021700100332,2016년 2월 17일 14시,수요일,충청북도 제천시 의림동,중상사고,0,1,0,0,차대차 - 추돌,직진우회전진행방해,건조,맑음,교차로 - 교차로안,승용,남,18세,상해없음,이륜,남,72세,중상
2016021700100333,2016년 2월 17일 14시,수요일,충청북도 제천시 명동,중상사고,0,1,0,0,차대사람 - 횡단중,보행자보호의무위반,건조,맑음,교차로 - 교차로부근,승용,여,54세,상해없음,보행자,남,19세,중상
2016021700100334,2016년 2월 17일 14시,수요일,충청북도 청주시 상당구 미원면,경상사고,0,0,1,0,차대차 - 측면충돌,안전운전불이행,건조,맑음,단일로 - 기타,화물,남,51세,상해없음,화물,남,54세,경상
2016021700100374,2016년 2월 17일 15시,수요일,충청북도 음성군 음성읍,중상사고,0,1,0,0,차대차 - 기타,안전운전불이행,건조,맑음,단일로 - 기타,기타불명,기타불명,기타불명,기타불명,자전거,남,10세,중상
2016021700100375,2016년 2월 17일 15시,수요일,충청북도 청주시 흥덕구 옥산면,경상사고,0,0,2,0,차대차 - 정면충돌,안전운전불이행,건조,맑음,단일로 - 기타,화물,남,60세,경상,승용,남,57세,경상
2016021700100443,2016년 2월 17일 17시,수요일,충청북도 충주시 풍동,중상사고,0,4,2,0,차대차 - 측면충돌,중앙선침범,건조,맑음,단일로 - 기타,승용,남,43세,경상,승합,남,57세,중상
2016021700100487,2016년 2월 17일 18시,수요일,충청북도 충주시 호암동,중상사고,0,1,0,0,차대사람 - 횡단중,안전운전불이행,건조,흐림,단일로 - 기타,승용,여,52세,상해없음,보행자,남,58세,중상
2016021700100488,2016년 2월 17일 18시,수요일,충청북도 음성군 대소면,경상사고,0,0,2,0,차대차 - 추돌,안전거리미확보,건조,맑음,단일로 - 기타,승용,여,48세,상해없음,승용,남,52세,경상
2016021700100566,2016년 2월 17일 20시,수요일,충청북도 괴산군 소수면,경상사고,0,0,1,0,차량단독 - 전도전복,안전운전불이행,건조,맑음,단일로 - 기타,승합,여,38세,경상,,,,
2016021700100596,2016년 2월 17일 21시,수요일,충청북도 청주시 흥덕구 봉명동,경상사고,0,0,1,0,차대차 - 정면충돌,교차로운행방법위반,기타,맑음,교차로 - 교차로안,화물,남,29세,상해없음,이륜,남,26세,경상
2016021700100630,2016년 2월 17일 22시,수요일,충청북도 청주시 흥덕구 송절동,경상사고,0,0,1,0,차대차 - 측면직각충돌,안전운전불이행,건조,맑음,교차로 - 교차로부근,승용,남,50세,상해없음,승용,남,35세,경상
2016021700100631,2016년 2월 17일 22시,수요일,충청북도 청주시 상당구 용정동,중상사고,0,1,0,0,차대사람 - 횡단중,안전운전불이행,건조,맑음,단일로 - 기타,승용,여,58세,상해없음,보행자,남,14세,중상
2016021700100657,2016년 2월 17일 23시,수요일,충청북도 청주시 흥덕구 오송읍,경상사고,0,0,1,0,차대차 - 추돌,안전거리미확보,건조,맑음,교차로 - 교차로부근,화물,남,55세,기타불명,승용,남,46세,경상
2016021800100013,2016년 2월 18일 00시,목요일,충청북도 음성군 음성읍,경상사고,0,0,2,0,차대차 - 기타,신호위반,건조,맑음,교차로 - 교차로안,승용,남,62세,상해없음,승용,남,18세,경상
2016021800100014,2016년 2월 18일 00시,목요일,충청북도 청주시 흥덕구 봉명동,사망사고,1,0,0,0,차대사람 - 횡단중,과속,건조,맑음,단일로 - 횡단보도상,승용,남,31세,상해없음,보행자,남,56세,사망
2016021800100051,2016년 2월 18일 03시,목요일,충청북도 청주시 상당구 금천동,경상사고,0,0,1,0,차량단독 - 전도전복,안전운전불이행,건조,맑음,단일로 - 기타,승용,남,52세,경상,,,,
2016021800100057,2016년 2월 18일 04시,목요일,충청북도 청주시 상당구 석교동,경상사고,0,0,1,0,차대차 - 측면직각충돌,신호위반,건조,맑음,교차로 - 교차로안,승용,여,30세,상해없음,승용,여,47세,경상
2016021800100089,2016년 2월 18일 06시,목요일,충청북도 청주시 서원구 사직동,경상사고,0,0,1,0,차대차 - 기타,안전운전불이행,건조,맑음,교차로 - 교차로안,승용,남,31세,상해없음,이륜,여,68세,경상
2016021800100107,2016년 2월 18일 07시,목요일,충청북도 제천시 백운면,중상사고,0,1,0,0,차량단독 - 전도전복,안전운전불이행,건조,맑음,기타 - 기타,특수,남,47세,중상,,,,
2016021800100135,2016년 2월 18일 08시,목요일,충청북도 청주시 청원구 오창읍,경상사고,0,0,2,0,차대차 - 측면직각충돌,안전거리미확보,건조,맑음,단일로 - 기타,승용,남,53세,경상,승용,여,35세,경상
2016021800100218,2016년 2월 18일 11시,목요일,충청북도 청주시 흥덕구 석소동,중상사고,0,1,0,0,차량단독 - 기타,안전운전불이행,건조,맑음,기타 - 기타,승용,남,66세,중상,,,,
2016021800100270,2016년 2월 18일 13시,목요일,충청북도 음성군 감곡면,경상사고,0,0,1,0,차대차 - 기타,교차로운행방법위반,건조,맑음,교차로 - 교차로안,이륜,남,74세,경상,화물,남,36세,상해없음
2016021800100271,2016년 2월 18일 13시,목요일,충청북도 단양군 영춘면,중상사고,0,1,0,0,차대차 - 정면충돌,중앙선침범,건조,맑음,단일로 - 기타,화물,남,54세,상해없음,승용,남,42세,중상
2016021800100289,2016년 2월 18일 14시,목요일,충청북도 청주시 서원구 사직동,경상사고,0,0,2,0,차대차 - 측면충돌,안전운전불이행,건조,맑음,교차로 - 교차로안,승용,남,54세,경상,승합,남,63세,경상
2016021800100290,2016년 2월 18일 14시,목요일,충청북도 청주시 흥덕구 수의동,경상사고,0,0,1,0,차대차 - 추돌,안전운전불이행,건조,맑음,교차로 - 교차로안,화물,남,70세,기타불명,승용,남,41세,경상
2016021800100319,2016년 2월 18일 15시,목요일,충청북도 옥천군 옥천읍,경상사고,0,0,1,0,차대차 - 측면충돌,안전운전불이행,건조,맑음,교차로 - 교차로안,원동기,남,47세,경상,승용,남,28세,상해없음
2016021800100321,2016년 2월 18일 15시,목요일,충청북도 청주시 서원구 분평동,중상사고,0,1,0,2,차대차 - 측면충돌,안전운전불이행,건조,맑음,교차로 - 교차로안,승용,여,53세,부상신고,이륜,남,21세,중상
2016021800100360,2016년 2월 18일 16시,목요일,충청북도 제천시 의림동,중상사고,0,1,0,0,차대사람 - 횡단중,보행자보호의무위반,건조,맑음,단일로 - 기타,승합,남,33세,상해없음,보행자,여,26세,중상
2016021800100361,2016년 2월 18일 16시,목요일,충청북도 청주시 서원구 수곡동,경상사고,0,0,1,0,차대사람 - 기타,안전운전불이행,건조,맑음,단일로 - 기타,승합,남,56세,상해없음,보행자,여,62세,경상
2016021800100384,2016년 2월 18일 17시,목요일,충청북도 청주시 청원구 율량동,경상사고,0,0,1,0,차대사람 - 횡단중,안전운전불이행,건조,맑음,교차로 - 교차로부근,승용,여,33세,상해없음,보행자,남,10세,경상
2016021800100413,2016년 2월 18일 18시,목요일,충청북도 청주시 청원구 내수읍,중상사고,0,2,0,0,차대차 - 정면충돌,신호위반,건조,맑음,교차로 - 교차로안,승합,남,59세,중상,승용,남,36세,중상
2016021800100414,2016년 2월 18일 18시,목요일,충청북도 제천시 중앙로2가,경상사고,0,0,3,0,차대차 - 추돌,안전운전불이행,건조,맑음,교차로 - 교차로부근,승용,여,32세,경상,화물,남,60세,상해없음
2016021800100455,2016년 2월 18일 19시,목요일,충청북도 청주시 청원구 북이면,사망사고,1,2,0,0,차량단독 - 전도전복,안전운전불이행,건조,맑음,교차로 - 교차로부근,승용,남,21세,중상,,,,
2016021800100456,2016년 2월 18일 19시,목요일,충청북도 충주시 칠금동,경상사고,0,0,2,0,차대차 - 측면충돌,안전운전불이행,건조,맑음,단일로 - 기타,화물,남,57세,상해없음,승용,여,39세,경상
2016021800100457,2016년 2월 18일 19시,목요일,충청북도 음성군 대소면,중상사고,0,1,0,0,차대차 - 기타,안전운전불이행,건조,맑음,단일로 - 기타,이륜,남,44세,중상,승용,남,35세,상해없음
2016021800100490,2016년 2월 18일 20시,목요일,충청북도 청주시 상당구 용암동,중상사고,0,1,0,0,차대차 - 정면충돌,안전운전불이행,건조,맑음,교차로 - 교차로부근,승합,남,22세,상해없음,이륜,남,33세,중상
2016021800100525,2016년 2월 18일 21시,목요일,충청북도 청주시 청원구 주성동,경상사고,0,0,1,0,차대차 - 측면충돌,신호위반,건조,맑음,교차로 - 교차로안,승용,남,81세,상해없음,승용,여,26세,경상
2016021800100565,2016년 2월 18일 22시,목요일,충청북도 영동군 영동읍,경상사고,0,0,2,0,차대차 - 기타,안전운전불이행,건조,맑음,단일로 - 기타,승용,남,62세,경상,승용,남,38세,경상
2016021800100566,2016년 2월 18일 22시,목요일,충청북도 청주시 흥덕구 가경동,중상사고,0,1,1,0,차대차 - 추돌,안전운전불이행,건조,맑음,교차로 - 교차로부근,승용,남,37세,상해없음,승용,남,57세,중상
2016021800100591,2016년 2월 18일 23시,목요일,충청북도 청주시 흥덕구 복대동,부상신고사고,0,0,0,1,차대차 - 추돌,안전운전불이행,건조,맑음,교차로 - 교차로부근,승용,남,34세,상해없음,승합,남,63세,상해없음
2016021900100114,2016년 2월 19일 07시,금요일,충청북도 청주시 청원구 오창읍,경상사고,0,0,1,0,차대차 - 추돌,안전운전불이행,습기,맑음,교차로 - 교차로부근,화물,남,56세,기타불명,화물,남,39세,경상
2016021900100138,2016년 2월 19일 08시,금요일,충청북도 청주시 흥덕구 봉명동,경상사고,0,0,2,0,차대차 - 정면충돌,안전운전불이행,건조,맑음,교차로 - 교차로부근,승용,남,23세,상해없음,승용,남,32세,경상
2016021900100162,2016년 2월 19일 09시,금요일,충청북도 청주시 상당구 용암동,경상사고,0,0,1,0,차대차 - 추돌,안전운전불이행,건조,맑음,단일로 - 기타,승용,여,33세,상해없음,승용,남,53세,경상
2016021900100198,2016년 2월 19일 11시,금요일,충청북도 청주시 청원구 율량동,경상사고,0,0,2,0,차대차 - 기타,안전운전불이행,건조,맑음,단일로 - 기타,승용,여,46세,상해없음,승합,남,56세,상해없음
2016021900100226,2016년 2월 19일 12시,금요일,충청북도 진천군 진천읍,경상사고,0,0,2,0,차대차 - 측면직각충돌,교차로운행방법위반,건조,맑음,교차로 - 교차로안,승용,여,38세,상해없음,승용,남,20세,경상
2016021900100250,2016년 2월 19일 13시,금요일,충청북도 제천시 천남동,중상사고,0,2,0,0,차대차 - 추돌,안전운전불이행,건조,맑음,교차로 - 교차로안,승용,남,60세,상해없음,승용,남,31세,중상
2016021900100251,2016년 2월 19일 13시,금요일,충청북도 청주시 상당구 서문동,경상사고,0,0,2,1,차대차 - 정면충돌,안전운전불이행,건조,맑음,단일로 - 기타,승용,남,29세,부상신고,승합,남,53세,경상
2016021900100280,2016년 2월 19일 14시,금요일,충청북도 음성군 금왕읍,중상사고,0,1,0,0,차대사람 - 횡단중,안전운전불이행,건조,맑음,단일로 - 기타,승용,여,57세,상해없음,보행자,남,13세,중상
2016021900100373,2016년 2월 19일 17시,금요일,충청북도 청주시 상당구 서문동,경상사고,0,0,1,0,차대사람 - 횡단중,신호위반,건조,맑음,단일로 - 기타,원동기,남,38세,상해없음,보행자,여,22세,경상
2016021900100417,2016년 2월 19일 18시,금요일,충청북도 청주시 상당구 금천동,경상사고,0,0,1,0,차대차 - 추돌,안전거리미확보,건조,맑음,교차로 - 교차로안,이륜,남,63세,상해없음,이륜,남,28세,경상
2016021900100418,2016년 2월 19일 18시,금요일,충청북도 청주시 상당구 용담동,중상사고,0,1,0,0,차대차 - 측면충돌,안전운전불이행,건조,맑음,단일로 - 기타,승용,여,45세,상해없음,승용,여,54세,중상
2016021900100458,2016년 2월 19일 19시,금요일,충청북도 충주시 교현동,중상사고,0,1,2,0,차대차 - 측면충돌,신호위반,건조,맑음,교차로 - 교차로안,승용,여,26세,상해없음,승용,남,49세,중상
2016021900100547,2016년 2월 19일 22시,금요일,충청북도 청주시 상당구 용암동,경상사고,0,0,1,0,차대차 - 측면충돌,안전운전불이행,건조,맑음,단일로 - 기타,승합,남,59세,상해없음,승용,남,69세,경상
2016021900100559,2016년 2월 19일 23시,금요일,충청북도 청주시 흥덕구 가경동,중상사고,0,1,0,0,차대차 - 정면충돌,신호위반,건조,맑음,교차로 - 교차로안,이륜,남,21세,상해없음,승용,남,33세,상해없음
2016022000100012,2016년 2월 20일 00시,토요일,충청북도 청주시 상당구 용암동,경상사고,0,0,1,0,차대차 - 측면충돌,중앙선침범,건조,맑음,단일로 - 기타,승용,남,53세,상해없음,승용,남,31세,경상
2016022000100036,2016년 2월 20일 01시,토요일,충청북도 청주시 서원구 분평동,경상사고,0,0,2,0,차대차 - 측면충돌,신호위반,건조,맑음,교차로 - 교차로안,화물,남,70세,상해없음,승용,남,30세,경상
2016022000100057,2016년 2월 20일 02시,토요일,충청북도 청주시 흥덕구 송정동,중상사고,0,2,3,0,차대차 - 측면직각충돌,신호위반,건조,맑음,교차로 - 교차로안,승용,남,42세,경상,화물,남,46세,경상
2016022000100090,2016년 2월 20일 04시,토요일,충청북도 음성군 대소면,사망사고,1,0,0,0,차대사람 - 횡단중,안전운전불이행,건조,맑음,단일로 - 기타,승용,남,38세,상해없음,보행자,남,29세,사망
2016022000100100,2016년 2월 20일 05시,토요일,충청북도 청주시 서원구 사직동,중상사고,0,1,0,0,차대차 - 측면충돌,신호위반,건조,맑음,교차로 - 교차로안,승용,여,31세,상해없음,승용,남,47세,중상
2016022000100118,2016년 2월 20일 06시,토요일,충청북도 청주시 상당구 지북동,중상사고,0,1,0,0,차대차 - 정면충돌,안전운전불이행,건조,맑음,단일로 - 기타,승용,남,19세,상해없음,화물,남,38세,중상
2016022000100151,2016년 2월 20일 08시,토요일,충청북도 청주시 흥덕구 강내면,경상사고,0,0,1,0,차량단독 - 전도전복,안전운전불이행,습기,흐림,교차로 - 교차로부근,화물,남,46세,경상,,,,
2016022000100183,2016년 2월 20일 09시,토요일,충청북도 충주시 호암동,중상사고,0,1,1,0,차대차 - 측면충돌,안전거리미확보,건조,맑음,단일로 - 기타,승용,남,55세,상해없음,승용,여,32세,중상
2016022000100184,2016년 2월 20일 09시,토요일,충청북도 진천군 초평면,경상사고,0,0,1,0,차량단독 - 전도전복,안전운전불이행,건조,맑음,단일로 - 기타,건설기계,남,58세,경상,,,,
2016022000100264,2016년 2월 20일 12시,토요일,충청북도 청주시 청원구 율량동,경상사고,0,0,3,0,차대차 - 기타,신호위반,건조,맑음,교차로 - 교차로안,승용,남,38세,상해없음,승용,여,43세,경상
2016022000100265,2016년 2월 20일 12시,토요일,충청북도 음성군 감곡면,중상사고,0,2,6,0,차대차 - 추돌,안전거리미확보,건조,맑음,단일로 - 기타,승용,남,33세,경상,승용,여,46세,중상
2016022000100293,2016년 2월 20일 13시,토요일,충청북도 제천시 청전동,경상사고,0,0,1,0,차대사람 - 횡단중,안전운전불이행,건조,맑음,단일로 - 기타,승용,남,68세,상해없음,보행자,여,59세,경상
2016022000100328,2016년 2월 20일 14시,토요일,충청북도 옥천군 옥천읍,경상사고,0,0,1,0,차대차 - 측면충돌,교차로운행방법위반,건조,맑음,교차로 - 교차로안,승용,여,59세,상해없음,이륜,여,52세,경상
2016022000100329,2016년 2월 20일 14시,토요일,충청북도 진천군 진천읍,중상사고,0,1,0,0,차대차 - 정면충돌,안전운전불이행,건조,맑음,단일로 - 기타,승용,남,38세,상해없음,자전거,여,80세,중상
2016022000100396,2016년 2월 20일 16시,토요일,충청북도 청주시 흥덕구 가경동,중상사고,0,1,3,0,차대차 - 정면충돌,안전운전불이행,건조,맑음,교차로 - 교차로부근,승용,남,53세,상해없음,승용,여,34세,중상
2016022000100397,2016년 2월 20일 16시,토요일,충청북도 청주시 상당구 가덕면,경상사고,0,0,3,0,차대차 - 측면충돌,교차로운행방법위반,건조,맑음,교차로 - 교차로안,승합,남,39세,경상,승용,남,58세,경상
2016022000100425,2016년 2월 20일 17시,토요일,충청북도 음성군 감곡면,경상사고,0,0,2,0,차대차 - 측면충돌,안전운전불이행,건조,맑음,단일로 - 기타,화물,남,71세,상해없음,승용,남,37세,경상
2016022000100500,2016년 2월 20일 19시,토요일,충청북도 제천시 하소동,경상사고,0,0,1,0,차대차 - 추돌,안전운전불이행,건조,맑음,교차로 - 교차로부근,승용,남,73세,상해없음,승용,남,19세,경상
2016022000100501,2016년 2월 20일 19시,토요일,충청북도 영동군 황간면,사망사고,1,0,0,0,차대사람 - 횡단중,안전운전불이행,건조,맑음,단일로 - 기타,승용,남,54세,상해없음,보행자,여,83세,사망
2016022000100502,2016년 2월 20일 19시,토요일,충청북도 음성군 금왕읍,경상사고,0,0,1,0,차대차 - 기타,안전운전불이행,건조,맑음,단일로 - 기타,이륜,남,17세,경상,승용,남,43세,상해없음
2016022000100503,2016년 2월 20일 19시,토요일,충청북도 음성군 감곡면,경상사고,0,0,1,0,차대차 - 기타,안전운전불이행,건조,맑음,단일로 - 기타,이륜,남,31세,경상,승용,여,49세,상해없음
2016022000100504,2016년 2월 20일 19시,토요일,충청북도 청주시 흥덕구 신봉동,중상사고,0,2,5,0,차대차 - 측면직각충돌,신호위반,건조,맑음,교차로 - 교차로안,승용,남,39세,상해없음,승용,남,35세,경상
2016022000100505,2016년 2월 20일 19시,토요일,충청북도 청주시 서원구 수곡동,중상사고,0,1,0,0,차대차 - 측면충돌,안전운전불이행,건조,맑음,교차로 - 교차로부근,화물,남,31세,상해없음,이륜,남,19세,중상
2016022000100560,2016년 2월 20일 21시,토요일,충청북도 청주시 청원구 율량동,경상사고,0,0,2,0,차대사람 - 길가장자리구역통행중,안전운전불이행,건조,맑음,교차로 - 교차로부근,승용,여,49세,상해없음,보행자,여,30세,경상
2016022000100561,2016년 2월 20일 21시,토요일,충청북도 청주시 흥덕구 가경동,경상사고,0,0,1,0,차대차 - 추돌,안전운전불이행,건조,맑음,단일로 - 기타,승용,남,63세,상해없음,승용,남,23세,경상
2016022100100032,2016년 2월 21일 01시,일요일,충청북도 청주시 흥덕구 봉명동,경상사고,0,0,1,0,차대차 - 정면충돌,안전거리미확보,건조,맑음,기타 - 기타,승용,남,42세,상해없음,승용,남,29세,경상
2016022100100051,2016년 2월 21일 03시,일요일,충청북도 충주시 봉방동,경상사고,0,0,1,0,차대차 - 정면충돌,안전운전불이행,건조,맑음,단일로 - 기타,승용,여,38세,상해없음,승용,남,58세,경상
2016022100100154,2016년 2월 21일 11시,일요일,충청북도 보은군 회인면,중상사고,0,1,0,0,차량단독 - 전도전복,안전운전불이행,건조,맑음,단일로 - 기타,원동기,남,76세,중상,,,,
2016022100100155,2016년 2월 21일 11시,일요일,충청북도 청주시 흥덕구 가경동,경상사고,0,0,2,0,차대차 - 정면충돌,교차로운행방법위반,건조,맑음,교차로 - 교차로안,승용,남,41세,상해없음,승용,남,51세,경상
2016022100100196,2016년 2월 21일 13시,일요일,충청북도 청주시 흥덕구 송정동,중상사고,0,1,3,0,차대차 - 측면직각충돌,교차로운행방법위반,건조,맑음,교차로 - 교차로안,승용,남,26세,중상,승용,남,46세,경상
2016022100100197,2016년 2월 21일 13시,일요일,충청북도 청주시 서원구 산남동,중상사고,0,1,0,0,차대차 - 측면충돌,신호위반,건조,맑음,교차로 - 교차로안,승용,남,75세,상해없음,이륜,남,26세,중상
2016022100100244,2016년 2월 21일 15시,일요일,충청북도 증평군 증평읍,경상사고,0,0,1,0,차대차 - 추돌,안전운전불이행,건조,맑음,교차로 - 교차로부근,승용,남,60세,상해없음,승용,남,53세,상해없음
2016022100100245,2016년 2월 21일 15시,일요일,충청북도 충주시 앙성면,경상사고,0,0,4,0,차대차 - 추돌,안전운전불이행,건조,맑음,단일로 - 기타,승용,남,55세,상해없음,승용,남,23세,경상