사고번호,사고일시,요일,시군구,사고내용,사망자수,중상자수,경상자수,부상신고자수,사고유형,법규위반,노면상태,기상상태,도로형태,가해운전자 차종,가해운전자 성별,가해운전자 연령,가해운전자 상해정도,피해운전자 차종,피해운전자 성별,피해운전자 연령,피해운전자 상해정도
2016022700100203,2016년 2월 27일 10시,토요일,충청북도 청주시 상당구 문의면,중상사고,0,1,2,0,차대차 - 추돌,안전운전불이행,건조,맑음,단일로 - 기타,화물,남,67세,경상,화물,남,34세,경상
2016022700100234,2016년 2월 27일 11시,토요일,충청북도 청주시 서원구 개신동,경상사고,0,0,4,0,차대차 - 추돌,안전운전불이행,건조,맑음,기타 - 기타,승용,남,36세,상해없음,승용,남,60세,경상
2016022700100235,2016년 2월 27일 11시,토요일,충청북도 충주시 동량면,중상사고,0,2,0,0,차대차 - 측면직각충돌,안전운전불이행,습기,흐림,교차로 - 교차로부근,승용,남,42세,상해없음,화물,남,50세,중상
2016022700100254,2016년 2월 27일 12시,토요일,충청북도 청주시 서원구 남이면,경상사고,0,0,1,0,차대차 - 추돌,안전운전불이행,건조,맑음,단일로 - 기타,승용,남,54세,상해없음,승용,남,34세,상해없음
2016022700100278,2016년 2월 27일 13시,토요일,충청북도 청주시 흥덕구 지동동,경상사고,0,0,1,0,차대차 - 정면충돌,안전운전불이행,건조,맑음,단일로 - 기타,승합,남,63세,상해없음,승용,여,35세,경상
2016022700100303,2016년 2월 27일 14시,토요일,충청북도 진천군 진천읍,중상사고,0,1,1,0,차대차 - 측면충돌,교차로운행방법위반,건조,맑음,교차로 - 교차로안,승용,남,53세,상해없음,승용,남,34세,경상
2016022700100304,2016년 2월 27일 14시,토요일,충청북도 청주시 상당구 문화동,경상사고,0,0,2,0,차대차 - 기타,안전운전불이행,건조,맑음,교차로 - 교차로부근,승용,남,72세,상해없음,승합,남,58세,상해없음
2016022700100305,2016년 2월 27일 14시,토요일,충청북도 청주시 상당구 북문로1가동,중상사고,0,2,0,0,차대사람 - 횡단중,안전운전불이행,건조,맑음,단일로 - 기타,승용,여,34세,상해없음,보행자,여,82세,중상
2016022700100362,2016년 2월 27일 16시,토요일,충청북도 음성군 원남면,중상사고,0,2,0,0,차대차 - 측면충돌,안전운전불이행,건조,맑음,단일로 - 기타,승용,남,39세,상해없음,승용,남,67세,중상
2016022700100363,2016년 2월 27일 16시,토요일,충청북도 청주시 서원구 분평동,경상사고,0,0,1,0,차대차 - 정면충돌,안전운전불이행,건조,맑음,단일로 - 기타,자전거,남,17세,경상,이륜,남,22세,상해없음
2016022700100364,2016년 2월 27일 16시,토요일,충청북도 청주시 서원구 수곡동,경상사고,0,0,1,0,차대차 - 측면충돌,교차로운행방법위반,건조,맑음,교차로 - 교차로안,승용,남,51세,상해없음,자전거,남,19세,경상
2016022700100395,2016년 2월 27일 17시,토요일,충청북도 충주시 지현동,부상신고사고,0,0,0,1,차대차 - 측면충돌,안전운전불이행,건조,맑음,교차로 - 교차로안,이륜,남,61세,부상신고,승용,여,37세,상해없음
2016022700100423,2016년 2월 27일 18시,토요일,충청북도 청주시 청원구 사천동,중상사고,0,2,1,0,차대차 - 기타,직진우회전진행방해,건조,맑음,교차로 - 교차로안,승용,남,40세,상해없음,승용,남,72세,중상
2016022700100458,2016년 2월 27일 19시,토요일,충청북도 청주시 서원구 사창동,중상사고,0,1,0,0,차대사람 - 횡단중,신호위반,건조,맑음,교차로 - 교차로안,승용,남,58세,상해없음,보행자,여,24세,중상
2016022700100459,2016년 2월 27일 19시,토요일,충청북도 청주시 상당구 남일면,사망사고,1,0,0,0,차대사람 - 길가장자리구역통행중,안전운전불이행,건조,맑음,단일로 - 기타,승합,남,48세,상해없음,보행자,남,76세,사망
2016022700100482,2016년 2월 27일 20시,토요일,충청북도 제천시 화산동,중상사고,0,1,0,0,차대사람 - 횡단중,보행자보호의무위반,건조,맑음,단일로 - 횡단보도상,승용,남,33세,상해없음,보행자,남,51세,중상
2016022700100483,2016년 2월 27일 20시,토요일,충청북도 증평군 증평읍,중상사고,0,1,0,0,차대차 - 측면충돌,신호위반,건조,맑음,교차로 - 교차로안,승용,남,48세,상해없음,이륜,남,18세,중상
2016022700100484,2016년 2월 27일 20시,토요일,충청북도 음성군 대소면,중상사고,0,1,0,1,차대차 - 기타,안전운전불이행,건조,맑음,교차로 - 교차로안,이륜,남,41세,부상신고,이륜,남,16세,중상
2016022700100485,2016년 2월 27일 20시,토요일,충청북도 청주시 상당구 영운동,경상사고,0,0,1,0,차대사람 - 횡단중,안전운전불이행,건조,맑음,단일로 - 기타,승용,남,57세,상해없음,보행자,남,47세,경상
2016022700100486,2016년 2월 27일 20시,토요일,충청북도 청주시 상당구 용암동,경상사고,0,0,1,0,차대사람 - 횡단중,안전운전불이행,건조,맑음,교차로 - 교차로부근,승용,남,52세,상해없음,보행자,남,50세,경상
2016022700100513,2016년 2월 27일 21시,토요일,충청북도 제천시 하소동,경상사고,0,0,1,1,차대차 - 추돌,신호위반,건조,맑음,교차로 - 교차로안,승용,남,32세,상해없음,승용,남,60세,경상
2016022700100514,2016년 2월 27일 21시,토요일,충청북도 음성군 대소면,경상사고,0,0,2,0,차대차 - 기타,차로위반,건조,맑음,단일로 - 기타,승용,여,52세,경상,승용,남,49세,상해없음
2016022700100538,2016년 2월 27일 22시,토요일,충청북도 청주시 청원구 율량동,경상사고,0,0,1,0,차대차 - 기타,안전운전불이행,건조,맑음,교차로 - 교차로안,기타불명,기타불명,기타불명,기타불명,승용,여,34세,경상
2016022700100559,2016년 2월 27일 23시,토요일,충청북도 청주시 청원구 율량동,경상사고,0,0,2,0,차대차 - 추돌,안전운전불이행,건조,맑음,단일로 - 기타,승용,남,19세,상해없음,승용,남,24세,경상
2016022700100560,2016년 2월 27일 23시,토요일,충청북도 청주시 흥덕구 비하동,경상사고,0,0,1,0,차대사람 - 기타,안전운전불이행,건조,맑음,단일로 - 기타,기타불명,기타불명,기타불명,기타불명,보행자,남,46세,경상
2016022800100011,2016년 2월 28일 00시,일요일,충청북도 청주시 흥덕구 복대동,중상사고,0,1,2,0,차대차 - 정면충돌,신호위반,건조,맑음,교차로 - 교차로안,승용,남,62세,기타불명,승용,남,53세,경상
2016022800100023,2016년 2월 28일 01시,일요일,충청북도 제천시 청전동,중상사고,0,1,1,0,차대차 - 추돌,신호위반,건조,맑음,교차로 - 교차로안,승용,남,23세,상해없음,승용,남,61세,경상
2016022800100039,2016년 2월 28일 02시,일요일,충청북도 제천시 하소동,중상사고,0,1,0,0,차대차 - 추돌,안전운전불이행,건조,맑음,단일로 - 기타,승용,남,23세,기타불명,승합,남,43세,기타불명
2016022800100059,2016년 2월 28일 04시,일요일,충청북도 제천시 서부동,경상사고,0,0,1,0,차대차 - 추돌,안전운전불이행,건조,맑음,교차로 - 교차로부근,승용,남,25세,상해없음,승용,남,35세,상해없음
2016022800100060,2016년 2월 28일 04시,일요일,충청북도 청주시 흥덕구 비하동,경상사고,0,0,1,0,차대차 - 기타,안전운전불이행,건조,맑음,단일로 - 기타,승용,기타불명,기타불명,기타불명,승용,남,38세,경상
2016022800100070,2016년 2월 28일 06시,일요일,충청북도 제천시 청전동,중상사고,0,1,0,0,차대차 - 추돌,신호위반,건조,맑음,교차로 - 교차로안,승용,남,55세,기타불명,화물,남,60세,중상
2016022800100160,2016년 2월 28일 12시,일요일,충청북도 보은군 보은읍,경상사고,0,0,1,0,차대차 - 기타,교차로운행방법위반,습기,비,교차로 - 교차로부근,승용,남,49세,상해없음,이륜,남,76세,경상
2016022800100203,2016년 2월 28일 14시,일요일,충청북도 충주시 성내동,중상사고,0,1,0,0,차대사람 - 기타,안전운전불이행,적설,눈,교차로 - 교차로안,승용,남,40세,상해없음,보행자,남,73세,중상
2016022800100204,2016년 2월 28일 14시,일요일,충청북도 충주시 성내동,경상사고,0,0,1,0,차대차 - 측면충돌,안전운전불이행,적설,눈,단일로 - 기타,승용,여,39세,상해없음,승합,남,54세,상해없음
2016022800100205,2016년 2월 28일 14시,일요일,충청북도 제천시 청전동,경상사고,0,0,4,0,차대차 - 추돌,교차로운행방법위반,결빙,눈,교차로 - 교차로안,승용,여,28세,경상,승용,남,40세,경상
2016022800100206,2016년 2월 28일 14시,일요일,충청북도 제천시 백운면,중상사고,0,1,7,0,차대차 - 추돌,중앙선침범,적설,눈,단일로 - 기타,승용,여,37세,경상,승용,남,42세,경상
2016022800100207,2016년 2월 28일 14시,일요일,충청북도 음성군 음성읍,경상사고,0,0,5,0,차대차 - 측면충돌,신호위반,결빙,눈,교차로 - 교차로안,승용,남,24세,경상,승용,남,44세,경상
2016022800100208,2016년 2월 28일 14시,일요일,충청북도 옥천군 동이면,부상신고사고,0,0,0,1,차량단독 - 전도전복,안전운전불이행,건조,맑음,단일로 - 기타,화물,남,68세,부상신고,,,,
2016022800100246,2016년 2월 28일 15시,일요일,충청북도 청주시 청원구 오창읍,중상사고,0,1,0,0,차대사람 - 횡단중,보행자보호의무위반,적설,눈,단일로 - 기타,승용,남,46세,상해없음,보행자,남,43세,중상
2016022800100247,2016년 2월 28일 15시,일요일,충청북도 청주시 청원구 오창읍,경상사고,0,0,1,0,차대차 - 기타,신호위반,건조,맑음,교차로 - 교차로안,승용,여,21세,경상,화물,남,58세,상해없음
2016022800100248,2016년 2월 28일 15시,일요일,충청북도 충주시 칠금동,경상사고,0,0,1,0,차대차 - 측면충돌,안전운전불이행,습기,눈,단일로 - 기타,승용,남,70세,상해없음,승용,여,33세,경상
2016022800100280,2016년 2월 28일 16시,일요일,충청북도 충주시 수안보면,중상사고,0,2,4,0,차대차 - 정면충돌,안전거리미확보,결빙,눈,단일로 - 기타,승용,남,56세,경상,승용,남,50세,경상
2016022800100281,2016년 2월 28일 16시,일요일,충청북도 충주시 산척면,경상사고,0,0,1,0,차대차 - 정면충돌,안전거리미확보,적설,눈,기타 - 기타,화물,남,37세,상해없음,승용,여,26세,경상
2016022800100282,2016년 2월 28일 16시,일요일,충청북도 괴산군 괴산읍,중상사고,0,1,4,0,차대차 - 측면충돌,중앙선침범,적설,눈,단일로 - 기타,승용,남,57세,중상,화물,남,48세,경상
2016022800100319,2016년 2월 28일 17시,일요일,충청북도 제천시 봉양읍,중상사고,0,4,2,0,차대차 - 추돌,중앙선침범,결빙,눈,기타 - 기타,승용,남,61세,경상,승용,남,34세,중상
2016022800100320,2016년 2월 28일 17시,일요일,충청북도 제천시 봉양읍,중상사고,0,1,0,0,차대차 - 추돌,안전운전불이행,적설,눈,교차로 - 교차로부근,승용,남,33세,상해없음,승용,남,23세,중상
2016022800100359,2016년 2월 28일 18시,일요일,충청북도 청주시 상당구 용암동,경상사고,0,0,1,0,차대사람 - 횡단중,보행자보호의무위반,결빙,눈,단일로 - 횡단보도상,승용,남,50세,상해없음,보행자,여,53세,경상
2016022800100404,2016년 2월 28일 19시,일요일,충청북도 청주시 청원구 오창읍,경상사고,0,0,4,0,차대차 - 추돌,안전운전불이행,결빙,흐림,교차로 - 교차로부근,승용,남,51세,상해없음,승용,여,53세,경상
2016022800100405,2016년 2월 28일 19시,일요일,충청북도 충주시 가주동,부상신고사고,0,0,0,4,차량단독 - 전도전복,안전운전불이행,적설,눈,단일로 - 기타,승용,남,42세,상해없음,,,,
2016022800100435,2016년 2월 28일 20시,일요일,충청북도 증평군 증평읍,중상사고,0,1,1,0,차대차 - 측면충돌,중앙선침범,결빙,눈,단일로 - 기타,승용,남,54세,상해없음,승용,여,39세,중상
2016022800100466,2016년 2월 28일 21시,일요일,충청북도 청주시 서원구 사창동,경상사고,0,0,1,0,차대사람 - 횡단중,보행자보호의무위반,습기,흐림,교차로 - 교차로안,승용,여,25세,상해없음,보행자,남,33세,경상
2016022800100467,2016년 2월 28일 21시,일요일,충청북도 충주시 금릉동,경상사고,0,0,2,0,차대차 - 정면충돌,안전운전불이행,적설,눈,교차로 - 교차로부근,승용,남,57세,상해없음,승합,여,50세,경상
2016022800100468,2016년 2월 28일 21시,일요일,충청북도 제천시 금성면,사망사고,1,0,0,0,차량단독 - 전도전복,안전운전불이행,결빙,눈,기타 - 기타,화물,남,63세,사망,,,,
2016022800100469,2016년 2월 28일 21시,일요일,충청북도 청주시 흥덕구 신봉동,경상사고,0,0,5,0,차대차 - 추돌,안전운전불이행,건조,기타,교차로 - 교차로부근,승용,남,38세,상해없음,승용,남,38세,경상
2016022800100495,2016년 2월 28일 22시,일요일,충청북도 청주시 흥덕구 봉명동,경상사고,0,0,1,0,차대차 - 추돌,안전운전불이행,습기,흐림,교차로 - 교차로부근,승용,남,50세,상해없음,화물,남,38세,경상
2016022800100496,2016년 2월 28일 22시,일요일,충청북도 음성군 금왕읍,중상사고,0,1,0,0,차대차 - 기타,차로위반,결빙,눈,단일로 - 기타,화물,남,43세,상해없음,화물,남,61세,중상
2016022800100509,2016년 2월 28일 23시,일요일,충청북도 청주시 청원구 우암동,경상사고,0,0,2,0,차대차 - 기타,중앙선침범,결빙,흐림,단일로 - 교량,승용,남,28세,상해없음,승용,남,56세,경상
2016022900100009,2016년 2월 29일 00시,월요일,충청북도 청주시 청원구 오창읍,중상사고,0,2,1,0,차량단독 - 공작물충돌,안전운전불이행,적설,눈,단일로 - 기타,화물,남,29세,중상,,,,
2016022900100088,2016년 2월 29일 08시,월요일,충청북도 옥천군 옥천읍,경상사고,0,0,1,0,차대차 - 측면직각충돌,안전운전불이행,습기,눈,단일로 - 기타,화물,남,48세,상해없음,승용,남,47세,경상
2016022900100126,2016년 2월 29일 10시,월요일,충청북도 충주시 충인동,경상사고,0,0,5,0,차대차 - 측면충돌,안전운전불이행,건조,흐림,단일로 - 기타,승용,남,35세,상해없음,승용,남,47세,경상
2016022900100127,2016년 2월 29일 10시,월요일,충청북도 충주시 교현동,중상사고,0,1,0,0,차대차 - 측면충돌,신호위반,결빙,눈,교차로 - 교차로안,화물,남,59세,상해없음,승용,남,37세,중상
2016022900100128,2016년 2월 29일 10시,월요일,충청북도 영동군 학산면,중상사고,0,1,0,0,차대차 - 기타,안전운전불이행,건조,맑음,단일로 - 기타,이륜,남,70세,중상,승용,남,43세,상해없음
2016022900100129,2016년 2월 29일 10시,월요일,충청북도 진천군 진천읍,경상사고,0,0,2,0,차대차 - 측면충돌,직진우회전진행방해,건조,맑음,교차로 - 교차로부근,승용,여,47세,상해없음,승용,남,51세,경상
2016022900100146,2016년 2월 29일 11시,월요일,충청북도 청주시 서원구 산남동,경상사고,0,0,3,0,차대차 - 추돌,안전운전불이행,습기,맑음,단일로 - 기타,승합,남,57세,상해없음,승용,여,33세,경상
2016022900100224,2016년 2월 29일 13시,월요일,충청북도 제천시 송학면,중상사고,0,1,3,0,차대차 - 추돌,안전운전불이행,습기,눈,단일로 - 터널,승용,남,33세,경상,화물,남,44세,경상
2016022900100225,2016년 2월 29일 13시,월요일,충청북도 영동군 영동읍,중상사고,0,1,0,0,차대차 - 기타,직진우회전진행방해,습기,흐림,교차로 - 교차로안,자전거,여,51세,중상,화물,남,56세,상해없음
2016022900100226,2016년 2월 29일 13시,월요일,충청북도 청주시 흥덕구 정봉동,중상사고,0,1,0,0,차대사람 - 기타,안전운전불이행,적설,맑음,교차로 - 교차로부근,화물,남,51세,상해없음,보행자,남,62세,중상
2016022900100258,2016년 2월 29일 14시,월요일,충청북도 괴산군 연풍면,경상사고,0,0,1,0,차대차 - 추돌,안전운전불이행,건조,맑음,단일로 - 기타,승용,남,53세,상해없음,승용,남,48세,경상
2016022900100285,2016년 2월 29일 15시,월요일,충청북도 청주시 서원구 남이면,경상사고,0,0,2,0,차대차 - 정면충돌,안전운전불이행,습기,맑음,교차로 - 교차로안,승용,남,42세,기타불명,승용,남,61세,경상
2016022900100286,2016년 2월 29일 15시,월요일,충청북도 청주시 상당구 용담동,경상사고,0,0,1,0,차대차 - 측면충돌,안전운전불이행,건조,맑음,교차로 - 교차로안,승용,여,43세,상해없음,자전거,남,10세,경상
2016022900100317,2016년 2월 29일 16시,월요일,충청북도 진천군 진천읍,경상사고,0,0,2,0,차대차 - 기타,안전운전불이행,건조,맑음,교차로 - 교차로안,승용,남,80세,상해없음,승용,남,52세,경상
2016022900100318,2016년 2월 29일 16시,월요일,충청북도 청주시 흥덕구 강내면,경상사고,0,0,1,0,차대차 - 측면직각충돌,신호위반,건조,맑음,교차로 - 교차로안,승용,남,65세,상해없음,승용,남,32세,경상
2016022900100356,2016년 2월 29일 17시,월요일,충청북도 청주시 흥덕구 복대동,중상사고,0,1,0,0,차대사람 - 보도통행중,안전운전불이행,적설,맑음,단일로 - 기타,승용,남,54세,상해없음,보행자,여,74세,중상
2016022900100394,2016년 2월 29일 18시,월요일,충청북도 제천시 명지동,경상사고,0,0,2,0,차대차 - 추돌,차로위반,습기,흐림,단일로 - 기타,승합,남,37세,경상,화물,남,62세,경상
2016022900100395,2016년 2월 29일 18시,월요일,충청북도 진천군 진천읍,경상사고,0,0,1,0,차대사람 - 횡단중,보행자보호의무위반,건조,맑음,교차로 - 교차로부근,승용,여,41세,상해없음,보행자,여,45세,경상
2016022900100430,2016년 2월 29일 19시,월요일,충청북도 괴산군 문광면,경상사고,0,0,1,0,차대차 - 측면충돌,신호위반,건조,맑음,교차로 - 교차로안,승용,남,71세,상해없음,승용,남,25세,경상
2016022900100431,2016년 2월 29일 19시,월요일,충청북도 청주시 흥덕구 가경동,중상사고,0,1,0,0,차대사람 - 횡단중,안전운전불이행,건조,맑음,교차로 - 교차로부근,승용,여,55세,상해없음,보행자,여,34세,중상
2016022900100432,2016년 2월 29일 19시,월요일,충청북도 청주시 서원구 분평동,경상사고,0,0,1,0,차대사람 - 횡단중,보행자보호의무위반,건조,맑음,교차로 - 교차로안,승용,남,51세,상해없음,보행자,남,46세,경상
2016022900100477,2016년 2월 29일 20시,월요일,충청북도 음성군 맹동면,경상사고,0,0,2,0,차대차 - 측면충돌,교차로운행방법위반,결빙,흐림,교차로 - 교차로안,승용,남,32세,경상,화물,남,38세,경상
2016022900100478,2016년 2월 29일 20시,월요일,충청북도 청주시 흥덕구 정봉동,경상사고,0,0,3,0,차대차 - 측면직각충돌,중앙선침범,건조,맑음,단일로 - 기타,승용,남,52세,상해없음,승용,남,23세,경상
2016022900100507,2016년 2월 29일 21시,월요일,충청북도 청주시 흥덕구 봉명동,경상사고,0,0,4,0,차대차 - 정면충돌,안전거리미확보,습기,흐림,교차로 - 교차로부근,승용,남,29세,상해없음,승용,남,50세,경상
2016022900100581,2016년 2월 29일 23시,월요일,충청북도 청주시 흥덕구 가경동,경상사고,0,0,2,0,차대차 - 정면충돌,안전거리미확보,건조,맑음,단일로 - 기타,화물,남,53세,상해없음,승용,남,32세,경상
2016030100100086,2016년 3월 1일 03시,화요일,충청북도 청주시 흥덕구 봉명동,경상사고,0,0,2,0,차대차 - 정면충돌,신호위반,건조,맑음,교차로 - 교차로안,승용,남,27세,상해없음,승용,남,28세,경상
2016030100100128,2016년 3월 1일 06시,화요일,충청북도 청주시 상당구 용암동,중상사고,0,1,1,0,차대차 - 측면충돌,신호위반,건조,맑음,교차로 - 교차로안,승용,남,64세,상해없음,화물,남,59세,중상
2016030100100143,2016년 3월 1일 07시,화요일,충청북도 청주시 흥덕구 봉명동,경상사고,0,0,1,0,차대사람 - 횡단중,안전운전불이행,결빙,맑음,단일로 - 기타,화물,남,36세,상해없음,보행자,남,39세,경상
2016030100100157,2016년 3월 1일 08시,화요일,충청북도 청주시 서원구 개신동,경상사고,0,0,1,0,차대차 - 추돌,안전운전불이행,건조,맑음,단일로 - 횡단보도상,승용,남,57세,상해없음,승용,남,54세,경상
2016030100100224,2016년 3월 1일 12시,화요일,충청북도 청주시 흥덕구 봉명동,경상사고,0,0,2,0,차대차 - 기타,안전운전불이행,건조,맑음,교차로 - 교차로부근,승용,여,45세,상해없음,원동기,남,20세,경상
2016030100100225,2016년 3월 1일 12시,화요일,충청북도 청주시 서원구 수곡동,중상사고,0,1,0,0,차대차 - 정면충돌,중앙선침범,건조,맑음,교차로 - 교차로부근,승용,남,44세,상해없음,승용,남,33세,중상
2016030100100254,2016년 3월 1일 13시,화요일,충청북도 충주시 칠금동,경상사고,0,0,4,0,차대차 - 정면충돌,안전운전불이행,건조,맑음,교차로 - 교차로안,승용,남,24세,상해없음,승용,남,45세,경상
2016030100100255,2016년 3월 1일 13시,화요일,충청북도 청주시 상당구 용암동,중상사고,0,1,0,0,차대차 - 추돌,신호위반,건조,맑음,교차로 - 교차로부근,승용,남,29세,상해없음,화물,남,42세,중상
2016030100100330,2016년 3월 1일 16시,화요일,충청북도 청주시 서원구 사직동,경상사고,0,0,3,0,차대차 - 정면충돌,교차로운행방법위반,건조,맑음,교차로 - 교차로안,승용,남,57세,상해없음,승용,남,44세,경상
2016030100100331,2016년 3월 1일 16시,화요일,충청북도 청주시 청원구 율량동,경상사고,0,0,2,0,차대차 - 측면직각충돌,안전운전불이행,건조,흐림,교차로 - 교차로부근,승용,남,54세,상해없음,승용,여,47세,경상
2016030100100332,2016년 3월 1일 16시,화요일,충청북도 충주시 연수동,부상신고사고,0,0,0,1,차대차 - 정면충돌,안전운전불이행,결빙,흐림,교차로 - 교차로안,이륜,남,18세,부상신고,승용,여,41세,상해없음
2016030100100435,2016년 3월 1일 19시,화요일,충청북도 충주시 단월동,경상사고,0,0,1,0,차대사람 - 횡단중,안전운전불이행,건조,맑음,단일로 - 기타,승용,남,39세,상해없음,보행자,여,21세,경상
2016030100100436,2016년 3월 1일 19시,화요일,충청북도 음성군 금왕읍,중상사고,0,1,0,0,차량단독 - 전도전복,안전운전불이행,결빙,맑음,단일로 - 기타,승용,여,43세,중상,,,,
2016030100100465,2016년 3월 1일 20시,화요일,충청북도 청주시 흥덕구 복대동,중상사고,0,1,0,0,차대사람 - 횡단중,신호위반,건조,맑음,교차로 - 교차로안,승용,남,49세,상해없음,보행자,여,52세,중상
2016030200100019,2016년 3월 2일 02시,수요일,충청북도 충주시 대소원면,경상사고,0,0,1,0,차량단독 - 전도전복,안전운전불이행,건조,맑음,단일로 - 기타,승용,남,39세,경상,,,,
2016030200100037,2016년 3월 2일 05시,수요일,충청북도 청주시 청원구 오창읍,중상사고,0,1,0,0,차대사람 - 횡단중,안전운전불이행,건조,맑음,교차로 - 교차로부근,승용,남,55세,상해없음,보행자,남,44세,중상
2016030200100038,2016년 3월 2일 05시,수요일,충청북도 음성군 맹동면,경상사고,0,0,1,0,차대사람 - 기타,안전운전불이행,건조,맑음,단일로 - 기타,승용,남,32세,상해없음,보행자,남,63세,경상
2016030200100039,2016년 3월 2일 05시,수요일,충청북도 진천군 진천읍,경상사고,0,0,2,0,차대차 - 측면직각충돌,안전거리미확보,건조,맑음,단일로 - 기타,승용,여,47세,경상,승용,남,58세,상해없음
2016030200100068,2016년 3월 2일 07시,수요일,충청북도 청주시 흥덕구 정봉동,경상사고,0,0,1,0,차대차 - 기타,차로위반,건조,맑음,단일로 - 기타,승용,여,21세,상해없음,승합,남,40세,상해없음
2016030200100108,2016년 3월 2일 08시,수요일,충청북도 청주시 흥덕구 복대동,중상사고,0,1,0,0,차대사람 - 횡단중,안전운전불이행,건조,맑음,교차로 - 교차로부근,승용,여,46세,상해없음,보행자,남,15세,중상
2016030200100109,2016년 3월 2일 08시,수요일,충청북도 청주시 흥덕구 복대동,중상사고,0,1,2,0,차대차 - 기타,안전운전불이행,건조,맑음,교차로 - 교차로안,승용,남,62세,상해없음,승용,남,27세,경상
2016030200100167,2016년 3월 2일 10시,수요일,충청북도 제천시 고암동,경상사고,0,0,1,0,차대차 - 기타,안전운전불이행,건조,맑음,단일로 - 기타,화물,남,63세,상해없음,승용,남,41세,상해없음
2016030200100191,2016년 3월 2일 11시,수요일,충청북도 진천군 진천읍,경상사고,0,0,1,0,차대차 - 측면충돌,신호위반,건조,맑음,교차로 - 교차로안,승용,남,48세,상해없음,승용,여,45세,경상
2016030200100221,2016년 3월 2일 12시,수요일,충청북도 청주시 청원구 오창읍,경상사고,0,0,2,0,차대차 - 기타,신호위반,건조,맑음,교차로 - 교차로부근,승용,여,48세,상해없음,승용,남,31세,경상
2016030200100222,2016년 3월 2일 12시,수요일,충청북도 증평군 증평읍,경상사고,0,0,1,0,차대사람 - 횡단중,보행자보호의무위반,건조,맑음,교차로 - 교차로안,승용,여,25세,상해없음,보행자,남,15세,경상
2016030200100223,2016년 3월 2일 12시,수요일,충청북도 청주시 흥덕구 봉명동,경상사고,0,0,1,0,차대사람 - 차도통행중,안전운전불이행,건조,맑음,단일로 - 기타,승용,여,34세,상해없음,보행자,남,71세,경상
2016030200100240,2016년 3월 2일 13시,수요일,충청북도 보은군 보은읍,경상사고,0,0,1,0,차대차 - 측면충돌,신호위반,건조,맑음,교차로 - 교차로안,승용,남,54세,상해없음,승용,남,58세,경상
2016030200100277,2016년 3월 2일 14시,수요일,충청북도 충주시 봉방동,경상사고,0,0,1,0,차대차 - 측면충돌,직진우회전진행방해,건조,맑음,교차로 - 교차로안,이륜,남,58세,경상,승용,여,54세,상해없음
2016030200100307,2016년 3월 2일 15시,수요일,충청북도 청주시 청원구 사천동,경상사고,0,0,1,0,차대차 - 측면충돌,안전운전불이행,건조,맑음,단일로 - 기타,승용,여,59세,상해없음,승용,남,37세,경상
2016030200100308,2016년 3월 2일 15시,수요일,충청북도 청주시 상당구 남주동,경상사고,0,0,1,0,차대차 - 측면충돌,교차로운행방법위반,건조,맑음,교차로 - 교차로안,원동기,남,56세,경상,승용,남,71세,상해없음
2016030200100341,2016년 3월 2일 16시,수요일,충청북도 청주시 청원구 내덕동,경상사고,0,0,1,0,차대차 - 추돌,안전운전불이행,건조,맑음,교차로 - 교차로부근,승용,여,48세,상해없음,승용,여,54세,경상
2016030200100342,2016년 3월 2일 16시,수요일,충청북도 음성군 금왕읍,중상사고,0,1,0,0,차대차 - 기타,안전거리미확보,건조,맑음,단일로 - 기타,이륜,남,69세,중상,승용,남,20세,상해없음
2016030200100343,2016년 3월 2일 16시,수요일,충청북도 음성군 금왕읍,중상사고,0,1,0,0,차대사람 - 차도통행중,안전운전불이행,건조,맑음,단일로 - 기타,승용,남,63세,상해없음,보행자,남,18세,중상
2016030200100344,2016년 3월 2일 16시,수요일,충청북도 청주시 상당구 용정동,경상사고,0,0,1,0,차대차 - 측면충돌,안전운전불이행,건조,맑음,교차로 - 교차로안,이륜,남,31세,경상,승합,남,59세,상해없음
2016030200100359,2016년 3월 2일 17시,수요일,충청북도 충주시 금릉동,중상사고,0,1,0,0,차대차 - 측면충돌,안전운전불이행,건조,맑음,교차로 - 교차로안,승용,여,28세,상해없음,원동기,남,81세,중상
2016030200100360,2016년 3월 2일 17시,수요일,충청북도 음성군 금왕읍,중상사고,0,1,1,0,차대차 - 측면충돌,신호위반,건조,흐림,교차로 - 교차로안,승용,남,38세,상해없음,승용,남,49세,중상
2016030200100398,2016년 3월 2일 18시,수요일,충청북도 충주시 연수동,중상사고,0,1,0,0,차대차 - 측면충돌,기타,건조,맑음,교차로 - 교차로부근,승용,여,45세,상해없음,원동기,남,19세,중상
2016030200100399,2016년 3월 2일 18시,수요일,충청북도 청주시 흥덕구 복대동,경상사고,0,0,2,0,차대차 - 기타,안전운전불이행,건조,맑음,교차로 - 교차로안,승용,남,26세,상해없음,승용,여,46세,경상
2016030200100400,2016년 3월 2일 18시,수요일,충청북도 청주시 상당구 남일면,경상사고,0,0,2,0,차대차 - 추돌,안전운전불이행,건조,맑음,교차로 - 교차로부근,승용,남,42세,경상,승용,남,57세,경상
2016030200100442,2016년 3월 2일 19시,수요일,충청북도 충주시 성내동,경상사고,0,0,1,0,차대차 - 정면충돌,기타,건조,맑음,교차로 - 교차로부근,승용,남,68세,상해없음,승용,남,33세,경상
2016030200100443,2016년 3월 2일 19시,수요일,충청북도 청주시 흥덕구 복대동,부상신고사고,0,0,0,1,차대차 - 측면충돌,안전운전불이행,건조,맑음,단일로 - 기타,이륜,남,24세,부상신고,승용,남,29세,상해없음