사고번호,사고일시,요일,시군구,사고내용,사망자수,중상자수,경상자수,부상신고자수,사고유형,법규위반,노면상태,기상상태,도로형태,가해운전자 차종,가해운전자 성별,가해운전자 연령,가해운전자 상해정도,피해운전자 차종,피해운전자 성별,피해운전자 연령,피해운전자 상해정도
2016030600100455,2016년 3월 6일 21시,일요일,충청북도 청주시 상당구 미원면,중상사고,0,1,0,0,차대차 - 추돌,안전거리미확보,건조,맑음,단일로 - 기타,승용,남,46세,상해없음,승용,여,40세,중상
2016030700100023,2016년 3월 7일 03시,월요일,충청북도 청주시 청원구 오창읍,중상사고,0,1,0,0,차량단독 - 전도전복,안전운전불이행,건조,맑음,교차로 - 교차로부근,승용,여,22세,중상,,,,
2016030700100024,2016년 3월 7일 03시,월요일,충청북도 진천군 이월면,경상사고,0,0,2,0,차대차 - 추돌,안전거리미확보,건조,맑음,단일로 - 기타,화물,남,47세,경상,승용,남,27세,경상
2016030700100037,2016년 3월 7일 05시,월요일,충청북도 청주시 흥덕구 가경동,중상사고,0,1,0,0,차대차 - 추돌,안전운전불이행,건조,맑음,단일로 - 기타,승용,남,74세,상해없음,이륜,남,59세,중상
2016030700100097,2016년 3월 7일 08시,월요일,충청북도 청주시 청원구 율량동,경상사고,0,0,1,0,차대차 - 추돌,안전운전불이행,건조,맑음,교차로 - 교차로부근,승용,여,41세,상해없음,승용,여,32세,경상
2016030700100098,2016년 3월 7일 08시,월요일,충청북도 청주시 흥덕구 봉명동,경상사고,0,0,1,0,차대차 - 정면충돌,안전운전불이행,건조,맑음,단일로 - 기타,화물,남,30세,상해없음,승용,여,24세,경상
2016030700100126,2016년 3월 7일 09시,월요일,충청북도 청주시 청원구 외하동,중상사고,0,1,0,0,차대차 - 측면충돌,신호위반,건조,맑음,교차로 - 교차로안,이륜,남,16세,중상,승용,남,32세,상해없음
2016030700100127,2016년 3월 7일 09시,월요일,충청북도 청주시 청원구 오창읍,경상사고,0,0,2,0,차대차 - 측면충돌,안전거리미확보,건조,맑음,교차로 - 교차로부근,승용,여,63세,상해없음,승용,여,38세,경상
2016030700100128,2016년 3월 7일 09시,월요일,충청북도 음성군 대소면,경상사고,0,0,2,0,차대차 - 측면충돌,안전운전불이행,건조,맑음,단일로 - 기타,승용,남,47세,상해없음,승용,남,28세,경상
2016030700100129,2016년 3월 7일 09시,월요일,충청북도 옥천군 옥천읍,중상사고,0,1,0,0,차대차 - 측면직각충돌,안전운전불이행,건조,맑음,교차로 - 교차로안,승용,남,79세,상해없음,자전거,여,68세,중상
2016030700100130,2016년 3월 7일 09시,월요일,충청북도 청주시 흥덕구 오송읍,경상사고,0,0,1,0,차대차 - 추돌,안전운전불이행,건조,맑음,교차로 - 교차로부근,건설기계,남,34세,상해없음,화물,남,69세,경상
2016030700100156,2016년 3월 7일 10시,월요일,충청북도 충주시 성서동,중상사고,0,1,0,0,차대차 - 기타,안전운전불이행,건조,맑음,교차로 - 교차로부근,이륜,남,52세,상해없음,자전거,여,67세,중상
2016030700100188,2016년 3월 7일 11시,월요일,충청북도 옥천군 옥천읍,경상사고,0,0,1,0,차대차 - 측면직각충돌,안전거리미확보,건조,맑음,교차로 - 교차로안,승용,여,33세,상해없음,화물,남,37세,경상
2016030700100189,2016년 3월 7일 11시,월요일,충청북도 청주시 서원구 산남동,경상사고,0,0,1,0,차대차 - 측면충돌,안전운전불이행,건조,맑음,교차로 - 교차로부근,승용,남,67세,상해없음,이륜,남,42세,경상
2016030700100210,2016년 3월 7일 12시,월요일,충청북도 증평군 증평읍,경상사고,0,0,1,0,차대차 - 추돌,안전운전불이행,건조,맑음,단일로 - 기타,화물,남,58세,상해없음,자전거,여,76세,경상
2016030700100238,2016년 3월 7일 13시,월요일,충청북도 청주시 흥덕구 석곡동,부상신고사고,0,0,0,1,차량단독 - 전도전복,안전운전불이행,건조,맑음,교차로 - 교차로안,승용,남,36세,부상신고,,,,
2016030700100295,2016년 3월 7일 15시,월요일,충청북도 영동군 심천면,중상사고,0,1,1,0,차대차 - 측면직각충돌,안전운전불이행,건조,맑음,교차로 - 교차로안,승용,남,76세,경상,화물,남,50세,중상
2016030700100296,2016년 3월 7일 15시,월요일,충청북도 청주시 흥덕구 가경동,경상사고,0,0,1,0,차대차 - 정면충돌,안전운전불이행,건조,맑음,교차로 - 교차로부근,승용,남,45세,상해없음,승용,여,50세,경상
2016030700100297,2016년 3월 7일 15시,월요일,충청북도 청주시 서원구 수곡동,경상사고,0,0,1,0,차대차 - 측면직각충돌,안전운전불이행,건조,맑음,교차로 - 교차로부근,승용,기타불명,20세,기타불명,승용,남,64세,상해없음
2016030700100298,2016년 3월 7일 15시,월요일,충청북도 청주시 상당구 지북동,경상사고,0,0,1,0,차대차 - 기타,안전운전불이행,건조,맑음,교차로 - 교차로부근,승용,남,53세,상해없음,승합,남,43세,상해없음
2016030700100328,2016년 3월 7일 16시,월요일,충청북도 청주시 흥덕구 복대동,경상사고,0,0,1,0,차대차 - 정면충돌,안전운전불이행,건조,맑음,단일로 - 기타,승용,남,17세,상해없음,승용,여,53세,경상
2016030700100329,2016년 3월 7일 16시,월요일,충청북도 청주시 상당구 남일면,중상사고,0,1,0,0,차대차 - 정면충돌,안전운전불이행,건조,맑음,단일로 - 기타,승용,남,23세,상해없음,화물,남,28세,상해없음
2016030700100363,2016년 3월 7일 17시,월요일,충청북도 충주시 산척면,경상사고,0,0,1,0,차량단독 - 전도전복,안전운전불이행,건조,흐림,단일로 - 기타,승용,여,61세,경상,,,,
2016030700100364,2016년 3월 7일 17시,월요일,충청북도 청주시 상당구 용암동,중상사고,0,1,0,0,차대차 - 정면충돌,안전운전불이행,건조,맑음,교차로 - 교차로부근,자전거,남,72세,중상,승용,남,61세,상해없음
2016030700100401,2016년 3월 7일 18시,월요일,충청북도 음성군 원남면,경상사고,0,0,4,0,차대차 - 기타,중앙선침범,건조,맑음,단일로 - 기타,승용,남,27세,상해없음,승합,남,36세,경상
2016030700100442,2016년 3월 7일 19시,월요일,충청북도 충주시 연수동,중상사고,0,1,0,0,차대차 - 정면충돌,안전거리미확보,건조,맑음,단일로 - 기타,승용,여,43세,상해없음,이륜,남,56세,중상
2016030700100443,2016년 3월 7일 19시,월요일,충청북도 제천시 왕암동,중상사고,0,1,1,0,차대차 - 추돌,신호위반,건조,맑음,교차로 - 교차로부근,승용,여,47세,경상,승용,남,28세,중상
2016030700100444,2016년 3월 7일 19시,월요일,충청북도 청주시 흥덕구 봉명동,경상사고,0,0,1,0,차대차 - 추돌,안전거리미확보,건조,맑음,단일로 - 기타,승합,남,33세,상해없음,승용,남,42세,경상
2016030700100497,2016년 3월 7일 21시,월요일,충청북도 청주시 서원구 개신동,경상사고,0,0,1,0,차대차 - 측면충돌,교차로운행방법위반,건조,맑음,교차로 - 교차로안,승용,남,25세,상해없음,승용,여,49세,경상
2016030700100553,2016년 3월 7일 23시,월요일,충청북도 청주시 서원구 미평동,경상사고,0,0,1,0,차대차 - 측면충돌,중앙선침범,건조,맑음,단일로 - 기타,승합,남,48세,상해없음,승용,남,24세,경상
2016030800100044,2016년 3월 8일 04시,화요일,충청북도 진천군 진천읍,경상사고,0,0,1,0,차량단독 - 전도전복,안전운전불이행,건조,맑음,단일로 - 기타,원동기,남,51세,경상,,,,
2016030800100062,2016년 3월 8일 06시,화요일,충청북도 청주시 청원구 내덕동,중상사고,0,1,1,0,차대차 - 추돌,안전운전불이행,건조,흐림,교차로 - 교차로부근,승합,남,61세,상해없음,승용,여,54세,경상
2016030800100075,2016년 3월 8일 07시,화요일,충청북도 단양군 단양읍,중상사고,0,1,1,0,차대차 - 추돌,안전거리미확보,건조,맑음,단일로 - 기타,건설기계,남,62세,상해없음,화물,남,51세,경상
2016030800100138,2016년 3월 8일 09시,화요일,충청북도 제천시 영천동,경상사고,0,0,1,0,차대차 - 추돌,안전운전불이행,건조,기타,교차로 - 교차로부근,승용,남,35세,상해없음,승용,남,47세,경상
2016030800100158,2016년 3월 8일 10시,화요일,충청북도 제천시 송학면,경상사고,0,0,1,0,차대차 - 추돌,안전거리미확보,건조,맑음,단일로 - 기타,화물,남,56세,상해없음,승용,남,59세,경상
2016030800100178,2016년 3월 8일 11시,화요일,충청북도 청주시 서원구 남이면,경상사고,0,0,1,0,차대차 - 측면직각충돌,안전운전불이행,건조,맑음,단일로 - 기타,승용,남,60세,상해없음,승용,여,44세,경상
2016030800100199,2016년 3월 8일 12시,화요일,충청북도 충주시 연수동,경상사고,0,0,1,0,차대사람 - 횡단중,안전운전불이행,건조,맑음,단일로 - 횡단보도상,승용,여,63세,상해없음,보행자,여,55세,경상
2016030800100200,2016년 3월 8일 12시,화요일,충청북도 영동군 영동읍,경상사고,0,0,2,0,차대차 - 정면충돌,중앙선침범,건조,맑음,단일로 - 기타,승용,남,65세,경상,승용,여,45세,경상
2016030800100247,2016년 3월 8일 14시,화요일,충청북도 옥천군 동이면,중상사고,0,2,0,0,차대차 - 측면충돌,신호위반,건조,맑음,교차로 - 교차로안,승용,남,69세,상해없음,화물,남,71세,중상
2016030800100248,2016년 3월 8일 14시,화요일,충청북도 청주시 흥덕구 옥산면,경상사고,0,0,3,0,차대차 - 정면충돌,안전거리미확보,건조,맑음,단일로 - 기타,화물,남,57세,상해없음,승합,남,56세,경상
2016030800100249,2016년 3월 8일 14시,화요일,충청북도 청주시 서원구 남이면,경상사고,0,0,2,0,차대차 - 측면충돌,교차로운행방법위반,건조,맑음,교차로 - 교차로안,승용,남,45세,상해없음,승용,남,56세,경상
2016030800100309,2016년 3월 8일 16시,화요일,충청북도 제천시 고암동,중상사고,0,1,0,0,차대차 - 측면충돌,안전거리미확보,건조,기타,교차로 - 교차로부근,이륜,남,73세,중상,화물,남,49세,상해없음
2016030800100310,2016년 3월 8일 16시,화요일,충청북도 괴산군 장연면,경상사고,0,0,1,0,차대사람 - 기타,안전운전불이행,건조,맑음,기타 - 기타,화물,남,55세,상해없음,보행자,남,44세,경상
2016030800100345,2016년 3월 8일 17시,화요일,충청북도 제천시 장락동,경상사고,0,0,1,0,차대사람 - 횡단중,보행자보호의무위반,건조,맑음,단일로 - 횡단보도상,승합,남,48세,상해없음,보행자,남,7세,경상
2016030800100371,2016년 3월 8일 18시,화요일,충청북도 청주시 청원구 오창읍,경상사고,0,0,3,0,차대차 - 측면직각충돌,신호위반,건조,맑음,교차로 - 교차로안,화물,남,54세,상해없음,승용,남,35세,경상
2016030800100372,2016년 3월 8일 18시,화요일,충청북도 제천시 중앙로2가,중상사고,0,1,0,0,차대사람 - 횡단중,신호위반,건조,맑음,단일로 - 횡단보도상,승용,남,44세,상해없음,보행자,여,17세,중상
2016030800100411,2016년 3월 8일 19시,화요일,충청북도 청주시 청원구 우암동,경상사고,0,0,1,0,차대차 - 기타,안전운전불이행,건조,맑음,교차로 - 교차로부근,이륜,남,29세,경상,승합,남,61세,상해없음
2016030800100412,2016년 3월 8일 19시,화요일,충청북도 청주시 상당구 영운동,경상사고,0,0,1,0,차대차 - 측면충돌,안전운전불이행,건조,맑음,교차로 - 교차로안,원동기,남,46세,경상,승용,여,38세,상해없음
2016030800100477,2016년 3월 8일 21시,화요일,충청북도 충주시 칠금동,경상사고,0,0,1,0,차대차 - 측면충돌,안전거리미확보,건조,맑음,교차로 - 교차로부근,승용,여,35세,상해없음,이륜,남,32세,경상
2016030800100506,2016년 3월 8일 22시,화요일,충청북도 청주시 흥덕구 복대동,경상사고,0,0,1,0,차대차 - 측면충돌,안전운전불이행,건조,맑음,단일로 - 기타,승용,남,64세,상해없음,승용,남,27세,경상
2016030800100507,2016년 3월 8일 22시,화요일,충청북도 청주시 흥덕구 복대동,중상사고,0,1,0,0,차대차 - 정면충돌,안전운전불이행,기타,맑음,교차로 - 교차로부근,승용,남,50세,상해없음,승용,여,55세,중상
2016030800100545,2016년 3월 8일 23시,화요일,충청북도 청주시 서원구 사창동,경상사고,0,0,2,0,차대차 - 추돌,안전운전불이행,건조,맑음,단일로 - 기타,승용,남,28세,상해없음,승용,남,54세,경상
2016030900100033,2016년 3월 9일 02시,수요일,충청북도 청주시 흥덕구 복대동,경상사고,0,0,1,0,차대차 - 추돌,안전운전불이행,건조,맑음,교차로 - 교차로부근,승용,남,31세,상해없음,승용,남,30세,경상
2016030900100049,2016년 3월 9일 05시,수요일,충청북도 청주시 흥덕구 강서동,중상사고,0,1,0,0,차대차 - 측면직각충돌,신호위반,건조,맑음,교차로 - 교차로안,승용,여,51세,상해없음,승용,여,56세,중상
2016030900100118,2016년 3월 9일 08시,수요일,충청북도 옥천군 옥천읍,경상사고,0,0,1,0,차대차 - 측면직각충돌,직진우회전진행방해,건조,맑음,교차로 - 교차로안,화물,남,35세,상해없음,승용,남,32세,경상
2016030900100119,2016년 3월 9일 08시,수요일,충청북도 청주시 상당구 석교동,경상사고,0,0,1,0,차대차 - 측면충돌,안전운전불이행,건조,맑음,교차로 - 교차로안,승용,남,35세,상해없음,자전거,남,76세,경상
2016030900100147,2016년 3월 9일 09시,수요일,충청북도 영동군 황간면,중상사고,0,2,0,0,차량단독 - 도로외이탈 - 기타,안전운전불이행,건조,맑음,단일로 - 기타,화물,남,36세,중상,,,,
2016030900100148,2016년 3월 9일 09시,수요일,충청북도 영동군 황간면,경상사고,0,0,1,1,차량단독 - 도로외이탈 - 기타,안전운전불이행,건조,맑음,교차로 - 교차로부근,화물,남,63세,부상신고,,,,
2016030900100149,2016년 3월 9일 09시,수요일,충청북도 청주시 상당구 용담동,경상사고,0,0,1,0,차대차 - 측면충돌,안전운전불이행,건조,맑음,단일로 - 기타,승용,여,36세,상해없음,승용,여,49세,경상
2016030900100176,2016년 3월 9일 10시,수요일,충청북도 진천군 진천읍,사망사고,1,0,0,0,차대차 - 기타,안전운전불이행,건조,맑음,교차로 - 교차로부근,이륜,남,85세,사망,화물,남,57세,상해없음
2016030900100177,2016년 3월 9일 10시,수요일,충청북도 청주시 서원구 산남동,경상사고,0,0,2,0,차대차 - 정면충돌,신호위반,건조,맑음,교차로 - 교차로안,화물,남,28세,경상,화물,남,42세,경상
2016030900100194,2016년 3월 9일 11시,수요일,충청북도 청주시 흥덕구 오송읍,중상사고,0,1,2,0,차대사람 - 횡단중,안전운전불이행,건조,맑음,단일로 - 횡단보도상,승용,남,56세,경상,보행자,여,57세,중상
2016030900100220,2016년 3월 9일 12시,수요일,충청북도 영동군 용산면,중상사고,0,2,1,0,차대차 - 측면직각충돌,신호위반,건조,맑음,교차로 - 교차로안,화물,남,49세,중상,승용,남,61세,경상
2016030900100221,2016년 3월 9일 12시,수요일,충청북도 청주시 상당구 용암동,경상사고,0,0,2,0,차대차 - 추돌,안전운전불이행,건조,맑음,교차로 - 교차로부근,승용,남,54세,상해없음,승용,남,49세,경상
2016030900100249,2016년 3월 9일 13시,수요일,충청북도 청주시 흥덕구 봉명동,경상사고,0,0,1,0,차대차 - 추돌,안전운전불이행,기타,맑음,기타 - 기타,승용,남,45세,상해없음,승용,여,40세,경상
2016030900100274,2016년 3월 9일 14시,수요일,충청북도 청주시 서원구 분평동,경상사고,0,0,2,0,차대차 - 기타,교차로운행방법위반,건조,맑음,교차로 - 교차로안,승용,남,23세,상해없음,승용,남,26세,경상
2016030900100299,2016년 3월 9일 15시,수요일,충청북도 충주시 교현동,중상사고,0,1,0,0,차대차 - 측면충돌,신호위반,건조,맑음,교차로 - 교차로안,승용,여,43세,상해없음,원동기,남,20세,중상
2016030900100365,2016년 3월 9일 17시,수요일,충청북도 청주시 흥덕구 복대동,중상사고,0,1,0,0,차대사람 - 보도통행중,안전운전불이행,건조,맑음,단일로 - 기타,원동기,남,23세,상해없음,보행자,남,4세,중상
2016030900100366,2016년 3월 9일 17시,수요일,충청북도 청주시 상당구 낭성면,중상사고,0,1,0,0,차량단독 - 전도전복,안전운전불이행,건조,맑음,단일로 - 기타,승용,여,51세,중상,,,,
2016030900100404,2016년 3월 9일 18시,수요일,충청북도 청주시 흥덕구 복대동,경상사고,0,0,1,0,차대차 - 정면충돌,안전운전불이행,건조,맑음,단일로 - 기타,승용,남,62세,기타불명,자전거,남,36세,경상
2016030900100405,2016년 3월 9일 18시,수요일,충청북도 청주시 흥덕구 신촌동,경상사고,0,0,1,0,차대차 - 정면충돌,안전운전불이행,건조,맑음,단일로 - 기타,승용,남,43세,상해없음,승용,남,33세,경상
2016030900100446,2016년 3월 9일 19시,수요일,충청북도 제천시 명동,경상사고,0,0,1,0,차대사람 - 횡단중,안전운전불이행,건조,맑음,단일로 - 횡단보도부근,승용,남,58세,상해없음,보행자,여,72세,경상
2016030900100447,2016년 3월 9일 19시,수요일,충청북도 진천군 진천읍,경상사고,0,0,1,0,차대사람 - 횡단중,안전운전불이행,건조,맑음,단일로 - 기타,승용,여,48세,상해없음,보행자,남,40세,경상
2016031000100087,2016년 3월 10일 07시,목요일,충청북도 청주시 청원구 북이면,경상사고,0,0,1,0,차대차 - 측면충돌,안전운전불이행,건조,맑음,단일로 - 기타,화물,여,59세,상해없음,승용,여,28세,경상
2016031000100088,2016년 3월 10일 07시,목요일,충청북도 청주시 흥덕구 봉명동,경상사고,0,0,2,0,차대차 - 추돌,차로위반,건조,맑음,단일로 - 기타,승용,남,26세,상해없음,승용,남,33세,경상
2016031000100089,2016년 3월 10일 07시,목요일,충청북도 청주시 상당구 영운동,경상사고,0,0,1,0,차대차 - 측면충돌,안전운전불이행,건조,맑음,교차로 - 교차로부근,승용,여,40세,상해없음,승합,남,76세,경상
2016031000100130,2016년 3월 10일 08시,목요일,충청북도 충주시 용산동,중상사고,0,1,0,0,차대차 - 측면충돌,안전운전불이행,건조,맑음,단일로 - 기타,승용,남,43세,상해없음,원동기,남,59세,중상
2016031000100131,2016년 3월 10일 08시,목요일,충청북도 청주시 상당구 용암동,중상사고,0,1,0,0,차량단독 - 기타,안전운전불이행,건조,맑음,단일로 - 기타,승합,남,52세,상해없음,,,,
2016031000100167,2016년 3월 10일 09시,목요일,충청북도 옥천군 옥천읍,중상사고,0,1,0,0,차대차 - 측면직각충돌,교차로운행방법위반,건조,맑음,교차로 - 교차로안,원동기,남,72세,중상,승용,여,35세,상해없음
2016031000100200,2016년 3월 10일 10시,목요일,충청북도 청주시 흥덕구 오송읍,중상사고,0,3,1,0,차대차 - 정면충돌,교차로운행방법위반,건조,맑음,교차로 - 교차로안,승용,남,58세,상해없음,승합,남,39세,상해없음
2016031000100240,2016년 3월 10일 11시,목요일,충청북도 음성군 생극면,경상사고,0,0,3,0,차대차 - 기타,안전운전불이행,기타,맑음,교차로 - 교차로부근,승용,남,59세,경상,건설기계,남,55세,상해없음
2016031000100259,2016년 3월 10일 12시,목요일,충청북도 음성군 음성읍,경상사고,0,0,1,0,차대차 - 추돌,안전운전불이행,건조,맑음,교차로 - 교차로부근,이륜,남,76세,경상,승용,남,70세,상해없음
2016031000100342,2016년 3월 10일 15시,목요일,충청북도 청주시 청원구 우암동,경상사고,0,0,1,0,차대사람 - 횡단중,안전운전불이행,건조,맑음,교차로 - 교차로안,기타불명,기타불명,기타불명,기타불명,보행자,여,74세,경상
2016031000100343,2016년 3월 10일 15시,목요일,충청북도 청주시 흥덕구 복대동,경상사고,0,0,1,0,차대사람 - 기타,안전운전불이행,건조,맑음,단일로 - 기타,승용,남,45세,상해없음,보행자,여,6세,경상
2016031000100376,2016년 3월 10일 16시,목요일,충청북도 충주시 문화동,경상사고,0,0,1,0,차대차 - 정면충돌,안전운전불이행,건조,맑음,교차로 - 교차로부근,승용,남,60세,상해없음,승용,남,32세,경상
2016031000100377,2016년 3월 10일 16시,목요일,충청북도 청주시 상당구 남일면,중상사고,0,1,1,0,차량단독 - 전도전복,안전운전불이행,건조,맑음,단일로 - 기타,화물,남,64세,중상,,,,
2016031000100547,2016년 3월 10일 22시,목요일,충청북도 청주시 청원구 율량동,경상사고,0,0,1,0,차대차 - 측면직각충돌,안전운전불이행,건조,맑음,교차로 - 교차로부근,화물,남,43세,기타불명,승용,남,36세,경상
2016031000100548,2016년 3월 10일 22시,목요일,충청북도 청주시 흥덕구 향정동,부상신고사고,0,0,0,1,차대차 - 추돌,안전운전불이행,건조,맑음,단일로 - 기타,승용,여,25세,부상신고,기타불명,기타불명,기타불명,기타불명
2016031000100549,2016년 3월 10일 22시,목요일,충청북도 청주시 상당구 금천동,경상사고,0,0,2,0,차대차 - 측면충돌,안전운전불이행,건조,맑음,단일로 - 횡단보도부근,승용,남,56세,상해없음,승용,남,66세,상해없음
2016031100100013,2016년 3월 11일 00시,금요일,충청북도 청주시 서원구 죽림동,중상사고,0,1,0,0,차량단독 - 전도전복,안전운전불이행,건조,맑음,단일로 - 기타,승용,여,34세,중상,,,,
2016031100100029,2016년 3월 11일 01시,금요일,충청북도 청주시 서원구 죽림동,경상사고,0,0,2,0,차대차 - 정면충돌,안전운전불이행,건조,맑음,단일로 - 기타,승용,여,55세,상해없음,화물,남,23세,경상
2016031100100064,2016년 3월 11일 04시,금요일,충청북도 청주시 흥덕구 복대동,경상사고,0,0,1,0,차대사람 - 횡단중,안전운전불이행,건조,맑음,교차로 - 교차로안,승용,남,64세,상해없음,보행자,남,29세,경상
2016031100100085,2016년 3월 11일 06시,금요일,충청북도 청주시 흥덕구 신촌동,경상사고,0,0,1,0,차대차 - 측면충돌,안전운전불이행,건조,맑음,단일로 - 교량,승용,남,48세,상해없음,승용,남,67세,경상
2016031100100100,2016년 3월 11일 07시,금요일,충청북도 청주시 청원구 오창읍,경상사고,0,0,1,0,차대차 - 측면직각충돌,안전운전불이행,건조,맑음,교차로 - 교차로부근,승용,남,33세,상해없음,자전거,남,27세,경상
2016031100100101,2016년 3월 11일 07시,금요일,충청북도 진천군 진천읍,경상사고,0,0,1,0,차대차 - 기타,안전운전불이행,건조,맑음,단일로 - 터널,승용,남,47세,상해없음,승용,남,49세,경상
2016031100100185,2016년 3월 11일 09시,금요일,충청북도 옥천군 옥천읍,경상사고,0,0,2,0,차대차 - 정면충돌,중앙선침범,건조,맑음,교차로 - 교차로부근,승용,남,19세,상해없음,화물,남,44세,상해없음
2016031100100225,2016년 3월 11일 10시,금요일,충청북도 청주시 청원구 오창읍,중상사고,0,1,0,0,차대차 - 기타,안전운전불이행,건조,맑음,단일로 - 기타,승용,여,58세,중상,화물,남,64세,상해없음
2016031100100226,2016년 3월 11일 10시,금요일,충청북도 청주시 서원구 분평동,중상사고,0,1,0,0,차대사람 - 횡단중,보행자보호의무위반,건조,맑음,단일로 - 기타,승용,남,40세,상해없음,보행자,여,77세,중상
2016031100100267,2016년 3월 11일 12시,금요일,충청북도 청주시 서원구 남이면,경상사고,0,0,1,0,차대차 - 기타,안전운전불이행,건조,맑음,교차로 - 교차로부근,화물,남,46세,상해없음,특수,남,31세,상해없음
2016031100100362,2016년 3월 11일 15시,금요일,충청북도 청주시 서원구 개신동,경상사고,0,0,1,0,차대차 - 기타,안전운전불이행,건조,맑음,교차로 - 교차로안,승용,남,23세,상해없음,자전거,남,59세,경상
2016031100100363,2016년 3월 11일 15시,금요일,충청북도 제천시 동현동,중상사고,0,1,0,0,차대차 - 추돌,신호위반,건조,맑음,교차로 - 교차로안,승용,남,41세,상해없음,승용,여,46세,중상
2016031100100364,2016년 3월 11일 15시,금요일,충청북도 청주시 상당구 용암동,경상사고,0,0,3,0,차대차 - 측면충돌,안전운전불이행,건조,맑음,교차로 - 교차로안,승용,남,64세,경상,승용,남,29세,경상
2016031100100397,2016년 3월 11일 16시,금요일,충청북도 충주시 충의동,경상사고,0,0,1,0,차대차 - 측면충돌,직진우회전진행방해,건조,맑음,교차로 - 교차로안,승용,남,60세,상해없음,자전거,남,71세,경상
2016031100100432,2016년 3월 11일 17시,금요일,충청북도 충주시 연수동,경상사고,0,0,1,0,차대차 - 측면충돌,안전거리미확보,건조,맑음,단일로 - 기타,승용,여,46세,상해없음,원동기,남,27세,경상
2016031100100433,2016년 3월 11일 17시,금요일,충청북도 청주시 흥덕구 신봉동,경상사고,0,0,1,0,차량단독 - 공작물충돌,안전운전불이행,건조,맑음,단일로 - 기타,승합,남,67세,상해없음,,,,
2016031100100510,2016년 3월 11일 19시,금요일,충청북도 청주시 흥덕구 복대동,중상사고,0,1,0,0,차대차 - 정면충돌,신호위반,건조,맑음,교차로 - 교차로부근,승용,여,27세,상해없음,자전거,남,66세,중상
2016031100100511,2016년 3월 11일 19시,금요일,충청북도 청주시 서원구 산남동,경상사고,0,0,2,0,차대차 - 추돌,안전운전불이행,건조,맑음,단일로 - 기타,승용,여,32세,상해없음,승용,남,48세,경상
2016031100100549,2016년 3월 11일 20시,금요일,충청북도 충주시 칠금동,부상신고사고,0,0,0,1,차대차 - 정면충돌,안전운전불이행,건조,맑음,교차로 - 교차로안,원동기,남,24세,부상신고,승용,남,34세,상해없음
2016031100100550,2016년 3월 11일 20시,금요일,충청북도 제천시 의림동,경상사고,0,0,1,0,차대차 - 추돌,안전운전불이행,건조,맑음,단일로 - 기타,승용,남,61세,상해없음,승용,여,41세,상해없음
2016031100100593,2016년 3월 11일 21시,금요일,충청북도 보은군 보은읍,중상사고,0,2,0,0,차대차 - 정면충돌,안전운전불이행,건조,맑음,단일로 - 기타,화물,남,52세,상해없음,화물,남,64세,중상
2016031100100624,2016년 3월 11일 22시,금요일,충청북도 청주시 흥덕구 복대동,중상사고,0,1,0,0,차대차 - 측면직각충돌,안전운전불이행,건조,맑음,교차로 - 교차로부근,승용,남,19세,상해없음,승용,여,36세,중상
2016031200100010,2016년 3월 12일 00시,토요일,충청북도 청주시 상당구 문의면,경상사고,0,0,4,0,차대차 - 정면충돌,중앙선침범,건조,맑음,단일로 - 기타,승용,남,19세,경상,승용,남,41세,경상
2016031200100030,2016년 3월 12일 01시,토요일,충청북도 청주시 흥덕구 봉명동,경상사고,0,0,1,0,차대차 - 정면충돌,안전운전불이행,건조,맑음,기타 - 기타,승용,남,34세,상해없음,승용,남,56세,경상
2016031200100054,2016년 3월 12일 02시,토요일,충청북도 청주시 서원구 분평동,중상사고,0,1,0,0,차대사람 - 횡단중,안전운전불이행,건조,맑음,단일로 - 기타,승용,남,52세,상해없음,보행자,여,35세,중상
2016031200100085,2016년 3월 12일 05시,토요일,충청북도 청주시 서원구 개신동,경상사고,0,0,2,0,차대차 - 측면직각충돌,안전운전불이행,건조,맑음,단일로 - 기타,승용,남,21세,상해없음,승용,남,41세,경상
2016031200100129,2016년 3월 12일 08시,토요일,충청북도 영동군 영동읍,경상사고,0,0,1,0,차대사람 - 횡단중,안전운전불이행,건조,흐림,단일로 - 기타,화물,남,39세,상해없음,보행자,여,51세,경상
2016031200100172,2016년 3월 12일 10시,토요일,충청북도 청주시 흥덕구 오송읍,중상사고,0,1,6,0,차대차 - 정면충돌,중앙선침범,건조,맑음,단일로 - 기타,승용,여,58세,경상,승합,남,44세,중상
2016031200100173,2016년 3월 12일 10시,토요일,충청북도 청주시 상당구 탑동,경상사고,0,0,1,0,차대차 - 추돌,안전운전불이행,건조,맑음,단일로 - 기타,이륜,남,29세,경상,승용,여,44세,상해없음
2016031200100174,2016년 3월 12일 10시,토요일,충청북도 청주시 상당구 문의면,중상사고,0,1,0,0,차량단독 - 전도전복,안전운전불이행,건조,맑음,단일로 - 기타,이륜,남,73세,중상,,,,
2016031200100201,2016년 3월 12일 11시,토요일,충청북도 음성군 금왕읍,경상사고,0,0,2,0,차대차 - 정면충돌,중앙선침범,건조,맑음,단일로 - 기타,승용,남,60세,경상,승용,여,60세,경상
2016031200100202,2016년 3월 12일 11시,토요일,충청북도 음성군 금왕읍,중상사고,0,1,1,0,차대차 - 측면충돌,교차로운행방법위반,건조,맑음,교차로 - 교차로안,화물,남,76세,상해없음,화물,여,42세,경상
2016031200100221,2016년 3월 12일 12시,토요일,충청북도 청주시 청원구 오창읍,중상사고,0,1,2,0,차대차 - 측면충돌,안전운전불이행,건조,맑음,교차로 - 교차로부근,승용,남,23세,경상,승용,남,41세,중상