사고번호,사고일시,요일,시군구,사고내용,사망자수,중상자수,경상자수,부상신고자수,사고유형,법규위반,노면상태,기상상태,도로형태,가해운전자 차종,가해운전자 성별,가해운전자 연령,가해운전자 상해정도,피해운전자 차종,피해운전자 성별,피해운전자 연령,피해운전자 상해정도
2016031200100274,2016년 3월 12일 14시,토요일,충청북도 보은군 보은읍,중상사고,0,1,2,0,차대차 - 추돌,안전운전불이행,건조,맑음,단일로 - 기타,화물,남,59세,상해없음,화물,여,39세,경상
2016031200100306,2016년 3월 12일 15시,토요일,충청북도 청주시 서원구 개신동,경상사고,0,0,3,0,차대차 - 추돌,안전운전불이행,건조,맑음,단일로 - 기타,승용,남,19세,상해없음,승용,남,58세,경상
2016031200100336,2016년 3월 12일 16시,토요일,충청북도 청주시 상당구 대성동,경상사고,0,0,2,0,차대차 - 측면충돌,안전운전불이행,건조,맑음,단일로 - 기타,승용,남,47세,상해없음,승용,남,37세,상해없음
2016031200100367,2016년 3월 12일 17시,토요일,충청북도 청주시 청원구 정상동,경상사고,0,0,1,0,차대차 - 추돌,교차로운행방법위반,건조,맑음,교차로 - 교차로부근,승용,남,33세,상해없음,승용,여,52세,경상
2016031200100368,2016년 3월 12일 17시,토요일,충청북도 청주시 흥덕구 가경동,경상사고,0,0,1,0,차대사람 - 횡단중,보행자보호의무위반,건조,맑음,단일로 - 횡단보도상,승용,남,58세,상해없음,보행자,여,3세,경상
2016031200100369,2016년 3월 12일 17시,토요일,충청북도 청주시 상당구 남일면,중상사고,0,1,0,0,차대차 - 기타,신호위반,건조,맑음,교차로 - 교차로안,승용,남,60세,상해없음,승용,남,64세,중상
2016031200100405,2016년 3월 12일 18시,토요일,충청북도 청주시 흥덕구 옥산면,중상사고,0,1,1,0,차량단독 - 공작물충돌,안전운전불이행,건조,맑음,단일로 - 기타,승용,여,30세,경상,,,,
2016031200100440,2016년 3월 12일 19시,토요일,충청북도 청주시 흥덕구 가경동,중상사고,0,1,1,0,차대차 - 정면충돌,안전운전불이행,건조,맑음,단일로 - 기타,화물,남,42세,상해없음,승용,남,44세,중상
2016031200100441,2016년 3월 12일 19시,토요일,충청북도 청주시 흥덕구 송정동,중상사고,0,6,3,0,차대차 - 추돌,안전운전불이행,건조,맑음,교차로 - 교차로부근,화물,남,34세,상해없음,승용,여,46세,경상
2016031200100477,2016년 3월 12일 20시,토요일,충청북도 제천시 의림동,사망사고,1,0,0,0,차대사람 - 횡단중,안전운전불이행,건조,기타,교차로 - 교차로부근,승용,남,61세,상해없음,보행자,여,83세,사망
2016031200100514,2016년 3월 12일 21시,토요일,충청북도 진천군 진천읍,경상사고,0,0,1,0,차대차 - 기타,안전운전불이행,건조,맑음,교차로 - 교차로부근,이륜,남,16세,경상,승용,남,51세,상해없음
2016031200100533,2016년 3월 12일 22시,토요일,충청북도 제천시 영천동,중상사고,0,1,0,0,차대사람 - 횡단중,보행자보호의무위반,건조,기타,교차로 - 교차로부근,승용,남,41세,상해없음,보행자,남,38세,중상
2016031300100067,2016년 3월 13일 04시,일요일,충청북도 진천군 이월면,중상사고,0,1,1,0,차대차 - 기타,과속,건조,맑음,단일로 - 기타,승용,남,29세,경상,승용,남,50세,중상
2016031300100136,2016년 3월 13일 10시,일요일,충청북도 충주시 연수동,중상사고,0,1,0,0,차대차 - 정면충돌,직진우회전진행방해,건조,맑음,교차로 - 교차로안,승용,남,67세,상해없음,승용,남,46세,상해없음
2016031300100150,2016년 3월 13일 11시,일요일,충청북도 제천시 하소동,경상사고,0,0,1,0,차대사람 - 횡단중,안전운전불이행,건조,맑음,교차로 - 교차로안,승용,남,55세,상해없음,보행자,여,74세,경상
2016031300100168,2016년 3월 13일 12시,일요일,충청북도 충주시 봉방동,경상사고,0,0,1,0,차대차 - 측면충돌,직진우회전진행방해,건조,맑음,교차로 - 교차로안,승합,남,76세,상해없음,이륜,남,23세,경상
2016031300100218,2016년 3월 13일 14시,일요일,충청북도 청주시 상당구 가덕면,중상사고,0,1,0,0,차대차 - 정면충돌,중앙선침범,건조,맑음,단일로 - 기타,승용,남,36세,상해없음,화물,남,58세,상해없음
2016031300100246,2016년 3월 13일 15시,일요일,충청북도 충주시 금릉동,경상사고,0,0,1,0,차대차 - 정면충돌,안전운전불이행,건조,맑음,교차로 - 교차로부근,승용,남,58세,상해없음,자전거,남,63세,경상
2016031300100306,2016년 3월 13일 18시,일요일,충청북도 충주시 봉방동,경상사고,0,0,1,0,차대차 - 측면충돌,안전운전불이행,건조,맑음,단일로 - 기타,승용,남,58세,상해없음,승용,남,26세,경상
2016031300100335,2016년 3월 13일 19시,일요일,충청북도 영동군 영동읍,경상사고,0,0,3,0,차대차 - 추돌,안전운전불이행,건조,맑음,교차로 - 교차로안,승용,남,21세,경상,화물,남,47세,경상
2016031300100336,2016년 3월 13일 19시,일요일,충청북도 음성군 금왕읍,경상사고,0,0,1,0,차대차 - 정면충돌,중앙선침범,건조,맑음,단일로 - 기타,화물,남,47세,상해없음,승용,남,46세,경상
2016031300100376,2016년 3월 13일 21시,일요일,충청북도 제천시 장락동,경상사고,0,0,1,0,차대차 - 추돌,안전운전불이행,건조,맑음,교차로 - 교차로부근,화물,남,65세,상해없음,승용,여,54세,경상
2016031300100393,2016년 3월 13일 22시,일요일,충청북도 청주시 흥덕구 운천동,경상사고,0,0,1,0,차대차 - 기타,안전운전불이행,건조,맑음,단일로 - 기타,승용,남,55세,상해없음,승용,남,60세,경상
2016031400100055,2016년 3월 14일 06시,월요일,충청북도 제천시 청전동,경상사고,0,0,1,0,차대차 - 추돌,안전운전불이행,건조,맑음,교차로 - 교차로안,승용,남,68세,경상,승용,남,45세,상해없음
2016031400100056,2016년 3월 14일 06시,월요일,충청북도 음성군 생극면,중상사고,0,1,1,0,차대차 - 측면충돌,신호위반,건조,맑음,교차로 - 교차로안,승용,남,58세,경상,승용,남,67세,중상
2016031400100076,2016년 3월 14일 07시,월요일,충청북도 진천군 진천읍,중상사고,0,1,2,0,차대차 - 측면직각충돌,신호위반,건조,맑음,교차로 - 교차로안,승용,남,40세,중상,승용,남,22세,경상
2016031400100077,2016년 3월 14일 07시,월요일,충청북도 청주시 흥덕구 가경동,경상사고,0,0,1,0,차대사람 - 횡단중,안전운전불이행,건조,맑음,단일로 - 기타,승용,남,47세,상해없음,보행자,여,16세,경상
2016031400100078,2016년 3월 14일 07시,월요일,충청북도 청주시 흥덕구 오송읍,경상사고,0,0,1,0,차대차 - 정면충돌,교차로운행방법위반,건조,맑음,교차로 - 교차로안,화물,남,46세,상해없음,승용,남,53세,경상
2016031400100107,2016년 3월 14일 08시,월요일,충청북도 옥천군 옥천읍,경상사고,0,0,1,0,차대차 - 측면충돌,중앙선침범,건조,맑음,교차로 - 교차로부근,농기계,남,56세,경상,승용,여,52세,상해없음
2016031400100108,2016년 3월 14일 08시,월요일,충청북도 청주시 흥덕구 봉명동,경상사고,0,0,1,0,차대차 - 측면직각충돌,교차로운행방법위반,건조,맑음,교차로 - 교차로안,승용,남,37세,상해없음,원동기,남,33세,경상
2016031400100109,2016년 3월 14일 08시,월요일,충청북도 청주시 흥덕구 봉명동,경상사고,0,0,1,0,차대차 - 측면직각충돌,직진우회전진행방해,건조,맑음,교차로 - 교차로안,승용,여,25세,상해없음,화물,남,34세,경상
2016031400100171,2016년 3월 14일 10시,월요일,충청북도 청주시 흥덕구 송정동,경상사고,0,0,1,0,차대차 - 추돌,안전거리미확보,건조,맑음,단일로 - 기타,승용,여,44세,상해없음,승용,여,30세,경상
2016031400100221,2016년 3월 14일 12시,월요일,충청북도 충주시 연수동,중상사고,0,1,0,0,차대차 - 측면충돌,기타,건조,맑음,교차로 - 교차로안,승용,여,21세,상해없음,승용,남,50세,중상
2016031400100222,2016년 3월 14일 12시,월요일,충청북도 단양군 적성면,중상사고,0,1,0,0,차대차 - 정면충돌,안전운전불이행,건조,맑음,단일로 - 터널,화물,남,58세,상해없음,화물,남,51세,중상
2016031400100223,2016년 3월 14일 12시,월요일,충청북도 청주시 서원구 수곡동,경상사고,0,0,1,0,차대차 - 기타,안전운전불이행,건조,맑음,단일로 - 기타,승용,남,44세,상해없음,승용,남,38세,경상
2016031400100277,2016년 3월 14일 14시,월요일,충청북도 청주시 청원구 내수읍,경상사고,0,0,2,0,차대차 - 측면충돌,교차로운행방법위반,건조,맑음,교차로 - 교차로안,승용,여,68세,상해없음,승용,남,62세,경상
2016031400100385,2016년 3월 14일 17시,월요일,충청북도 청주시 상당구 북문로2가동,중상사고,0,1,0,0,차대사람 - 차도통행중,안전운전불이행,건조,맑음,단일로 - 기타,승용,남,67세,상해없음,보행자,남,55세,중상
2016031400100386,2016년 3월 14일 17시,월요일,충청북도 청주시 청원구 주중동,중상사고,0,1,1,0,차대사람 - 횡단중,보행자보호의무위반,건조,맑음,단일로 - 횡단보도상,승용,남,39세,상해없음,보행자,여,64세,중상
2016031400100425,2016년 3월 14일 18시,월요일,충청북도 청주시 흥덕구 오송읍,중상사고,0,1,0,0,차대차 - 정면충돌,안전운전불이행,건조,맑음,교차로 - 교차로부근,승용,여,50세,상해없음,승용,남,43세,중상
2016031400100426,2016년 3월 14일 18시,월요일,충청북도 청주시 상당구 금천동,경상사고,0,0,1,0,차대차 - 정면충돌,안전운전불이행,건조,맑음,단일로 - 기타,특수,남,35세,상해없음,승용,여,49세,경상
2016031400100465,2016년 3월 14일 19시,월요일,충청북도 괴산군 괴산읍,부상신고사고,0,0,0,1,차대차 - 측면충돌,안전운전불이행,건조,맑음,단일로 - 기타,승용,여,54세,부상신고,화물,남,59세,상해없음
2016031400100466,2016년 3월 14일 19시,월요일,충청북도 청주시 흥덕구 가경동,경상사고,0,0,1,0,차대차 - 추돌,안전운전불이행,건조,맑음,교차로 - 교차로부근,승용,남,56세,상해없음,승용,남,37세,경상
2016031400100556,2016년 3월 14일 22시,월요일,충청북도 청주시 서원구 개신동,경상사고,0,0,1,0,차대사람 - 횡단중,안전운전불이행,건조,맑음,교차로 - 교차로부근,승용,여,48세,상해없음,보행자,남,49세,경상
2016031500100136,2016년 3월 15일 08시,화요일,충청북도 충주시 금가면,중상사고,0,1,0,0,차대차 - 측면충돌,안전거리미확보,건조,맑음,교차로 - 교차로부근,승용,남,51세,상해없음,승용,남,25세,중상
2016031500100172,2016년 3월 15일 09시,화요일,충청북도 청주시 청원구 오창읍,경상사고,0,0,2,0,차대차 - 추돌,안전운전불이행,건조,맑음,교차로 - 교차로안,승용,남,36세,상해없음,승용,여,40세,경상
2016031500100194,2016년 3월 15일 10시,화요일,충청북도 충주시 충의동,경상사고,0,0,1,0,차대사람 - 횡단중,안전운전불이행,건조,맑음,단일로 - 기타,기타불명,기타불명,16세,기타불명,보행자,여,30세,경상
2016031500100227,2016년 3월 15일 11시,화요일,충청북도 청주시 청원구 오창읍,중상사고,0,1,0,0,차량단독 - 공작물충돌,안전운전불이행,건조,맑음,단일로 - 기타,승용,여,61세,중상,,,,
2016031500100228,2016년 3월 15일 11시,화요일,충청북도 청주시 상당구 남문로2가동,경상사고,0,0,1,0,차대차 - 추돌,안전운전불이행,건조,맑음,단일로 - 기타,승용,남,43세,상해없음,자전거,남,77세,경상
2016031500100282,2016년 3월 15일 13시,화요일,충청북도 청주시 청원구 율량동,중상사고,0,1,0,0,차대차 - 측면직각충돌,중앙선침범,건조,맑음,단일로 - 기타,승용,남,36세,상해없음,화물,남,46세,중상
2016031500100283,2016년 3월 15일 13시,화요일,충청북도 제천시 동현동,경상사고,0,0,1,0,차대차 - 추돌,신호위반,건조,맑음,교차로 - 교차로부근,승용,남,64세,상해없음,자전거,남,66세,경상
2016031500100303,2016년 3월 15일 14시,화요일,충청북도 청주시 청원구 오창읍,경상사고,0,0,1,0,차대차 - 측면직각충돌,안전운전불이행,건조,맑음,교차로 - 교차로안,승용,여,32세,상해없음,이륜,남,36세,경상
2016031500100304,2016년 3월 15일 14시,화요일,충청북도 충주시 신니면,경상사고,0,0,2,0,차대차 - 정면충돌,기타,건조,맑음,교차로 - 교차로안,화물,남,61세,경상,승용,여,57세,경상
2016031500100328,2016년 3월 15일 15시,화요일,충청북도 음성군 감곡면,경상사고,0,0,3,0,차대차 - 기타,교차로운행방법위반,건조,맑음,교차로 - 교차로안,승용,여,30세,경상,화물,남,67세,경상
2016031500100355,2016년 3월 15일 16시,화요일,충청북도 충주시 금가면,중상사고,0,1,0,1,차대차 - 기타,안전운전불이행,건조,맑음,단일로 - 기타,승용,여,53세,부상신고,승용,남,47세,중상
2016031500100389,2016년 3월 15일 17시,화요일,충청북도 청주시 흥덕구 봉명동,경상사고,0,0,1,0,차대차 - 측면충돌,안전운전불이행,건조,맑음,교차로 - 교차로안,승용,여,45세,상해없음,이륜,남,34세,경상
2016031500100424,2016년 3월 15일 18시,화요일,충청북도 청주시 서원구 수곡동,중상사고,0,1,0,0,차대차 - 측면충돌,안전운전불이행,건조,맑음,단일로 - 횡단보도부근,승용,남,55세,상해없음,자전거,남,75세,중상
2016031500100465,2016년 3월 15일 19시,화요일,충청북도 청주시 흥덕구 봉명동,경상사고,0,0,2,0,차대차 - 정면충돌,안전운전불이행,건조,맑음,단일로 - 기타,화물,남,48세,상해없음,승용,여,57세,경상
2016031500100466,2016년 3월 15일 19시,화요일,충청북도 청주시 흥덕구 가경동,중상사고,0,1,0,0,차대사람 - 횡단중,보행자보호의무위반,건조,맑음,교차로 - 교차로부근,이륜,남,23세,상해없음,보행자,남,59세,중상
2016031500100503,2016년 3월 15일 20시,화요일,충청북도 청주시 청원구 오창읍,중상사고,0,1,0,0,차대차 - 측면직각충돌,안전운전불이행,건조,맑음,교차로 - 교차로안,승용,남,33세,상해없음,승용,남,27세,중상
2016031500100532,2016년 3월 15일 21시,화요일,충청북도 청주시 청원구 우암동,경상사고,0,0,1,0,차대차 - 추돌,안전운전불이행,건조,맑음,교차로 - 교차로부근,승합,남,55세,상해없음,이륜,남,19세,경상
2016031500100533,2016년 3월 15일 21시,화요일,충청북도 제천시 청전동,경상사고,0,0,1,0,차대차 - 추돌,안전운전불이행,건조,맑음,교차로 - 교차로안,승용,남,61세,상해없음,승용,남,28세,경상
2016031500100560,2016년 3월 15일 22시,화요일,충청북도 청주시 서원구 남이면,경상사고,0,0,1,0,차량단독 - 전도전복,안전운전불이행,건조,맑음,단일로 - 기타,승용,남,41세,경상,,,,
2016031500100577,2016년 3월 15일 23시,화요일,충청북도 청주시 흥덕구 봉명동,경상사고,0,0,1,0,차대사람 - 기타,안전운전불이행,건조,맑음,단일로 - 횡단보도부근,승용,남,47세,상해없음,보행자,남,26세,경상
2016031600100120,2016년 3월 16일 08시,수요일,충청북도 청주시 상당구 북문로3가동,중상사고,0,1,0,0,차대사람 - 횡단중,보행자보호의무위반,건조,맑음,기타 - 기타,화물,남,49세,상해없음,보행자,남,8세,중상
2016031600100121,2016년 3월 16일 08시,수요일,충청북도 제천시 장락동,중상사고,0,1,1,0,차대차 - 추돌,안전운전불이행,건조,맑음,단일로 - 기타,승용,여,49세,경상,승용,여,41세,중상
2016031600100122,2016년 3월 16일 08시,수요일,충청북도 청주시 흥덕구 오송읍,경상사고,0,0,1,0,차대차 - 측면충돌,신호위반,건조,맑음,교차로 - 교차로안,승용,여,33세,상해없음,승용,남,39세,경상
2016031600100123,2016년 3월 16일 08시,수요일,충청북도 청주시 서원구 분평동,경상사고,0,0,3,0,차대차 - 추돌,안전운전불이행,건조,맑음,단일로 - 기타,승용,여,44세,경상,승합,남,67세,경상
2016031600100124,2016년 3월 16일 08시,수요일,충청북도 청주시 서원구 수곡동,경상사고,0,0,1,0,차대차 - 측면충돌,차로위반,건조,맑음,교차로 - 교차로부근,승용,남,53세,상해없음,승용,여,47세,경상
2016031600100157,2016년 3월 16일 09시,수요일,충청북도 충주시 연수동,경상사고,0,0,2,0,차대차 - 정면충돌,신호위반,건조,맑음,교차로 - 교차로부근,승용,남,22세,상해없음,승용,남,77세,경상
2016031600100158,2016년 3월 16일 09시,수요일,충청북도 청주시 흥덕구 오송읍,경상사고,0,0,1,0,차대차 - 정면충돌,교차로운행방법위반,건조,맑음,교차로 - 교차로안,승용,남,61세,경상,화물,남,62세,상해없음
2016031600100213,2016년 3월 16일 11시,수요일,충청북도 청주시 흥덕구 강서동,경상사고,0,0,1,0,차대사람 - 길가장자리구역통행중,안전운전불이행,건조,맑음,단일로 - 기타,기타불명,기타불명,기타불명,기타불명,보행자,남,59세,경상
2016031600100242,2016년 3월 16일 12시,수요일,충청북도 충주시 교현동,중상사고,0,1,0,0,차대차 - 정면충돌,직진우회전진행방해,건조,맑음,교차로 - 교차로안,화물,남,76세,상해없음,이륜,여,58세,중상
2016031600100243,2016년 3월 16일 12시,수요일,충청북도 청주시 흥덕구 봉명동,경상사고,0,0,1,0,차대차 - 추돌,안전운전불이행,건조,맑음,교차로 - 교차로부근,승용,남,55세,기타불명,이륜,남,22세,경상
2016031600100244,2016년 3월 16일 12시,수요일,충청북도 청주시 상당구 남문로1가동,경상사고,0,0,1,0,차대차 - 추돌,안전운전불이행,건조,맑음,단일로 - 기타,이륜,기타불명,기타불명,기타불명,자전거,여,30세,경상
2016031600100270,2016년 3월 16일 13시,수요일,충청북도 제천시 명동,경상사고,0,0,1,0,차대차 - 추돌,안전운전불이행,건조,맑음,교차로 - 교차로부근,승용,남,29세,상해없음,자전거,남,69세,경상
2016031600100298,2016년 3월 16일 14시,수요일,충청북도 충주시 문화동,경상사고,0,0,1,0,차대차 - 측면충돌,안전운전불이행,건조,맑음,교차로 - 교차로안,승용,여,38세,상해없음,이륜,남,17세,경상
2016031600100327,2016년 3월 16일 15시,수요일,충청북도 청주시 청원구 우암동,중상사고,0,1,0,0,차대차 - 추돌,안전운전불이행,건조,맑음,단일로 - 기타,자전거,남,13세,중상,기타불명,기타불명,기타불명,기타불명
2016031600100360,2016년 3월 16일 16시,수요일,충청북도 청주시 상당구 서문동,사망사고,1,0,0,0,차대차 - 측면충돌,안전운전불이행,건조,맑음,단일로 - 기타,승합,남,36세,상해없음,자전거,여,72세,사망
2016031600100392,2016년 3월 16일 17시,수요일,충청북도 청주시 서원구 사직동,경상사고,0,0,2,0,차대차 - 측면직각충돌,안전운전불이행,건조,맑음,교차로 - 교차로안,승용,여,24세,상해없음,승용,남,77세,경상
2016031600100438,2016년 3월 16일 18시,수요일,충청북도 청주시 청원구 오창읍,중상사고,0,1,0,0,차대차 - 기타,안전거리미확보,건조,맑음,단일로 - 기타,원동기,남,44세,중상,승용,여,52세,상해없음
2016031600100439,2016년 3월 16일 18시,수요일,충청북도 음성군 감곡면,중상사고,0,2,3,0,차대차 - 기타,차로위반,건조,맑음,단일로 - 기타,승용,남,27세,중상,승용,남,65세,경상
2016031600100440,2016년 3월 16일 18시,수요일,충청북도 청주시 흥덕구 복대동,경상사고,0,0,1,0,차대사람 - 기타,안전운전불이행,건조,맑음,교차로 - 교차로부근,자전거,남,14세,상해없음,보행자,여,55세,경상
2016031600100441,2016년 3월 16일 18시,수요일,충청북도 청주시 흥덕구 가경동,중상사고,0,1,1,0,차대차 - 기타,교차로운행방법위반,건조,맑음,교차로 - 교차로안,승용,여,40세,경상,승용,여,37세,중상
2016031600100485,2016년 3월 16일 19시,수요일,충청북도 충주시 엄정면,중상사고,0,1,1,0,차대차 - 정면충돌,안전운전불이행,건조,맑음,교차로 - 교차로안,화물,남,69세,상해없음,화물,남,69세,중상
2016031600100486,2016년 3월 16일 19시,수요일,충청북도 제천시 교동,경상사고,0,0,1,0,차대사람 - 횡단중,보행자보호의무위반,건조,맑음,교차로 - 교차로부근,승용,여,45세,상해없음,보행자,여,50세,경상
2016031600100487,2016년 3월 16일 19시,수요일,충청북도 청주시 상당구 영운동,경상사고,0,0,1,0,차대차 - 추돌,안전운전불이행,건조,맑음,단일로 - 기타,승용,여,41세,상해없음,승용,여,54세,경상
2016031600100527,2016년 3월 16일 20시,수요일,충청북도 청주시 서원구 죽림동,중상사고,0,1,0,0,차량단독 - 기타,안전운전불이행,건조,맑음,기타 - 기타,승합,남,52세,기타불명,,,,
2016031600100563,2016년 3월 16일 21시,수요일,충청북도 청주시 흥덕구 운천동,중상사고,0,1,0,0,차대차 - 정면충돌,안전운전불이행,건조,맑음,교차로 - 교차로부근,이륜,남,56세,상해없음,승합,남,55세,상해없음
2016031600100591,2016년 3월 16일 22시,수요일,충청북도 청주시 상당구 영운동,경상사고,0,0,2,0,차대차 - 측면충돌,안전운전불이행,건조,맑음,기타 - 기타,승용,여,50세,상해없음,승용,남,50세,경상
2016031600100611,2016년 3월 16일 23시,수요일,충청북도 청주시 청원구 내덕동,중상사고,0,1,0,0,차대차 - 측면직각충돌,안전운전불이행,건조,맑음,교차로 - 교차로부근,승용,여,22세,중상,승용,여,46세,상해없음
2016031600100612,2016년 3월 16일 23시,수요일,충청북도 음성군 금왕읍,경상사고,0,0,2,0,차대차 - 측면충돌,교차로운행방법위반,건조,맑음,교차로 - 교차로안,승용,남,52세,경상,승용,여,33세,경상
2016031700100075,2016년 3월 17일 06시,목요일,충청북도 충주시 문화동,경상사고,0,0,1,0,차대차 - 측면충돌,신호위반,건조,맑음,교차로 - 교차로안,승용,남,52세,기타불명,승용,남,47세,경상
2016031700100076,2016년 3월 17일 06시,목요일,충청북도 충주시 용두동,경상사고,0,0,1,0,차대차 - 정면충돌,안전거리미확보,건조,맑음,교차로 - 교차로부근,건설기계,남,44세,상해없음,화물,남,63세,경상
2016031700100140,2016년 3월 17일 08시,목요일,충청북도 청주시 청원구 오창읍,경상사고,0,0,1,0,차대차 - 추돌,안전운전불이행,건조,맑음,교차로 - 교차로부근,승용,남,40세,상해없음,승용,여,40세,경상
2016031700100141,2016년 3월 17일 08시,목요일,충청북도 충주시 칠금동,부상신고사고,0,0,0,1,차대차 - 측면충돌,교차로운행방법위반,건조,맑음,교차로 - 교차로안,자전거,여,41세,부상신고,승용,남,34세,상해없음
2016031700100142,2016년 3월 17일 08시,목요일,충청북도 충주시 산척면,중상사고,0,2,1,0,차대차 - 정면충돌,안전운전불이행,건조,맑음,교차로 - 교차로부근,승용,남,53세,중상,승용,남,52세,경상
2016031700100143,2016년 3월 17일 08시,목요일,충청북도 충주시 대소원면,중상사고,0,1,0,0,차대차 - 기타,직진우회전진행방해,건조,맑음,교차로 - 교차로안,화물,남,24세,상해없음,승용,남,27세,중상
2016031700100144,2016년 3월 17일 08시,목요일,충청북도 청주시 흥덕구 수의동,경상사고,0,0,1,0,차대차 - 정면충돌,안전운전불이행,건조,맑음,단일로 - 기타,승용,남,45세,상해없음,승용,남,60세,경상
2016031700100145,2016년 3월 17일 08시,목요일,충청북도 청주시 서원구 분평동,경상사고,0,0,1,0,차대사람 - 횡단중,보행자보호의무위반,건조,맑음,교차로 - 교차로부근,승합,여,50세,상해없음,보행자,여,10세,경상
2016031700100186,2016년 3월 17일 09시,목요일,충청북도 증평군 증평읍,경상사고,0,0,1,0,차대차 - 측면직각충돌,안전운전불이행,건조,맑음,교차로 - 교차로안,승용,여,69세,상해없음,이륜,여,64세,경상
2016031700100238,2016년 3월 17일 11시,목요일,충청북도 충주시 살미면,경상사고,0,0,1,0,차대차 - 정면충돌,안전거리미확보,건조,맑음,교차로 - 교차로부근,화물,남,60세,상해없음,승용,남,44세,경상
2016031700100239,2016년 3월 17일 11시,목요일,충청북도 청주시 흥덕구 신봉동,경상사고,0,0,1,0,차대사람 - 횡단중,안전운전불이행,건조,맑음,교차로 - 교차로부근,이륜,남,20세,상해없음,보행자,여,66세,경상
2016031700100240,2016년 3월 17일 11시,목요일,충청북도 청주시 서원구 남이면,경상사고,0,0,1,0,차대차 - 정면충돌,안전운전불이행,기타,맑음,단일로 - 기타,승용,여,28세,기타불명,승용,여,46세,상해없음
2016031700100279,2016년 3월 17일 12시,목요일,충청북도 청주시 서원구 현도면,중상사고,0,1,0,0,차대차 - 정면충돌,안전거리미확보,건조,맑음,단일로 - 기타,화물,남,62세,상해없음,화물,남,74세,중상
2016031700100280,2016년 3월 17일 12시,목요일,충청북도 청주시 상당구 남문로1가동,경상사고,0,0,1,0,차대차 - 추돌,안전거리미확보,건조,맑음,단일로 - 기타,승용,여,28세,상해없음,승용,여,57세,경상
2016031700100311,2016년 3월 17일 13시,목요일,충청북도 충주시 봉방동,중상사고,0,2,0,1,차대차 - 정면충돌,직진우회전진행방해,건조,맑음,교차로 - 교차로안,승용,남,24세,부상신고,승용,여,33세,중상
2016031700100312,2016년 3월 17일 13시,목요일,충청북도 충주시 문화동,경상사고,0,0,4,0,차대차 - 측면충돌,안전운전불이행,건조,맑음,단일로 - 기타,승용,여,41세,상해없음,승용,여,40세,경상
2016031700100368,2016년 3월 17일 15시,목요일,충청북도 청주시 청원구 내덕동,중상사고,0,1,5,0,차대차 - 기타,안전운전불이행,건조,맑음,단일로 - 기타,승용,남,33세,상해없음,승합,남,47세,상해없음
2016031700100401,2016년 3월 17일 16시,목요일,충청북도 청주시 상당구 석교동,경상사고,0,0,1,0,차대사람 - 횡단중,안전운전불이행,건조,맑음,단일로 - 기타,승용,남,62세,상해없음,보행자,남,53세,경상
2016031700100402,2016년 3월 17일 16시,목요일,충청북도 충주시 대소원면,중상사고,0,1,4,0,차대차 - 추돌,안전운전불이행,건조,맑음,단일로 - 교량,화물,남,58세,상해없음,승용,남,33세,경상
2016031700100431,2016년 3월 17일 17시,목요일,충청북도 청주시 흥덕구 송정동,중상사고,0,1,0,0,차대차 - 측면직각충돌,안전운전불이행,건조,맑음,단일로 - 기타,승용,남,45세,상해없음,승용,남,53세,중상
2016031700100472,2016년 3월 17일 18시,목요일,충청북도 괴산군 청천면,중상사고,0,2,0,0,차대차 - 측면충돌,직진우회전진행방해,건조,맑음,교차로 - 교차로안,화물,남,56세,중상,승용,여,24세,중상
2016031700100506,2016년 3월 17일 19시,목요일,충청북도 충주시 중앙탑면,경상사고,0,0,1,0,차대차 - 측면충돌,신호위반,건조,맑음,교차로 - 교차로안,승용,남,34세,상해없음,승용,남,29세,경상
2016031700100507,2016년 3월 17일 19시,목요일,충청북도 제천시 영천동,중상사고,0,1,0,0,차대사람 - 횡단중,안전운전불이행,건조,맑음,교차로 - 교차로안,승용,남,67세,상해없음,보행자,남,6세,중상
2016031700100508,2016년 3월 17일 19시,목요일,충청북도 음성군 삼성면,중상사고,0,1,0,0,차대사람 - 횡단중,안전운전불이행,기타,맑음,단일로 - 기타,승합,남,47세,상해없음,보행자,남,61세,중상
2016031700100509,2016년 3월 17일 19시,목요일,충청북도 청주시 흥덕구 봉명동,중상사고,0,1,0,0,차대차 - 측면직각충돌,안전운전불이행,건조,맑음,단일로 - 기타,승용,남,36세,상해없음,이륜,남,23세,중상
2016031700100510,2016년 3월 17일 19시,목요일,충청북도 청주시 흥덕구 봉명동,중상사고,0,1,0,0,차대차 - 기타,안전운전불이행,건조,맑음,단일로 - 기타,승용,남,54세,상해없음,원동기,남,45세,중상
2016031700100539,2016년 3월 17일 20시,목요일,충청북도 청주시 청원구 내수읍,경상사고,0,0,3,0,차대차 - 추돌,안전운전불이행,건조,맑음,단일로 - 기타,승용,남,25세,경상,화물,남,51세,경상
2016031700100540,2016년 3월 17일 20시,목요일,충청북도 청주시 흥덕구 강서동,경상사고,0,0,1,0,차대차 - 정면충돌,신호위반,건조,맑음,교차로 - 교차로안,승용,여,34세,상해없음,승용,남,66세,경상
2016031700100576,2016년 3월 17일 21시,목요일,충청북도 충주시 지현동,경상사고,0,0,2,1,차대차 - 정면충돌,교차로운행방법위반,건조,맑음,교차로 - 교차로안,승용,여,58세,부상신고,승용,남,57세,경상
2016031700100612,2016년 3월 17일 22시,목요일,충청북도 청주시 흥덕구 봉명동,경상사고,0,0,1,0,차대차 - 정면충돌,안전거리미확보,습기,맑음,교차로 - 교차로부근,승용,남,54세,상해없음,이륜,남,19세,경상