사고번호,사고일시,요일,시군구,사고내용,사망자수,중상자수,경상자수,부상신고자수,사고유형,법규위반,노면상태,기상상태,도로형태,가해운전자 차종,가해운전자 성별,가해운전자 연령,가해운전자 상해정도,피해운전자 차종,피해운전자 성별,피해운전자 연령,피해운전자 상해정도
2016031700100637,2016년 3월 17일 23시,목요일,충청북도 청주시 청원구 오창읍,경상사고,0,0,1,0,차대차 - 기타,안전운전불이행,건조,맑음,교차로 - 교차로부근,승용,여,29세,경상,승용,남,31세,기타불명
2016031800100008,2016년 3월 18일 00시,금요일,충청북도 청주시 서원구 산남동,경상사고,0,0,3,0,차대차 - 측면충돌,신호위반,건조,맑음,교차로 - 교차로안,승용,남,26세,기타불명,승용,남,54세,경상
2016031800100044,2016년 3월 18일 03시,금요일,충청북도 음성군 음성읍,경상사고,0,0,2,0,차량단독 - 전도전복,안전운전불이행,건조,맑음,단일로 - 기타,승용,남,20세,경상,,,,
2016031800100080,2016년 3월 18일 06시,금요일,충청북도 청주시 흥덕구 복대동,경상사고,0,0,1,0,차대차 - 정면충돌,안전운전불이행,습기,비,단일로 - 기타,승합,남,34세,상해없음,승용,남,55세,경상
2016031800100129,2016년 3월 18일 08시,금요일,충청북도 충주시 연수동,중상사고,0,1,0,0,차대사람 - 횡단중,보행자보호의무위반,건조,맑음,교차로 - 교차로부근,승용,여,29세,상해없음,보행자,여,35세,중상
2016031800100130,2016년 3월 18일 08시,금요일,충청북도 음성군 금왕읍,경상사고,0,0,1,0,차대차 - 측면충돌,교차로운행방법위반,건조,맑음,교차로 - 교차로안,승용,남,40세,상해없음,승용,여,51세,경상
2016031800100131,2016년 3월 18일 08시,금요일,충청북도 청주시 서원구 남이면,경상사고,0,0,2,0,차대차 - 추돌,안전거리미확보,건조,맑음,교차로 - 교차로부근,승용,남,67세,상해없음,승용,여,43세,경상
2016031800100164,2016년 3월 18일 09시,금요일,충청북도 제천시 신월동,경상사고,0,0,1,0,차대차 - 추돌,직진우회전진행방해,습기,비,교차로 - 교차로안,승용,남,58세,상해없음,승용,남,22세,경상
2016031800100271,2016년 3월 18일 13시,금요일,충청북도 제천시 신월동,중상사고,0,1,0,0,차대차 - 추돌,교차로운행방법위반,건조,맑음,교차로 - 교차로안,승용,남,64세,상해없음,승용,남,28세,중상
2016031800100325,2016년 3월 18일 15시,금요일,충청북도 충주시 충의동,경상사고,0,0,1,0,차대차 - 측면충돌,직진우회전진행방해,건조,맑음,교차로 - 교차로안,승용,남,56세,상해없음,이륜,여,67세,경상
2016031800100326,2016년 3월 18일 15시,금요일,충청북도 음성군 금왕읍,경상사고,0,0,1,0,차대차 - 정면충돌,중앙선침범,건조,맑음,교차로 - 교차로부근,화물,남,53세,상해없음,승용,여,59세,경상
2016031800100395,2016년 3월 18일 17시,금요일,충청북도 영동군 영동읍,경상사고,0,0,2,0,차대차 - 기타,안전운전불이행,건조,맑음,교차로 - 교차로안,승용,남,74세,경상,화물,남,73세,경상
2016031800100492,2016년 3월 18일 19시,금요일,충청북도 청주시 서원구 성화동,경상사고,0,0,1,0,차대차 - 측면직각충돌,안전운전불이행,건조,맑음,교차로 - 교차로부근,화물,남,51세,상해없음,승용,남,52세,경상
2016031800100533,2016년 3월 18일 20시,금요일,충청북도 청주시 흥덕구 가경동,경상사고,0,0,1,0,차대차 - 추돌,안전운전불이행,건조,맑음,단일로 - 기타,승용,남,54세,상해없음,승용,여,37세,상해없음
2016031800100565,2016년 3월 18일 21시,금요일,충청북도 청주시 서원구 사직동,경상사고,0,0,3,0,차대차 - 기타,안전운전불이행,건조,맑음,단일로 - 기타,승용,여,63세,상해없음,승용,남,50세,경상
2016031800100566,2016년 3월 18일 21시,금요일,충청북도 증평군 증평읍,부상신고사고,0,0,0,1,차량단독 - 공작물충돌,안전운전불이행,건조,맑음,교차로 - 교차로안,승용,남,27세,부상신고,,,,
2016031800100567,2016년 3월 18일 21시,금요일,충청북도 청주시 서원구 모충동,경상사고,0,0,2,0,차대차 - 추돌,안전운전불이행,건조,흐림,단일로 - 기타,승용,남,53세,상해없음,승용,남,53세,경상
2016031800100593,2016년 3월 18일 22시,금요일,충청북도 음성군 대소면,중상사고,0,1,0,0,차대차 - 추돌,안전운전불이행,건조,맑음,단일로 - 기타,승용,남,26세,상해없음,승용,남,25세,중상
2016031800100594,2016년 3월 18일 22시,금요일,충청북도 청주시 서원구 산남동,경상사고,0,0,2,0,차대차 - 측면충돌,안전운전불이행,건조,맑음,단일로 - 기타,승용,남,51세,상해없음,승용,남,53세,경상
2016031800100627,2016년 3월 18일 23시,금요일,충청북도 진천군 진천읍,중상사고,0,1,0,0,차대차 - 기타,안전운전불이행,건조,맑음,단일로 - 기타,승용,남,40세,중상,화물,남,39세,상해없음
2016031800100628,2016년 3월 18일 23시,금요일,충청북도 청주시 흥덕구 복대동,경상사고,0,0,3,0,차대차 - 측면직각충돌,교차로운행방법위반,건조,맑음,교차로 - 교차로안,승용,남,31세,경상,승용,남,63세,경상
2016031900100034,2016년 3월 19일 01시,토요일,충청북도 음성군 대소면,경상사고,0,0,1,0,차량단독 - 전도전복,안전운전불이행,건조,맑음,교차로 - 교차로부근,화물,남,57세,상해없음,,,,
2016031900100035,2016년 3월 19일 01시,토요일,충청북도 청주시 흥덕구 가경동,경상사고,0,0,3,0,차대차 - 기타,교차로운행방법위반,건조,맑음,교차로 - 교차로안,이륜,남,16세,경상,승용,여,41세,경상
2016031900100086,2016년 3월 19일 05시,토요일,충청북도 청주시 흥덕구 복대동,경상사고,0,0,1,0,차대차 - 정면충돌,중앙선침범,건조,맑음,단일로 - 기타,승용,남,28세,상해없음,승용,남,20세,경상
2016031900100099,2016년 3월 19일 06시,토요일,충청북도 옥천군 옥천읍,중상사고,0,1,0,0,차대차 - 추돌,중앙선침범,습기,안개,단일로 - 기타,승용,남,32세,중상,화물,남,51세,상해없음
2016031900100100,2016년 3월 19일 06시,토요일,충청북도 청주시 흥덕구 정봉동,중상사고,0,1,0,0,차대차 - 기타,교차로운행방법위반,기타,안개,교차로 - 교차로안,건설기계,남,49세,상해없음,원동기,남,33세,중상
2016031900100134,2016년 3월 19일 08시,토요일,충청북도 옥천군 청성면,경상사고,0,0,1,0,차량단독 - 공작물충돌,안전운전불이행,습기,안개,교차로 - 교차로안,승용,남,45세,경상,,,,
2016031900100135,2016년 3월 19일 08시,토요일,충청북도 청주시 상당구 용담동,경상사고,0,0,1,0,차대차 - 측면직각충돌,안전운전불이행,건조,맑음,교차로 - 교차로안,승용,여,50세,상해없음,승용,남,56세,경상
2016031900100186,2016년 3월 19일 10시,토요일,충청북도 진천군 문백면,경상사고,0,0,3,0,차대차 - 추돌,안전거리미확보,건조,맑음,단일로 - 기타,승용,남,26세,경상,승용,여,65세,경상
2016031900100213,2016년 3월 19일 11시,토요일,충청북도 충주시 문화동,부상신고사고,0,0,0,1,차대사람 - 횡단중,안전운전불이행,건조,맑음,단일로 - 기타,원동기,남,48세,상해없음,보행자,남,42세,부상신고
2016031900100247,2016년 3월 19일 12시,토요일,충청북도 청주시 청원구 사천동,경상사고,0,0,1,0,차대차 - 추돌,안전운전불이행,건조,맑음,단일로 - 기타,승용,남,38세,상해없음,승용,여,35세,경상
2016031900100248,2016년 3월 19일 12시,토요일,충청북도 청주시 흥덕구 신대동,경상사고,0,0,1,0,차대차 - 기타,안전운전불이행,건조,맑음,교차로 - 교차로부근,자전거,남,29세,상해없음,자전거,남,66세,경상
2016031900100279,2016년 3월 19일 13시,토요일,충청북도 영동군 영동읍,경상사고,0,0,2,0,차대사람 - 횡단중,기타,건조,맑음,단일로 - 기타,승용,남,46세,상해없음,보행자,여,50세,경상
2016031900100280,2016년 3월 19일 13시,토요일,충청북도 영동군 영동읍,경상사고,0,0,1,0,차대차 - 추돌,안전운전불이행,건조,맑음,단일로 - 기타,승용,남,48세,상해없음,승용,남,50세,경상
2016031900100281,2016년 3월 19일 13시,토요일,충청북도 청주시 상당구 탑동,경상사고,0,0,2,0,차대차 - 측면충돌,교차로운행방법위반,건조,맑음,교차로 - 교차로안,승용,남,69세,경상,승용,남,60세,경상
2016031900100322,2016년 3월 19일 14시,토요일,충청북도 청주시 상당구 석교동,중상사고,0,1,0,0,차대사람 - 길가장자리구역통행중,안전운전불이행,건조,맑음,단일로 - 기타,승용,남,28세,상해없음,보행자,남,65세,중상
2016031900100360,2016년 3월 19일 15시,토요일,충청북도 청주시 청원구 오창읍,중상사고,0,1,2,0,차대차 - 측면직각충돌,신호위반,건조,맑음,교차로 - 교차로안,승용,여,34세,경상,승용,남,35세,중상
2016031900100361,2016년 3월 19일 15시,토요일,충청북도 영동군 영동읍,경상사고,0,0,1,0,차대차 - 기타,안전운전불이행,건조,맑음,단일로 - 기타,승용,여,44세,상해없음,승용,남,52세,경상
2016031900100362,2016년 3월 19일 15시,토요일,충청북도 청주시 흥덕구 복대동,경상사고,0,0,2,0,차대차 - 정면충돌,안전거리미확보,건조,맑음,교차로 - 교차로부근,승용,남,55세,상해없음,승용,여,57세,경상
2016031900100452,2016년 3월 19일 17시,토요일,충청북도 청주시 흥덕구 지동동,경상사고,0,0,6,0,차대차 - 정면충돌,신호위반,건조,맑음,교차로 - 교차로안,승합,남,54세,상해없음,승용,남,50세,경상
2016031900100488,2016년 3월 19일 18시,토요일,충청북도 제천시 청전동,경상사고,0,0,1,0,차대차 - 추돌,직진우회전진행방해,건조,맑음,교차로 - 교차로안,화물,남,36세,기타불명,이륜,남,17세,경상
2016031900100533,2016년 3월 19일 19시,토요일,충청북도 청주시 서원구 사창동,경상사고,0,0,2,0,차대차 - 기타,안전운전불이행,건조,맑음,교차로 - 교차로부근,승용,남,22세,상해없음,승용,남,54세,경상
2016031900100534,2016년 3월 19일 19시,토요일,충청북도 제천시 명동,중상사고,0,3,0,0,차대차 - 추돌,안전거리미확보,건조,맑음,교차로 - 교차로부근,승용,남,43세,상해없음,승용,여,29세,상해없음
2016031900100573,2016년 3월 19일 20시,토요일,충청북도 청주시 상당구 용담동,중상사고,0,1,0,0,차대차 - 측면충돌,차로위반,건조,맑음,교차로 - 교차로부근,승용,남,42세,상해없음,이륜,남,18세,중상
2016031900100597,2016년 3월 19일 21시,토요일,충청북도 청주시 청원구 내덕동,경상사고,0,0,4,0,차대차 - 추돌,안전운전불이행,건조,맑음,교차로 - 교차로부근,화물,남,26세,상해없음,승용,남,40세,경상
2016032000100012,2016년 3월 20일 00시,일요일,충청북도 청주시 흥덕구 신봉동,중상사고,0,2,0,0,차대차 - 정면충돌,신호위반,건조,맑음,교차로 - 교차로안,승용,남,42세,상해없음,승용,남,52세,중상
2016032000100029,2016년 3월 20일 01시,일요일,충청북도 괴산군 사리면,사망사고,1,1,0,0,차량단독 - 공작물충돌,안전운전불이행,건조,맑음,교차로 - 교차로안,승용,남,18세,사망,,,,
2016032000100089,2016년 3월 20일 06시,일요일,충청북도 옥천군 옥천읍,중상사고,0,1,0,0,차대차 - 측면충돌,교차로운행방법위반,건조,맑음,교차로 - 교차로안,이륜,남,70세,중상,승용,남,66세,상해없음
2016032000100101,2016년 3월 20일 07시,일요일,충청북도 청주시 서원구 현도면,경상사고,0,0,1,0,차대차 - 측면직각충돌,교차로운행방법위반,건조,맑음,교차로 - 교차로안,승용,여,57세,경상,화물,남,65세,상해없음
2016032000100102,2016년 3월 20일 07시,일요일,충청북도 청주시 상당구 금천동,경상사고,0,0,1,0,차대차 - 추돌,안전운전불이행,건조,맑음,교차로 - 교차로안,승용,남,64세,상해없음,승용,여,62세,경상
2016032000100120,2016년 3월 20일 08시,일요일,충청북도 보은군 삼승면,경상사고,0,0,4,0,차대차 - 측면충돌,기타,건조,맑음,단일로 - 교량,승용,여,36세,경상,화물,여,62세,경상
2016032000100121,2016년 3월 20일 08시,일요일,충청북도 청주시 상당구 남문로1가동,경상사고,0,0,1,0,차대차 - 정면충돌,교차로운행방법위반,건조,맑음,교차로 - 교차로안,승용,남,72세,상해없음,이륜,남,55세,경상
2016032000100136,2016년 3월 20일 09시,일요일,충청북도 증평군 증평읍,부상신고사고,0,0,0,1,차대차 - 추돌,안전거리미확보,건조,맑음,교차로 - 교차로부근,이륜,남,75세,부상신고,화물,남,42세,상해없음
2016032000100151,2016년 3월 20일 10시,일요일,충청북도 청주시 청원구 북이면,경상사고,0,0,1,0,차대차 - 기타,안전운전불이행,건조,맑음,교차로 - 교차로부근,화물,남,40세,상해없음,원동기,남,55세,경상
2016032000100164,2016년 3월 20일 11시,일요일,충청북도 청주시 상당구 금천동,중상사고,0,1,2,0,차대차 - 정면충돌,안전운전불이행,건조,맑음,교차로 - 교차로안,승용,여,52세,중상,승용,남,76세,경상
2016032000100214,2016년 3월 20일 13시,일요일,충청북도 충주시 살미면,중상사고,0,1,0,0,차량단독 - 전도전복,안전운전불이행,건조,맑음,교차로 - 교차로부근,이륜,남,31세,중상,,,,
2016032000100215,2016년 3월 20일 13시,일요일,충청북도 보은군 마로면,부상신고사고,0,0,0,1,차량단독 - 전도전복,안전운전불이행,건조,맑음,단일로 - 기타,승용,남,24세,상해없음,,,,
2016032000100273,2016년 3월 20일 15시,일요일,충청북도 충주시 교현동,경상사고,0,0,3,0,차대차 - 측면충돌,기타,건조,맑음,교차로 - 교차로안,승용,여,38세,상해없음,승용,남,44세,상해없음
2016032000100294,2016년 3월 20일 16시,일요일,충청북도 음성군 금왕읍,경상사고,0,0,1,0,차대사람 - 기타,안전운전불이행,건조,맑음,기타 - 기타,승용,남,32세,상해없음,보행자,남,44세,경상
2016032000100347,2016년 3월 20일 18시,일요일,충청북도 청주시 흥덕구 봉명동,경상사고,0,0,1,0,차대차 - 측면직각충돌,교차로운행방법위반,건조,맑음,교차로 - 교차로안,승용,남,42세,상해없음,승용,여,46세,경상
2016032000100399,2016년 3월 20일 20시,일요일,충청북도 청주시 상당구 용암동,경상사고,0,0,1,0,차대차 - 정면충돌,안전운전불이행,건조,맑음,교차로 - 교차로부근,승용,남,43세,상해없음,승용,남,45세,경상
2016032000100425,2016년 3월 20일 21시,일요일,충청북도 청주시 서원구 분평동,경상사고,0,0,1,0,차대차 - 측면충돌,안전운전불이행,건조,맑음,단일로 - 기타,이륜,남,21세,경상,승용,남,34세,상해없음
2016032000100426,2016년 3월 20일 21시,일요일,충청북도 청주시 상당구 탑동,중상사고,0,1,2,0,차대차 - 측면충돌,안전운전불이행,건조,맑음,교차로 - 교차로부근,승용,남,27세,상해없음,승용,남,61세,상해없음
2016032100100008,2016년 3월 21일 00시,월요일,충청북도 충주시 봉방동,중상사고,0,1,3,0,차대차 - 정면충돌,직진우회전진행방해,건조,맑음,단일로 - 기타,승용,남,26세,경상,승용,남,23세,경상
2016032100100078,2016년 3월 21일 07시,월요일,충청북도 청주시 상당구 북문로2가동,경상사고,0,0,1,0,차량단독 - 기타,안전운전불이행,건조,맑음,단일로 - 기타,승합,여,54세,상해없음,,,,
2016032100100111,2016년 3월 21일 08시,월요일,충청북도 청주시 서원구 남이면,경상사고,0,0,7,0,차대차 - 정면충돌,안전운전불이행,건조,맑음,단일로 - 기타,화물,남,70세,상해없음,승용,여,39세,경상
2016032100100156,2016년 3월 21일 09시,월요일,충청북도 제천시 산곡동,중상사고,0,1,0,0,차대차 - 추돌,안전운전불이행,건조,맑음,단일로 - 기타,화물,남,55세,상해없음,농기계,남,78세,중상
2016032100100157,2016년 3월 21일 09시,월요일,충청북도 제천시 장락동,경상사고,0,0,1,0,차대차 - 측면충돌,직진우회전진행방해,건조,맑음,교차로 - 교차로안,승용,여,43세,상해없음,승용,남,37세,경상
2016032100100187,2016년 3월 21일 10시,월요일,충청북도 제천시 신백동,중상사고,0,1,1,0,차대차 - 추돌,안전운전불이행,건조,맑음,단일로 - 기타,승용,남,79세,경상,승합,남,61세,상해없음
2016032100100215,2016년 3월 21일 11시,월요일,충청북도 제천시 의림동,중상사고,0,1,0,0,차대차 - 측면충돌,중앙선침범,건조,맑음,교차로 - 교차로부근,승용,남,56세,상해없음,승용,남,74세,중상
2016032100100216,2016년 3월 21일 11시,월요일,충청북도 제천시 하소동,경상사고,0,0,2,0,차대차 - 추돌,신호위반,건조,맑음,교차로 - 교차로안,승용,남,37세,상해없음,승용,남,55세,경상
2016032100100217,2016년 3월 21일 11시,월요일,충청북도 청주시 상당구 금천동,경상사고,0,0,3,0,차대차 - 추돌,안전운전불이행,건조,맑음,교차로 - 교차로부근,승용,남,63세,상해없음,승용,여,47세,경상
2016032100100239,2016년 3월 21일 12시,월요일,충청북도 청주시 청원구 오창읍,중상사고,0,1,2,0,차대차 - 추돌,안전운전불이행,건조,맑음,단일로 - 기타,화물,남,79세,상해없음,승용,남,32세,경상
2016032100100240,2016년 3월 21일 12시,월요일,충청북도 충주시 목벌동,경상사고,0,0,2,0,차대차 - 측면충돌,직진우회전진행방해,건조,맑음,교차로 - 교차로안,승용,남,71세,상해없음,승합,남,44세,경상
2016032100100241,2016년 3월 21일 12시,월요일,충청북도 충주시 성서동,경상사고,0,0,1,0,차대차 - 측면충돌,안전거리미확보,건조,맑음,단일로 - 기타,승용,여,45세,상해없음,승용,남,50세,상해없음
2016032100100243,2016년 3월 21일 12시,월요일,충청북도 단양군 단양읍,경상사고,0,0,1,0,차대사람 - 기타,안전운전불이행,건조,맑음,단일로 - 기타,승용,여,55세,상해없음,보행자,남,11세,경상
2016032100100244,2016년 3월 21일 12시,월요일,충청북도 청주시 서원구 성화동,중상사고,0,1,0,0,차대차 - 정면충돌,신호위반,건조,맑음,교차로 - 교차로안,승용,남,75세,상해없음,승용,남,60세,상해없음
2016032100100278,2016년 3월 21일 13시,월요일,충청북도 충주시 교현동,중상사고,0,1,0,0,차대차 - 측면충돌,안전운전불이행,건조,맑음,단일로 - 기타,승용,남,68세,상해없음,승용,여,57세,중상
2016032100100279,2016년 3월 21일 13시,월요일,충청북도 음성군 맹동면,중상사고,0,2,1,0,차대차 - 기타,신호위반,건조,맑음,교차로 - 교차로안,승용,남,60세,경상,승용,남,32세,중상
2016032100100310,2016년 3월 21일 14시,월요일,충청북도 청주시 상당구 남문로2가동,경상사고,0,0,1,0,차대차 - 측면충돌,안전운전불이행,건조,맑음,교차로 - 교차로안,원동기,남,19세,경상,승용,여,31세,상해없음
2016032100100347,2016년 3월 21일 15시,월요일,충청북도 청주시 상당구 영동,부상신고사고,0,0,0,1,차대차 - 추돌,안전운전불이행,건조,맑음,교차로 - 교차로안,승용,여,40세,부상신고,승용,남,52세,상해없음
2016032100100348,2016년 3월 21일 15시,월요일,충청북도 충주시 교현동,경상사고,0,0,1,1,차대차 - 측면충돌,직진우회전진행방해,건조,맑음,교차로 - 교차로안,원동기,남,19세,부상신고,승용,남,70세,경상
2016032100100387,2016년 3월 21일 16시,월요일,충청북도 음성군 금왕읍,경상사고,0,0,3,0,차대차 - 측면충돌,안전운전불이행,건조,맑음,단일로 - 기타,이륜,남,78세,경상,승용,남,47세,경상
2016032100100430,2016년 3월 21일 17시,월요일,충청북도 청주시 청원구 내덕동,경상사고,0,0,1,0,차대차 - 측면충돌,안전운전불이행,건조,맑음,교차로 - 교차로안,승용,남,56세,상해없음,이륜,남,87세,경상
2016032100100431,2016년 3월 21일 17시,월요일,충청북도 청주시 흥덕구 강서동,경상사고,0,0,1,0,차대차 - 측면직각충돌,직진우회전진행방해,건조,맑음,교차로 - 교차로안,승용,남,76세,상해없음,화물,남,48세,경상
2016032100100466,2016년 3월 21일 18시,월요일,충청북도 제천시 장락동,경상사고,0,0,2,0,차대차 - 추돌,교차로운행방법위반,건조,맑음,교차로 - 교차로안,화물,남,21세,경상,승용,여,27세,경상
2016032100100467,2016년 3월 21일 18시,월요일,충청북도 음성군 감곡면,중상사고,0,1,0,0,차대사람 - 횡단중,보행자보호의무위반,건조,맑음,단일로 - 횡단보도상,승용,남,18세,상해없음,보행자,남,31세,중상
2016032100100468,2016년 3월 21일 18시,월요일,충청북도 청주시 흥덕구 옥산면,경상사고,0,0,1,0,차대차 - 정면충돌,안전운전불이행,건조,맑음,단일로 - 기타,승용,여,50세,상해없음,승용,남,34세,경상
2016032100100469,2016년 3월 21일 18시,월요일,충청북도 청주시 서원구 분평동,경상사고,0,0,1,0,차대차 - 측면충돌,안전운전불이행,건조,맑음,단일로 - 기타,자전거,남,11세,경상,승용,여,49세,상해없음
2016032100100504,2016년 3월 21일 19시,월요일,충청북도 청주시 서원구 산남동,경상사고,0,0,1,0,차대차 - 정면충돌,안전운전불이행,건조,맑음,교차로 - 교차로부근,승용,남,30세,상해없음,승용,남,58세,상해없음
2016032100100597,2016년 3월 21일 22시,월요일,충청북도 충주시 문화동,중상사고,0,1,3,0,차대차 - 측면충돌,신호위반,건조,맑음,교차로 - 교차로안,승용,남,25세,경상,승용,남,48세,중상
2016032100100598,2016년 3월 21일 22시,월요일,충청북도 음성군 대소면,경상사고,0,0,2,0,차대차 - 추돌,안전운전불이행,건조,맑음,단일로 - 기타,승용,남,32세,경상,화물,남,23세,경상
2016032100100599,2016년 3월 21일 22시,월요일,충청북도 청주시 상당구 금천동,중상사고,0,1,0,0,차대차 - 측면충돌,신호위반,건조,맑음,교차로 - 교차로안,승용,여,29세,상해없음,승용,남,49세,중상
2016032100100621,2016년 3월 21일 23시,월요일,충청북도 청주시 흥덕구 강서동,경상사고,0,0,1,0,차대차 - 추돌,안전운전불이행,건조,맑음,교차로 - 교차로부근,승합,여,60세,상해없음,승용,여,25세,경상
2016032200100067,2016년 3월 22일 06시,화요일,충청북도 보은군 보은읍,경상사고,0,0,1,0,차대차 - 측면충돌,교차로운행방법위반,건조,맑음,교차로 - 교차로안,승용,여,52세,상해없음,화물,남,72세,경상
2016032200100068,2016년 3월 22일 06시,화요일,충청북도 청주시 흥덕구 가경동,부상신고사고,0,0,0,1,차대차 - 정면충돌,안전운전불이행,건조,맑음,교차로 - 교차로부근,화물,남,45세,부상신고,승합,남,57세,상해없음
2016032200100069,2016년 3월 22일 06시,화요일,충청북도 청주시 상당구 금천동,중상사고,0,2,0,0,차대차 - 측면충돌,교차로운행방법위반,건조,맑음,교차로 - 교차로안,화물,남,60세,중상,승용,여,57세,중상
2016032200100134,2016년 3월 22일 08시,화요일,충청북도 괴산군 청안면,경상사고,0,0,1,0,차대차 - 측면충돌,안전운전불이행,건조,맑음,단일로 - 기타,화물,남,57세,상해없음,건설기계,남,34세,경상
2016032200100135,2016년 3월 22일 08시,화요일,충청북도 청주시 서원구 분평동,경상사고,0,0,1,0,차대차 - 정면충돌,안전운전불이행,건조,맑음,교차로 - 교차로안,승용,여,41세,상해없음,자전거,남,17세,경상
2016032200100212,2016년 3월 22일 10시,화요일,충청북도 청주시 청원구 북이면,경상사고,0,0,1,0,차대차 - 측면직각충돌,안전운전불이행,건조,맑음,단일로 - 기타,건설기계,남,46세,상해없음,승용,남,40세,경상
2016032200100213,2016년 3월 22일 10시,화요일,충청북도 음성군 금왕읍,중상사고,0,2,0,0,차대차 - 추돌,안전거리미확보,건조,맑음,교차로 - 교차로안,화물,남,61세,상해없음,승용,남,82세,중상
2016032200100284,2016년 3월 22일 13시,화요일,충청북도 청주시 흥덕구 운천동,경상사고,0,0,3,0,차대차 - 정면충돌,안전거리미확보,건조,맑음,교차로 - 교차로안,승용,남,37세,상해없음,승용,여,25세,경상
2016032200100311,2016년 3월 22일 14시,화요일,충청북도 청주시 서원구 개신동,중상사고,0,1,0,0,차대차 - 기타,신호위반,건조,맑음,교차로 - 교차로안,승용,남,34세,상해없음,승합,남,50세,상해없음
2016032200100342,2016년 3월 22일 15시,화요일,충청북도 청주시 청원구 북이면,중상사고,0,2,0,0,차대차 - 측면직각충돌,안전운전불이행,건조,맑음,교차로 - 교차로안,화물,남,66세,중상,화물,남,56세,중상
2016032200100343,2016년 3월 22일 15시,화요일,충청북도 제천시 청전동,중상사고,0,1,0,0,차대차 - 추돌,안전운전불이행,건조,맑음,교차로 - 교차로부근,승용,여,47세,상해없음,승용,여,50세,중상
2016032200100385,2016년 3월 22일 16시,화요일,충청북도 청주시 흥덕구 가경동,경상사고,0,0,3,0,차대차 - 측면충돌,안전거리미확보,건조,맑음,단일로 - 기타,승용,여,44세,경상,승용,남,54세,경상
2016032200100421,2016년 3월 22일 17시,화요일,충청북도 청주시 서원구 사직동,중상사고,0,1,0,0,차대차 - 측면충돌,기타,건조,맑음,교차로 - 교차로안,승용,남,52세,상해없음,자전거,남,12세,중상
2016032200100449,2016년 3월 22일 18시,화요일,충청북도 청주시 흥덕구 봉명동,부상신고사고,0,0,0,1,차대차 - 기타,교차로운행방법위반,건조,맑음,교차로 - 교차로안,원동기,남,19세,부상신고,화물,남,51세,상해없음
2016032200100490,2016년 3월 22일 19시,화요일,충청북도 충주시 칠금동,경상사고,0,0,1,0,차대차 - 측면충돌,안전거리미확보,건조,맑음,단일로 - 기타,승용,남,57세,상해없음,승용,여,40세,경상
2016032200100491,2016년 3월 22일 19시,화요일,충청북도 청주시 흥덕구 봉명동,경상사고,0,0,1,0,차대사람 - 횡단중,안전운전불이행,건조,맑음,단일로 - 횡단보도상,기타불명,기타불명,기타불명,기타불명,보행자,여,50세,경상
2016032200100492,2016년 3월 22일 19시,화요일,충청북도 청주시 흥덕구 오송읍,경상사고,0,0,1,0,차대차 - 정면충돌,안전운전불이행,건조,맑음,기타 - 기타,승용,남,35세,상해없음,승합,여,36세,경상
2016032200100493,2016년 3월 22일 19시,화요일,충청북도 청주시 상당구 서문동,부상신고사고,0,0,0,1,차대차 - 기타,안전운전불이행,건조,맑음,단일로 - 기타,기타불명,기타불명,기타불명,기타불명,자전거,남,55세,부상신고
2016032200100593,2016년 3월 22일 22시,화요일,충청북도 청주시 청원구 오창읍,경상사고,0,0,1,0,차대차 - 기타,안전운전불이행,건조,맑음,교차로 - 교차로안,원동기,남,16세,경상,승용,여,47세,상해없음
2016032200100595,2016년 3월 22일 22시,화요일,충청북도 청주시 청원구 내덕동,경상사고,0,0,1,0,차대사람 - 횡단중,안전운전불이행,건조,맑음,교차로 - 교차로부근,승용,남,45세,기타불명,보행자,여,19세,경상
2016032200100596,2016년 3월 22일 22시,화요일,충청북도 청주시 흥덕구 복대동,경상사고,0,0,3,0,차대차 - 추돌,안전운전불이행,건조,맑음,교차로 - 교차로부근,승용,남,38세,상해없음,승용,남,53세,경상
2016032200100627,2016년 3월 22일 23시,화요일,충청북도 괴산군 괴산읍,경상사고,0,0,1,0,차대차 - 측면직각충돌,안전운전불이행,건조,맑음,교차로 - 교차로안,승용,남,20세,상해없음,승용,남,33세,경상
2016032300100013,2016년 3월 23일 00시,수요일,충청북도 충주시 단월동,부상신고사고,0,0,0,1,차대차 - 정면충돌,안전운전불이행,건조,맑음,단일로 - 기타,승용,남,38세,부상신고,화물,남,56세,상해없음
2016032300100014,2016년 3월 23일 00시,수요일,충청북도 제천시 하소동,중상사고,0,1,0,0,차대사람 - 횡단중,안전운전불이행,건조,기타,교차로 - 교차로부근,승용,여,53세,상해없음,보행자,여,20세,중상
2016032300100032,2016년 3월 23일 02시,수요일,충청북도 청주시 상당구 남문로1가동,중상사고,0,1,3,0,차대차 - 정면충돌,안전운전불이행,건조,맑음,교차로 - 교차로부근,승용,남,39세,상해없음,승용,남,69세,경상
2016032300100048,2016년 3월 23일 05시,수요일,충청북도 제천시 장락동,경상사고,0,0,1,0,차대사람 - 횡단중,안전운전불이행,건조,맑음,단일로 - 기타,기타불명,기타불명,기타불명,기타불명,보행자,남,75세,경상
2016032300100049,2016년 3월 23일 05시,수요일,충청북도 음성군 원남면,경상사고,0,0,1,0,차대차 - 기타,안전운전불이행,건조,맑음,단일로 - 기타,화물,남,65세,상해없음,농기계,남,62세,경상
2016032300100050,2016년 3월 23일 05시,수요일,충청북도 청주시 서원구 사직동,경상사고,0,0,2,0,차대차 - 측면직각충돌,신호위반,건조,맑음,교차로 - 교차로안,화물,남,48세,상해없음,승용,여,47세,경상