사고번호,사고일시,요일,시군구,사고내용,사망자수,중상자수,경상자수,부상신고자수,사고유형,법규위반,노면상태,기상상태,도로형태,가해운전자 차종,가해운전자 성별,가해운전자 연령,가해운전자 상해정도,피해운전자 차종,피해운전자 성별,피해운전자 연령,피해운전자 상해정도
2016041400100246,2016년 4월 14일 12시,목요일,충청북도 괴산군 장연면,경상사고,0,0,2,0,차대차 - 추돌,안전거리미확보,건조,맑음,교차로 - 교차로안,화물,남,73세,경상,승용,여,38세,경상
2016041400100268,2016년 4월 14일 13시,목요일,충청북도 옥천군 옥천읍,중상사고,0,2,0,0,차대차 - 측면직각충돌,안전운전불이행,건조,맑음,교차로 - 교차로안,승합,남,64세,상해없음,승용,남,59세,중상
2016041400100270,2016년 4월 14일 13시,목요일,충청북도 청주시 상당구 문화동,경상사고,0,0,1,0,차대차 - 정면충돌,안전운전불이행,건조,맑음,교차로 - 교차로부근,승용,남,50세,상해없음,승합,남,43세,상해없음
2016041400100295,2016년 4월 14일 14시,목요일,충청북도 청주시 상당구 평촌동,경상사고,0,0,1,0,차대차 - 측면충돌,안전운전불이행,건조,맑음,단일로 - 기타,승용,여,37세,상해없음,승용,여,60세,경상
2016041400100331,2016년 4월 14일 15시,목요일,충청북도 청주시 흥덕구 향정동,경상사고,0,0,2,0,차대차 - 추돌,안전거리미확보,건조,맑음,교차로 - 교차로안,승용,남,39세,상해없음,승용,여,51세,경상
2016041400100462,2016년 4월 14일 18시,목요일,충청북도 청주시 상당구 용담동,중상사고,0,1,0,0,차대차 - 측면충돌,안전운전불이행,건조,맑음,단일로 - 기타,승용,여,50세,상해없음,승용,남,40세,중상
2016041400100495,2016년 4월 14일 19시,목요일,충청북도 청주시 청원구 율량동,중상사고,0,1,2,0,차대차 - 기타,중앙선침범,건조,맑음,기타 - 기타,자전거,남,54세,중상,승용,여,46세,경상
2016041400100496,2016년 4월 14일 19시,목요일,충청북도 청주시 서원구 남이면,중상사고,0,1,0,0,차대사람 - 횡단중,안전운전불이행,건조,맑음,단일로 - 기타,승용,남,56세,상해없음,보행자,남,73세,중상
2016041400100594,2016년 4월 14일 22시,목요일,충청북도 단양군 단양읍,경상사고,0,0,2,0,차대차 - 측면직각충돌,신호위반,건조,맑음,교차로 - 교차로안,승용,여,60세,상해없음,승용,남,38세,경상
2016041400100595,2016년 4월 14일 22시,목요일,충청북도 청주시 서원구 수곡동,경상사고,0,0,1,0,차대차 - 측면충돌,기타,건조,맑음,교차로 - 교차로부근,승용,남,44세,상해없음,이륜,남,61세,경상
2016041400100623,2016년 4월 14일 23시,목요일,충청북도 제천시 청전동,중상사고,0,1,1,0,차대차 - 측면충돌,차로위반,건조,맑음,단일로 - 기타,승용,남,21세,상해없음,승용,남,65세,중상
2016041400100624,2016년 4월 14일 23시,목요일,충청북도 괴산군 괴산읍,중상사고,0,1,1,0,차대차 - 추돌,안전거리미확보,건조,맑음,교차로 - 교차로부근,승합,남,45세,상해없음,승용,여,48세,중상
2016041500100014,2016년 4월 15일 00시,금요일,충청북도 청주시 서원구 사직동,경상사고,0,0,1,0,차대사람 - 기타,안전운전불이행,건조,맑음,교차로 - 교차로안,승용,남,55세,상해없음,보행자,남,48세,경상
2016041500100031,2016년 4월 15일 01시,금요일,충청북도 음성군 감곡면,사망사고,1,1,0,0,차대차 - 정면충돌,중앙선침범,건조,맑음,단일로 - 기타,화물,남,43세,사망,화물,남,40세,중상
2016041500100071,2016년 4월 15일 05시,금요일,충청북도 청주시 서원구 산남동,경상사고,0,0,1,0,차대차 - 정면충돌,안전운전불이행,건조,맑음,단일로 - 기타,이륜,남,56세,경상,화물,남,33세,상해없음
2016041500100072,2016년 4월 15일 05시,금요일,충청북도 청주시 상당구 용정동,중상사고,0,1,1,0,차대차 - 정면충돌,안전운전불이행,건조,맑음,단일로 - 기타,승용,남,60세,중상,승용,남,62세,경상
2016041500100083,2016년 4월 15일 06시,금요일,충청북도 제천시 청전동,중상사고,0,1,0,0,차대차 - 측면충돌,신호위반,건조,맑음,교차로 - 교차로안,승용,남,68세,상해없음,승용,남,46세,중상
2016041500100137,2016년 4월 15일 08시,금요일,충청북도 보은군 보은읍,중상사고,0,1,0,0,차량단독 - 기타,안전운전불이행,건조,맑음,단일로 - 기타,승합,남,49세,상해없음,,,,
2016041500100228,2016년 4월 15일 11시,금요일,충청북도 음성군 감곡면,사망사고,1,0,0,0,차대차 - 측면충돌,과속,건조,맑음,단일로 - 기타,승용,남,60세,상해없음,이륜,남,83세,사망
2016041500100253,2016년 4월 15일 12시,금요일,충청북도 청주시 청원구 주성동,경상사고,0,0,1,0,차대차 - 정면충돌,안전운전불이행,건조,맑음,교차로 - 교차로부근,승용,남,39세,상해없음,승용,여,24세,경상
2016041500100254,2016년 4월 15일 12시,금요일,충청북도 청주시 서원구 사창동,경상사고,0,0,1,0,차대사람 - 횡단중,보행자보호의무위반,건조,맑음,교차로 - 교차로안,기타불명,기타불명,기타불명,기타불명,보행자,남,7세,경상
2016041500100290,2016년 4월 15일 13시,금요일,충청북도 영동군 학산면,중상사고,0,1,0,0,차대차 - 기타,안전운전불이행,건조,맑음,단일로 - 기타,농기계,남,75세,중상,승용,남,72세,기타불명
2016041500100291,2016년 4월 15일 13시,금요일,충청북도 진천군 진천읍,중상사고,0,1,0,0,차대사람 - 횡단중,안전운전불이행,건조,맑음,교차로 - 교차로안,승용,여,49세,상해없음,보행자,여,54세,중상
2016041500100292,2016년 4월 15일 13시,금요일,충청북도 진천군 이월면,경상사고,0,0,1,0,차량단독 - 전도전복,안전운전불이행,건조,맑음,교차로 - 교차로부근,승용,여,38세,경상,,,,
2016041500100365,2016년 4월 15일 15시,금요일,충청북도 진천군 이월면,중상사고,0,1,0,0,차대차 - 기타,안전운전불이행,건조,맑음,단일로 - 기타,승용,남,76세,상해없음,자전거,남,83세,중상
2016041500100410,2016년 4월 15일 16시,금요일,충청북도 청주시 상당구 탑동,경상사고,0,0,1,0,차대차 - 기타,중앙선침범,건조,맑음,단일로 - 기타,자전거,남,90세 이상,기타불명,승용,여,23세,상해없음
2016041500100455,2016년 4월 15일 17시,금요일,충청북도 청주시 흥덕구 복대동,경상사고,0,0,5,0,차대차 - 추돌,안전운전불이행,건조,맑음,단일로 - 기타,승용,남,42세,경상,승용,남,39세,상해없음
2016041500100456,2016년 4월 15일 17시,금요일,충청북도 청주시 흥덕구 봉명동,중상사고,0,1,0,0,차대사람 - 기타,안전운전불이행,건조,맑음,단일로 - 기타,화물,남,52세,상해없음,보행자,남,46세,중상
2016041500100545,2016년 4월 15일 19시,금요일,충청북도 제천시 명동,중상사고,0,1,0,0,차대사람 - 횡단중,안전운전불이행,건조,맑음,교차로 - 교차로안,승용,남,68세,상해없음,보행자,여,61세,중상
2016041500100546,2016년 4월 15일 19시,금요일,충청북도 진천군 진천읍,중상사고,0,2,0,0,차대차 - 기타,안전운전불이행,건조,맑음,단일로 - 기타,승용,여,34세,상해없음,이륜,남,64세,중상
2016041500100547,2016년 4월 15일 19시,금요일,충청북도 청주시 상당구 용암동,중상사고,0,1,0,0,차대차 - 측면충돌,안전운전불이행,건조,맑음,교차로 - 교차로안,화물,남,45세,상해없음,이륜,남,16세,중상
2016041500100595,2016년 4월 15일 20시,금요일,충청북도 청주시 청원구 북이면,중상사고,0,1,0,0,차대차 - 측면직각충돌,안전운전불이행,건조,맑음,기타 - 기타,승용,남,33세,상해없음,승용,남,49세,중상
2016041500100635,2016년 4월 15일 21시,금요일,충청북도 제천시 교동,중상사고,0,1,2,0,차대차 - 추돌,안전운전불이행,건조,기타,교차로 - 교차로안,승용,여,23세,경상,승용,남,63세,경상
2016041500100636,2016년 4월 15일 21시,금요일,충청북도 음성군 감곡면,중상사고,0,3,2,0,차대차 - 기타,안전운전불이행,건조,맑음,단일로 - 기타,화물,남,53세,경상,승용,남,61세,경상
2016041500100674,2016년 4월 15일 22시,금요일,충청북도 청주시 청원구 내수읍,중상사고,0,1,1,0,차대차 - 측면직각충돌,신호위반,건조,맑음,교차로 - 교차로안,이륜,남,54세,중상,승용,여,42세,경상
2016041500100675,2016년 4월 15일 22시,금요일,충청북도 청주시 서원구 분평동,경상사고,0,0,5,0,차대차 - 정면충돌,중앙선침범,건조,맑음,교차로 - 교차로안,승용,남,45세,경상,승용,남,51세,경상
2016041500100701,2016년 4월 15일 23시,금요일,충청북도 진천군 이월면,경상사고,0,0,2,0,차대차 - 추돌,안전운전불이행,건조,맑음,단일로 - 기타,승용,남,35세,상해없음,승용,남,27세,경상
2016041600100007,2016년 4월 16일 00시,토요일,충청북도 충주시 금릉동,경상사고,0,0,1,0,차대사람 - 횡단중,안전운전불이행,건조,맑음,단일로 - 기타,승용,남,48세,상해없음,보행자,남,46세,경상
2016041600100008,2016년 4월 16일 00시,토요일,충청북도 괴산군 청천면,부상신고사고,0,0,0,1,차량단독 - 전도전복,안전운전불이행,건조,맑음,단일로 - 기타,화물,남,44세,부상신고,,,,
2016041600100035,2016년 4월 16일 01시,토요일,충청북도 청주시 상당구 서운동,경상사고,0,0,2,0,차대차 - 기타,교차로운행방법위반,건조,맑음,교차로 - 교차로안,승용,여,51세,상해없음,이륜,남,18세,경상
2016041600100057,2016년 4월 16일 02시,토요일,충청북도 청주시 서원구 장성동,경상사고,0,0,1,0,차량단독 - 전도전복,기타,건조,맑음,교차로 - 교차로안,승용,여,28세,경상,,,,
2016041600100089,2016년 4월 16일 04시,토요일,충청북도 제천시 영천동,경상사고,0,0,1,0,차대차 - 추돌,안전운전불이행,건조,흐림,기타 - 기타,승용,남,27세,경상,승용,남,55세,상해없음
2016041600100116,2016년 4월 16일 06시,토요일,충청북도 진천군 진천읍,경상사고,0,0,1,0,차대차 - 추돌,안전운전불이행,건조,맑음,단일로 - 기타,승용,남,29세,기타불명,승용,여,40세,경상
2016041600100124,2016년 4월 16일 07시,토요일,충청북도 청주시 상당구 금천동,경상사고,0,0,2,0,차대차 - 정면충돌,안전운전불이행,건조,맑음,교차로 - 교차로부근,승용,남,53세,상해없음,승용,여,44세,경상
2016041600100156,2016년 4월 16일 08시,토요일,충청북도 충주시 칠금동,중상사고,0,1,0,0,차대차 - 정면충돌,신호위반,건조,맑음,교차로 - 교차로안,승용,남,31세,상해없음,이륜,남,59세,중상
2016041600100157,2016년 4월 16일 08시,토요일,충청북도 청주시 상당구 문의면,경상사고,0,0,2,0,차대차 - 기타,안전운전불이행,건조,맑음,단일로 - 기타,기타불명,기타불명,기타불명,기타불명,승용,남,65세,경상
2016041600100180,2016년 4월 16일 09시,토요일,충청북도 옥천군 옥천읍,중상사고,0,1,0,0,차대차 - 측면직각충돌,교차로운행방법위반,건조,맑음,교차로 - 교차로안,승용,여,37세,상해없음,자전거,여,56세,중상
2016041600100181,2016년 4월 16일 09시,토요일,충청북도 청주시 흥덕구 운천동,중상사고,0,1,0,0,차대사람 - 횡단중,안전운전불이행,건조,맑음,교차로 - 교차로부근,화물,남,55세,상해없음,보행자,여,75세,중상
2016041600100205,2016년 4월 16일 10시,토요일,충청북도 청주시 서원구 남이면,중상사고,0,1,0,0,차대차 - 추돌,안전거리미확보,건조,맑음,단일로 - 기타,화물,남,64세,상해없음,승용,여,42세,중상
2016041600100273,2016년 4월 16일 12시,토요일,충청북도 청주시 청원구 내덕동,경상사고,0,0,1,0,차대차 - 측면충돌,교차로운행방법위반,건조,맑음,교차로 - 교차로안,승용,여,59세,상해없음,승용,남,28세,경상
2016041600100274,2016년 4월 16일 12시,토요일,충청북도 보은군 수한면,중상사고,0,1,0,0,차량단독 - 전도전복,안전운전불이행,건조,맑음,기타 - 기타,기타불명,남,14세,중상,,,,
2016041600100342,2016년 4월 16일 14시,토요일,충청북도 청주시 청원구 내덕동,경상사고,0,0,1,0,차대차 - 기타,교차로운행방법위반,건조,맑음,교차로 - 교차로안,승용,여,28세,상해없음,이륜,여,72세,경상
2016041600100343,2016년 4월 16일 14시,토요일,충청북도 충주시 연수동,부상신고사고,0,0,0,1,차대차 - 측면충돌,교차로운행방법위반,습기,비,교차로 - 교차로안,자전거,남,12세,부상신고,승용,남,43세,상해없음
2016041600100344,2016년 4월 16일 14시,토요일,충청북도 청주시 흥덕구 가경동,경상사고,0,0,1,0,차대차 - 기타,차로위반,건조,맑음,단일로 - 기타,승용,남,34세,상해없음,승합,남,59세,경상
2016041600100409,2016년 4월 16일 16시,토요일,충청북도 단양군 영춘면,경상사고,0,0,2,0,차량단독 - 전도전복,안전운전불이행,기타,맑음,단일로 - 기타,농기계,남,71세,경상,,,,
2016041600100457,2016년 4월 16일 17시,토요일,충청북도 단양군 매포읍,경상사고,0,0,2,0,차대차 - 추돌,안전거리미확보,습기,흐림,교차로 - 교차로안,승용,남,35세,상해없음,승용,남,39세,경상
2016041600100486,2016년 4월 16일 18시,토요일,충청북도 제천시 봉양읍,경상사고,0,0,4,0,차대차 - 측면충돌,신호위반,습기,비,교차로 - 교차로안,승용,남,59세,경상,승합,남,43세,경상
2016041600100487,2016년 4월 16일 18시,토요일,충청북도 음성군 음성읍,경상사고,0,0,3,0,차대차 - 측면충돌,기타,습기,비,교차로 - 교차로안,승용,남,47세,경상,승용,남,25세,경상
2016041600100488,2016년 4월 16일 18시,토요일,충청북도 음성군 감곡면,경상사고,0,0,2,0,차대차 - 측면충돌,교차로운행방법위반,습기,비,교차로 - 교차로안,이륜,남,26세,경상,승용,남,36세,상해없음
2016041600100536,2016년 4월 16일 19시,토요일,충청북도 청주시 청원구 사천동,중상사고,0,1,0,0,차대차 - 추돌,안전운전불이행,습기,비,단일로 - 기타,승용,남,25세,상해없음,승용,남,50세,중상
2016041600100537,2016년 4월 16일 19시,토요일,충청북도 충주시 연수동,경상사고,0,0,4,0,차대차 - 정면충돌,안전운전불이행,습기,비,교차로 - 교차로부근,승용,남,34세,경상,승용,여,50세,경상
2016041600100538,2016년 4월 16일 19시,토요일,충청북도 음성군 음성읍,중상사고,0,1,0,0,차대사람 - 길가장자리구역통행중,안전운전불이행,습기,비,교차로 - 교차로부근,승용,여,48세,상해없음,보행자,남,25세,중상
2016041600100600,2016년 4월 16일 20시,토요일,충청북도 제천시 중앙로2가,경상사고,0,0,1,1,차대사람 - 횡단중,안전운전불이행,습기,비,교차로 - 교차로부근,이륜,남,17세,부상신고,보행자,남,21세,경상
2016041600100601,2016년 4월 16일 20시,토요일,충청북도 청주시 서원구 개신동,경상사고,0,0,1,0,차대차 - 측면충돌,안전거리미확보,건조,맑음,단일로 - 기타,승용,남,38세,상해없음,승용,남,59세,상해없음
2016041600100602,2016년 4월 16일 20시,토요일,충청북도 청주시 서원구 수곡동,중상사고,0,1,0,0,차대차 - 정면충돌,안전운전불이행,건조,맑음,단일로 - 기타,이륜,남,30세,상해없음,이륜,남,49세,중상
2016041600100668,2016년 4월 16일 21시,토요일,충청북도 증평군 증평읍,경상사고,0,0,1,0,차대차 - 측면충돌,안전운전불이행,습기,비,교차로 - 교차로안,이륜,남,33세,경상,승용,남,32세,상해없음
2016041600100669,2016년 4월 16일 21시,토요일,충청북도 청주시 흥덕구 복대동,경상사고,0,0,1,0,차대사람 - 횡단중,안전운전불이행,습기,비,교차로 - 교차로부근,승용,여,55세,상해없음,보행자,남,22세,경상
2016041600100670,2016년 4월 16일 21시,토요일,충청북도 청주시 흥덕구 신촌동,중상사고,0,1,2,0,차대차 - 추돌,안전운전불이행,습기,비,교차로 - 교차로부근,승용,남,35세,상해없음,승용,남,31세,경상
2016041600100671,2016년 4월 16일 21시,토요일,충청북도 청주시 서원구 수곡동,경상사고,0,0,1,0,차대차 - 정면충돌,교차로운행방법위반,습기,비,교차로 - 교차로부근,승용,남,31세,상해없음,이륜,남,29세,경상
2016041600100672,2016년 4월 16일 21시,토요일,충청북도 청주시 서원구 모충동,경상사고,0,0,1,0,차대사람 - 기타,안전운전불이행,습기,비,단일로 - 기타,승용,남,60세,상해없음,보행자,남,27세,경상
2016041600100739,2016년 4월 16일 22시,토요일,충청북도 청주시 청원구 오창읍,경상사고,0,0,1,0,차량단독 - 전도전복,안전운전불이행,습기,비,단일로 - 기타,승용,남,50세,상해없음,,,,
2016041600100740,2016년 4월 16일 22시,토요일,충청북도 제천시 청전동,중상사고,0,1,0,0,차대차 - 측면충돌,직진우회전진행방해,습기,비,교차로 - 교차로안,승합,남,71세,상해없음,승용,남,45세,상해없음
2016041600100741,2016년 4월 16일 22시,토요일,충청북도 음성군 삼성면,경상사고,0,0,1,0,차량단독 - 전도전복,안전운전불이행,건조,맑음,단일로 - 기타,승용,여,30세,경상,,,,
2016041600100742,2016년 4월 16일 22시,토요일,충청북도 청주시 흥덕구 비하동,중상사고,0,1,0,0,차대차 - 정면충돌,신호위반,습기,비,단일로 - 기타,승용,남,38세,상해없음,이륜,남,33세,중상
2016041700100025,2016년 4월 17일 00시,일요일,충청북도 청주시 상당구 용암동,경상사고,0,0,2,0,차대차 - 측면충돌,안전운전불이행,습기,비,교차로 - 교차로안,승용,남,48세,상해없음,승용,남,64세,경상
2016041700100132,2016년 4월 17일 03시,일요일,충청북도 청주시 흥덕구 복대동,중상사고,0,1,0,0,차대사람 - 기타,기타,습기,비,단일로 - 기타,승용,남,50세,상해없음,보행자,여,20세,중상
2016041700100159,2016년 4월 17일 05시,일요일,충청북도 제천시 하소동,경상사고,0,0,1,0,차대차 - 측면충돌,안전운전불이행,습기,비,교차로 - 교차로부근,승용,남,24세,상해없음,승용,남,54세,경상
2016041700100175,2016년 4월 17일 06시,일요일,충청북도 진천군 진천읍,중상사고,0,1,0,0,차대사람 - 기타,안전운전불이행,건조,맑음,단일로 - 기타,승용,남,58세,상해없음,보행자,여,59세,중상
2016041700100215,2016년 4월 17일 10시,일요일,충청북도 청주시 서원구 수곡동,경상사고,0,0,2,0,차대차 - 정면충돌,중앙선침범,건조,맑음,단일로 - 기타,승용,남,31세,기타불명,승용,남,30세,경상
2016041700100248,2016년 4월 17일 12시,일요일,충청북도 청주시 흥덕구 가경동,경상사고,0,0,1,0,차대차 - 정면충돌,안전운전불이행,건조,맑음,단일로 - 기타,승용,남,43세,상해없음,이륜,남,49세,경상
2016041700100279,2016년 4월 17일 13시,일요일,충청북도 청주시 상당구 수동,경상사고,0,0,2,0,차대차 - 측면충돌,교차로운행방법위반,건조,맑음,교차로 - 교차로부근,승용,여,46세,경상,이륜,여,23세,경상
2016041700100280,2016년 4월 17일 13시,일요일,충청북도 청주시 청원구 오창읍,경상사고,0,0,1,0,차대차 - 측면충돌,교차로운행방법위반,건조,맑음,교차로 - 교차로안,승용,남,24세,경상,승용,남,50세,상해없음
2016041700100351,2016년 4월 17일 15시,일요일,충청북도 음성군 생극면,경상사고,0,0,1,0,차대차 - 측면충돌,교차로운행방법위반,건조,맑음,교차로 - 교차로안,승용,남,30세,상해없음,승용,남,31세,경상
2016041700100409,2016년 4월 17일 17시,일요일,충청북도 제천시 남천동,경상사고,0,0,4,0,차대차 - 추돌,신호위반,건조,맑음,교차로 - 교차로안,승용,남,60세,경상,승용,남,69세,경상
2016041700100499,2016년 4월 17일 20시,일요일,충청북도 제천시 의림동,중상사고,0,1,0,0,차대사람 - 횡단중,안전운전불이행,건조,기타,교차로 - 교차로부근,승용,남,49세,상해없음,보행자,남,16세,중상
2016041700100500,2016년 4월 17일 20시,일요일,충청북도 청주시 서원구 수곡동,경상사고,0,0,2,0,차대차 - 측면직각충돌,안전운전불이행,건조,맑음,단일로 - 기타,승용,여,22세,상해없음,승용,남,53세,경상
2016041700100531,2016년 4월 17일 21시,일요일,충청북도 청주시 청원구 내덕동,중상사고,0,2,0,0,차대사람 - 횡단중,안전운전불이행,건조,맑음,단일로 - 기타,승용,남,64세,상해없음,보행자,여,25세,중상
2016041700100576,2016년 4월 17일 23시,일요일,충청북도 충주시 교현동,경상사고,0,0,1,0,차대차 - 측면충돌,신호위반,건조,흐림,교차로 - 교차로안,승용,남,41세,상해없음,승용,남,49세,경상
2016041800100051,2016년 4월 18일 07시,월요일,충청북도 제천시 고암동,경상사고,0,0,1,0,차량단독 - 전도전복,안전운전불이행,건조,맑음,단일로 - 교량,승용,남,33세,경상,,,,
2016041800100093,2016년 4월 18일 08시,월요일,충청북도 충주시 문화동,중상사고,0,1,2,0,차대차 - 측면충돌,신호위반,건조,맑음,교차로 - 교차로안,화물,남,54세,경상,승용,여,26세,중상
2016041800100094,2016년 4월 18일 08시,월요일,충청북도 제천시 청전동,경상사고,0,0,1,0,차대차 - 추돌,안전운전불이행,건조,맑음,교차로 - 교차로안,승용,여,37세,상해없음,승용,여,45세,경상
2016041800100095,2016년 4월 18일 08시,월요일,충청북도 음성군 음성읍,중상사고,0,1,0,0,차량단독 - 전도전복,안전운전불이행,건조,맑음,교차로 - 교차로안,승용,여,30세,중상,,,,
2016041800100096,2016년 4월 18일 08시,월요일,충청북도 청주시 흥덕구 향정동,경상사고,0,0,1,0,차대차 - 추돌,안전운전불이행,건조,맑음,단일로 - 기타,승용,남,24세,상해없음,승용,남,58세,경상
2016041800100097,2016년 4월 18일 08시,월요일,충청북도 청주시 상당구 용담동,경상사고,0,0,1,0,차대차 - 측면충돌,안전운전불이행,건조,맑음,단일로 - 기타,승용,남,38세,상해없음,자전거,남,74세,경상
2016041800100148,2016년 4월 18일 09시,월요일,충청북도 청주시 서원구 모충동,중상사고,0,1,0,0,차대차 - 측면충돌,안전운전불이행,건조,맑음,교차로 - 교차로안,승용,남,22세,상해없음,자전거,남,77세,중상
2016041800100179,2016년 4월 18일 10시,월요일,충청북도 청주시 청원구 오동동,경상사고,0,0,2,0,차대차 - 추돌,안전운전불이행,건조,맑음,교차로 - 교차로부근,승용,여,49세,상해없음,승용,남,48세,경상
2016041800100180,2016년 4월 18일 10시,월요일,충청북도 청주시 서원구 사직동,경상사고,0,0,1,0,차대사람 - 기타,안전운전불이행,건조,맑음,교차로 - 교차로부근,승용,남,72세,상해없음,보행자,여,34세,경상
2016041800100181,2016년 4월 18일 10시,월요일,충청북도 증평군 증평읍,경상사고,0,0,1,0,차량단독 - 전도전복,안전운전불이행,건조,맑음,교차로 - 교차로안,승용,여,35세,경상,,,,
2016041800100247,2016년 4월 18일 12시,월요일,충청북도 충주시 용산동,경상사고,0,0,1,0,차대차 - 측면충돌,안전거리미확보,건조,맑음,교차로 - 교차로안,승용,남,54세,상해없음,승용,여,29세,경상
2016041800100248,2016년 4월 18일 12시,월요일,충청북도 청주시 서원구 남이면,중상사고,0,1,5,0,차대차 - 측면충돌,신호위반,건조,맑음,교차로 - 교차로안,승용,남,76세,상해없음,승용,여,29세,경상
2016041800100249,2016년 4월 18일 12시,월요일,충청북도 청주시 상당구 명암동,부상신고사고,0,0,0,1,차량단독 - 전도전복,안전운전불이행,건조,맑음,단일로 - 기타,승용,남,79세,부상신고,,,,
2016041800100276,2016년 4월 18일 13시,월요일,충청북도 영동군 심천면,경상사고,0,0,1,0,차량단독 - 전도전복,안전운전불이행,건조,맑음,단일로 - 기타,원동기,남,71세,경상,,,,
2016041800100277,2016년 4월 18일 13시,월요일,충청북도 청주시 상당구 문화동,경상사고,0,0,1,0,차대차 - 측면직각충돌,중앙선침범,건조,맑음,단일로 - 기타,자전거,여,69세,경상,승용,남,21세,상해없음
2016041800100313,2016년 4월 18일 14시,월요일,충청북도 청주시 흥덕구 복대동,경상사고,0,0,1,0,차량단독 - 기타,기타,건조,맑음,단일로 - 기타,승용,남,54세,상해없음,,,,
2016041800100314,2016년 4월 18일 14시,월요일,충청북도 충주시 충의동,중상사고,0,1,0,1,차대사람 - 횡단중,안전운전불이행,건조,맑음,교차로 - 교차로안,자전거,남,71세,부상신고,보행자,여,74세,중상
2016041800100359,2016년 4월 18일 15시,월요일,충청북도 청주시 청원구 오창읍,경상사고,0,0,1,0,차대차 - 측면충돌,신호위반,건조,맑음,교차로 - 교차로안,승용,남,36세,상해없음,승용,여,53세,경상
2016041800100360,2016년 4월 18일 15시,월요일,충청북도 제천시 장락동,중상사고,0,1,0,0,차대차 - 기타,안전운전불이행,건조,맑음,단일로 - 기타,건설기계,남,33세,상해없음,승용,남,50세,중상
2016041800100361,2016년 4월 18일 15시,월요일,충청북도 청주시 서원구 모충동,중상사고,0,1,0,0,차대사람 - 횡단중,보행자보호의무위반,건조,맑음,단일로 - 횡단보도상,승용,남,41세,상해없음,보행자,여,46세,중상
2016041800100399,2016년 4월 18일 16시,월요일,충청북도 충주시 연수동,중상사고,0,1,0,0,차대차 - 측면충돌,안전운전불이행,건조,맑음,단일로 - 기타,승용,여,55세,상해없음,이륜,남,20세,중상
2016041800100400,2016년 4월 18일 16시,월요일,충청북도 제천시 장락동,경상사고,0,0,1,0,차대사람 - 횡단중,안전운전불이행,건조,맑음,기타 - 기타,승용,남,21세,상해없음,보행자,여,11세,경상
2016041800100401,2016년 4월 18일 16시,월요일,충청북도 증평군 증평읍,경상사고,0,0,1,0,차대차 - 기타,교차로운행방법위반,건조,맑음,교차로 - 교차로안,승용,남,44세,상해없음,화물,남,55세,상해없음
2016041800100402,2016년 4월 18일 16시,월요일,충청북도 옥천군 옥천읍,중상사고,0,1,0,0,차대사람 - 횡단중,안전운전불이행,건조,맑음,단일로 - 기타,승용,여,67세,상해없음,보행자,남,9세,중상
2016041800100493,2016년 4월 18일 18시,월요일,충청북도 충주시 연수동,중상사고,0,1,0,0,차대차 - 정면충돌,안전운전불이행,건조,맑음,교차로 - 교차로부근,승합,남,57세,기타불명,승용,남,62세,상해없음
2016041800100495,2016년 4월 18일 18시,월요일,충청북도 옥천군 옥천읍,중상사고,0,1,0,0,차대사람 - 길가장자리구역통행중,안전운전불이행,건조,맑음,단일로 - 기타,화물,남,75세,상해없음,보행자,남,62세,중상
2016041800100496,2016년 4월 18일 18시,월요일,충청북도 청주시 흥덕구 복대동,경상사고,0,0,1,0,차량단독 - 기타,안전운전불이행,건조,맑음,단일로 - 기타,승용,남,56세,상해없음,,,,
2016041800100535,2016년 4월 18일 19시,월요일,충청북도 충주시 용두동,경상사고,0,0,4,0,차대차 - 정면충돌,안전운전불이행,습기,비,교차로 - 교차로부근,승용,남,31세,경상,승용,여,42세,경상
2016041800100536,2016년 4월 18일 19시,월요일,충청북도 청주시 흥덕구 오송읍,경상사고,0,0,2,0,차대차 - 추돌,안전운전불이행,습기,비,교차로 - 교차로부근,승용,남,51세,상해없음,승용,여,35세,경상
2016041800100537,2016년 4월 18일 19시,월요일,충청북도 청주시 상당구 용암동,경상사고,0,0,1,0,차대차 - 측면충돌,안전운전불이행,습기,비,교차로 - 교차로안,승용,남,25세,상해없음,이륜,남,49세,경상
2016041800100538,2016년 4월 18일 19시,월요일,충청북도 청주시 상당구 용정동,중상사고,0,1,2,0,차대차 - 정면충돌,안전운전불이행,습기,비,단일로 - 기타,이륜,남,57세,경상,승용,남,30세,중상
2016041800100576,2016년 4월 18일 20시,월요일,충청북도 제천시 청전동,중상사고,0,1,0,0,차대사람 - 횡단중,안전운전불이행,습기,비,단일로 - 기타,이륜,남,16세,상해없음,보행자,여,47세,중상
2016041800100612,2016년 4월 18일 21시,월요일,충청북도 청주시 상당구 낭성면,중상사고,0,2,0,0,차대차 - 정면충돌,안전운전불이행,건조,맑음,교차로 - 교차로부근,화물,남,41세,기타불명,승용,남,51세,중상
2016041800100636,2016년 4월 18일 22시,월요일,충청북도 청주시 상당구 금천동,경상사고,0,0,1,0,차대사람 - 횡단중,보행자보호의무위반,습기,비,교차로 - 교차로부근,승용,남,67세,상해없음,보행자,남,40세,경상
2016041900100030,2016년 4월 19일 02시,화요일,충청북도 청주시 흥덕구 지동동,경상사고,0,0,1,0,차대차 - 추돌,안전운전불이행,건조,맑음,단일로 - 기타,화물,남,38세,상해없음,승용,남,35세,경상