사고번호,사고일시,요일,시군구,사고내용,사망자수,중상자수,경상자수,부상신고자수,사고유형,법규위반,노면상태,기상상태,도로형태,가해운전자 차종,가해운전자 성별,가해운전자 연령,가해운전자 상해정도,피해운전자 차종,피해운전자 성별,피해운전자 연령,피해운전자 상해정도
2016041900100149,2016년 4월 19일 09시,화요일,충청북도 충주시 용산동,경상사고,0,0,1,0,차대차 - 정면충돌,기타,건조,맑음,교차로 - 교차로안,화물,남,65세,상해없음,승용,여,29세,경상
2016041900100170,2016년 4월 19일 10시,화요일,충청북도 진천군 진천읍,경상사고,0,0,1,0,차대사람 - 횡단중,안전운전불이행,건조,맑음,교차로 - 교차로부근,승용,여,51세,상해없음,보행자,여,71세,경상
2016041900100200,2016년 4월 19일 11시,화요일,충청북도 청주시 서원구 사직동,경상사고,0,0,1,0,차대차 - 기타,신호위반,건조,맑음,교차로 - 교차로안,원동기,남,35세,경상,화물,남,28세,상해없음
2016041900100231,2016년 4월 19일 12시,화요일,충청북도 음성군 금왕읍,경상사고,0,0,1,0,차대사람 - 횡단중,보행자보호의무위반,건조,맑음,교차로 - 교차로부근,화물,남,45세,상해없음,보행자,남,62세,경상
2016041900100268,2016년 4월 19일 13시,화요일,충청북도 청주시 청원구 우암동,경상사고,0,0,1,0,차대차 - 기타,안전운전불이행,건조,맑음,교차로 - 교차로안,승용,남,23세,상해없음,이륜,남,73세,경상
2016041900100302,2016년 4월 19일 14시,화요일,충청북도 제천시 왕암동,중상사고,0,1,0,0,차대차 - 측면충돌,교차로운행방법위반,건조,맑음,교차로 - 교차로안,건설기계,남,48세,상해없음,승용,여,58세,중상
2016041900100334,2016년 4월 19일 15시,화요일,충청북도 영동군 영동읍,중상사고,0,1,0,0,차대차 - 측면충돌,안전운전불이행,건조,맑음,단일로 - 기타,승용,남,25세,상해없음,이륜,여,72세,중상
2016041900100367,2016년 4월 19일 16시,화요일,충청북도 충주시 대소원면,중상사고,0,2,0,0,차대차 - 측면충돌,안전운전불이행,건조,맑음,단일로 - 기타,승용,남,37세,상해없음,화물,남,61세,중상
2016041900100368,2016년 4월 19일 16시,화요일,충청북도 음성군 소이면,중상사고,0,2,1,0,차대차 - 정면충돌,중앙선침범,건조,맑음,단일로 - 기타,화물,남,53세,경상,승용,남,65세,중상
2016041900100403,2016년 4월 19일 17시,화요일,충청북도 진천군 이월면,중상사고,0,1,2,0,차대차 - 기타,안전운전불이행,건조,맑음,단일로 - 기타,승용,남,52세,상해없음,승용,남,55세,경상
2016041900100445,2016년 4월 19일 18시,화요일,충청북도 충주시 목행동,경상사고,0,0,1,0,차대차 - 측면충돌,안전운전불이행,건조,맑음,교차로 - 교차로부근,화물,남,66세,상해없음,승용,남,39세,경상
2016041900100484,2016년 4월 19일 19시,화요일,충청북도 청주시 흥덕구 옥산면,경상사고,0,0,1,0,차대차 - 정면충돌,안전운전불이행,건조,맑음,단일로 - 기타,승용,남,57세,기타불명,원동기,남,31세,경상
2016041900100485,2016년 4월 19일 19시,화요일,충청북도 청주시 상당구 용암동,중상사고,0,1,0,0,차대사람 - 횡단중,신호위반,건조,맑음,단일로 - 횡단보도상,승용,남,43세,상해없음,보행자,남,7세,중상
2016041900100521,2016년 4월 19일 20시,화요일,충청북도 제천시 백운면,중상사고,0,1,1,0,차대차 - 추돌,안전운전불이행,건조,흐림,단일로 - 기타,화물,남,64세,중상,화물,남,54세,경상
2016041900100550,2016년 4월 19일 21시,화요일,충청북도 제천시 장락동,중상사고,0,5,2,0,차대차 - 측면충돌,신호위반,건조,맑음,교차로 - 교차로안,승용,남,42세,중상,승합,여,46세,중상
2016041900100575,2016년 4월 19일 22시,화요일,충청북도 청주시 상당구 용암동,경상사고,0,0,1,0,차대차 - 정면충돌,안전운전불이행,건조,맑음,교차로 - 교차로안,승용,남,26세,상해없음,승용,남,55세,경상
2016041900100603,2016년 4월 19일 23시,화요일,충청북도 청주시 서원구 모충동,경상사고,0,0,2,0,차대차 - 정면충돌,안전운전불이행,건조,맑음,단일로 - 기타,승용,남,48세,상해없음,승합,남,43세,경상
2016042000100006,2016년 4월 20일 00시,수요일,충청북도 청주시 흥덕구 강내면,경상사고,0,0,2,0,차량단독 - 전도전복,안전운전불이행,건조,맑음,단일로 - 기타,원동기,남,18세,경상,,,,
2016042000100070,2016년 4월 20일 06시,수요일,충청북도 영동군 용산면,경상사고,0,0,1,0,차대차 - 정면충돌,중앙선침범,건조,맑음,단일로 - 기타,화물,남,68세,상해없음,승합,남,50세,경상
2016042000100071,2016년 4월 20일 06시,수요일,충청북도 청주시 흥덕구 송절동,경상사고,0,0,1,0,차대차 - 정면충돌,안전운전불이행,건조,맑음,단일로 - 기타,승용,남,48세,상해없음,승용,남,49세,경상
2016042000100083,2016년 4월 20일 07시,수요일,충청북도 충주시 문화동,중상사고,0,1,1,0,차대차 - 정면충돌,안전거리미확보,건조,맑음,교차로 - 교차로안,승용,여,49세,상해없음,농기계,남,69세,중상
2016042000100117,2016년 4월 20일 08시,수요일,충청북도 증평군 증평읍,경상사고,0,0,1,0,차대차 - 측면충돌,안전거리미확보,건조,맑음,단일로 - 기타,건설기계,남,45세,상해없음,승용,여,34세,경상
2016042000100118,2016년 4월 20일 08시,수요일,충청북도 음성군 감곡면,경상사고,0,0,2,0,차대차 - 측면충돌,교차로운행방법위반,건조,맑음,교차로 - 교차로안,승용,남,70세,상해없음,승용,남,57세,경상
2016042000100159,2016년 4월 20일 09시,수요일,충청북도 충주시 교현동,경상사고,0,0,1,0,차대사람 - 횡단중,기타,건조,맑음,단일로 - 기타,승용,여,32세,상해없음,보행자,남,7세,경상
2016042000100160,2016년 4월 20일 09시,수요일,충청북도 음성군 금왕읍,중상사고,0,1,0,0,차량단독 - 전도전복,안전운전불이행,건조,맑음,단일로 - 기타,승용,남,23세,중상,,,,
2016042000100191,2016년 4월 20일 10시,수요일,충청북도 충주시 소태면,경상사고,0,0,3,0,차대차 - 측면충돌,중앙선침범,건조,흐림,단일로 - 기타,화물,여,55세,경상,화물,남,48세,경상
2016042000100192,2016년 4월 20일 10시,수요일,충청북도 청주시 흥덕구 복대동,경상사고,0,0,1,0,차대차 - 기타,신호위반,건조,맑음,교차로 - 교차로안,기타불명,기타불명,기타불명,기타불명,승합,남,42세,상해없음
2016042000100221,2016년 4월 20일 11시,수요일,충청북도 청주시 청원구 내덕동,경상사고,0,0,1,0,차대차 - 기타,교차로운행방법위반,건조,맑음,교차로 - 교차로안,승용,남,18세,상해없음,승용,남,22세,경상
2016042000100222,2016년 4월 20일 11시,수요일,충청북도 충주시 대소원면,경상사고,0,0,1,0,차대차 - 기타,안전운전불이행,건조,맑음,단일로 - 기타,승용,남,24세,상해없음,자전거,남,82세,경상
2016042000100251,2016년 4월 20일 12시,수요일,충청북도 청주시 서원구 현도면,경상사고,0,0,1,0,차대차 - 기타,안전운전불이행,건조,맑음,교차로 - 교차로안,승용,남,60세,경상,건설기계,남,44세,상해없음
2016042000100275,2016년 4월 20일 13시,수요일,충청북도 음성군 원남면,중상사고,0,1,0,0,차대차 - 기타,안전운전불이행,건조,흐림,단일로 - 기타,화물,남,53세,상해없음,자전거,남,67세,중상
2016042000100276,2016년 4월 20일 13시,수요일,충청북도 음성군 금왕읍,경상사고,0,0,1,0,차대차 - 측면충돌,교차로운행방법위반,건조,맑음,교차로 - 교차로부근,승용,남,66세,상해없음,승용,여,46세,경상
2016042000100315,2016년 4월 20일 14시,수요일,충청북도 청주시 흥덕구 복대동,경상사고,0,0,1,0,차대차 - 측면직각충돌,신호위반,건조,맑음,교차로 - 교차로부근,승합,남,65세,상해없음,승용,남,43세,경상
2016042000100352,2016년 4월 20일 15시,수요일,충청북도 청주시 청원구 율량동,경상사고,0,0,1,0,차대차 - 기타,안전운전불이행,건조,맑음,기타 - 기타,승합,남,62세,기타불명,승용,여,53세,경상
2016042000100353,2016년 4월 20일 15시,수요일,충청북도 옥천군 동이면,경상사고,0,0,2,0,차대차 - 추돌,안전운전불이행,건조,맑음,교차로 - 교차로부근,화물,남,39세,상해없음,승용,남,46세,경상
2016042000100451,2016년 4월 20일 18시,수요일,충청북도 청주시 흥덕구 신봉동,경상사고,0,0,2,0,차대사람 - 길가장자리구역통행중,안전운전불이행,건조,맑음,단일로 - 기타,이륜,남,64세,경상,보행자,여,37세,경상
2016042000100527,2016년 4월 20일 20시,수요일,충청북도 음성군 감곡면,경상사고,0,0,1,0,차대차 - 측면충돌,안전운전불이행,습기,흐림,단일로 - 기타,승용,여,39세,상해없음,승합,남,61세,경상
2016042000100528,2016년 4월 20일 20시,수요일,충청북도 청주시 서원구 모충동,경상사고,0,0,1,0,차대차 - 측면충돌,안전운전불이행,습기,비,교차로 - 교차로안,승용,남,52세,상해없음,승용,남,32세,상해없음
2016042000100562,2016년 4월 20일 21시,수요일,충청북도 청주시 서원구 사직동,경상사고,0,0,1,0,차대차 - 추돌,안전운전불이행,건조,흐림,교차로 - 교차로부근,기타불명,기타불명,기타불명,기타불명,승용,여,58세,경상
2016042000100563,2016년 4월 20일 21시,수요일,충청북도 청주시 서원구 개신동,경상사고,0,0,1,0,차대차 - 측면충돌,안전운전불이행,습기,비,교차로 - 교차로부근,승용,남,21세,상해없음,승합,여,51세,경상
2016042100100044,2016년 4월 21일 01시,목요일,충청북도 청주시 서원구 사창동,경상사고,0,0,1,0,차대차 - 측면충돌,교차로운행방법위반,습기,비,교차로 - 교차로안,승용,여,65세,상해없음,승용,남,38세,경상
2016042100100072,2016년 4월 21일 03시,목요일,충청북도 청주시 흥덕구 신봉동,중상사고,0,2,0,0,차대차 - 정면충돌,안전운전불이행,습기,비,단일로 - 기타,화물,남,22세,중상,건설기계,남,41세,기타불명
2016042100100131,2016년 4월 21일 07시,목요일,충청북도 청주시 상당구 금천동,중상사고,0,1,2,0,차대차 - 측면직각충돌,안전운전불이행,습기,비,단일로 - 기타,승용,여,58세,상해없음,승용,남,33세,중상
2016042100100230,2016년 4월 21일 10시,목요일,충청북도 제천시 장락동,경상사고,0,0,3,0,차대차 - 추돌,안전운전불이행,습기,비,단일로 - 기타,승용,남,75세,상해없음,승용,여,32세,경상
2016042100100231,2016년 4월 21일 10시,목요일,충청북도 청주시 상당구 영운동,경상사고,0,0,1,0,차대사람 - 길가장자리구역통행중,안전운전불이행,습기,비,단일로 - 기타,승용,남,40세,상해없음,보행자,여,79세,경상
2016042100100272,2016년 4월 21일 12시,목요일,충청북도 충주시 산척면,경상사고,0,0,2,0,차대차 - 정면충돌,안전운전불이행,건조,맑음,교차로 - 교차로부근,승용,여,55세,상해없음,승용,여,44세,경상
2016042100100328,2016년 4월 21일 14시,목요일,충청북도 청주시 흥덕구 신봉동,경상사고,0,0,1,0,차대차 - 정면충돌,신호위반,건조,맑음,교차로 - 교차로안,화물,남,58세,상해없음,승용,남,25세,경상
2016042100100356,2016년 4월 21일 15시,목요일,충청북도 충주시 금릉동,경상사고,0,0,1,0,차대차 - 측면충돌,신호위반,건조,맑음,교차로 - 교차로안,원동기,남,73세,상해없음,화물,남,57세,상해없음
2016042100100357,2016년 4월 21일 15시,목요일,충청북도 청주시 서원구 모충동,경상사고,0,0,1,0,차대차 - 기타,안전운전불이행,건조,맑음,단일로 - 기타,승용,남,79세,상해없음,승용,남,29세,경상
2016042100100421,2016년 4월 21일 17시,목요일,충청북도 충주시 주덕읍,사망사고,1,0,0,0,차대차 - 측면충돌,안전운전불이행,건조,흐림,단일로 - 기타,화물,남,71세,사망,화물,남,48세,상해없음
2016042100100422,2016년 4월 21일 17시,목요일,충청북도 충주시 주덕읍,경상사고,0,0,1,0,차대사람 - 길가장자리구역통행중,안전운전불이행,건조,맑음,단일로 - 기타,승용,남,81세,상해없음,보행자,남,43세,경상
2016042100100423,2016년 4월 21일 17시,목요일,충청북도 충주시 연수동,중상사고,0,1,0,0,차대차 - 측면충돌,중앙선침범,건조,맑음,교차로 - 교차로부근,승용,남,74세,상해없음,승용,남,64세,중상
2016042100100424,2016년 4월 21일 17시,목요일,충청북도 진천군 이월면,경상사고,0,0,1,0,차대차 - 추돌,안전운전불이행,건조,맑음,교차로 - 교차로안,화물,남,55세,상해없음,화물,남,50세,경상
2016042100100447,2016년 4월 21일 18시,목요일,충청북도 충주시 교현동,경상사고,0,0,2,0,차대차 - 측면충돌,신호위반,건조,맑음,교차로 - 교차로안,승용,여,25세,상해없음,승용,남,56세,경상
2016042100100448,2016년 4월 21일 18시,목요일,충청북도 충주시 교현동,경상사고,0,0,2,0,차대차 - 기타,안전운전불이행,건조,맑음,단일로 - 기타,승용,남,36세,상해없음,승용,여,38세,경상
2016042100100475,2016년 4월 21일 19시,목요일,충청북도 청주시 흥덕구 강서동,중상사고,0,1,0,0,차대차 - 기타,안전운전불이행,건조,맑음,교차로 - 교차로안,승용,남,37세,상해없음,승합,남,47세,중상
2016042100100508,2016년 4월 21일 20시,목요일,충청북도 충주시 지현동,경상사고,0,0,1,0,차대사람 - 횡단중,보행자보호의무위반,건조,맑음,단일로 - 기타,승용,남,29세,상해없음,보행자,남,57세,경상
2016042100100509,2016년 4월 21일 20시,목요일,충청북도 음성군 금왕읍,중상사고,0,5,3,0,차대차 - 기타,차로위반,건조,맑음,교차로 - 교차로안,승용,남,62세,경상,화물,남,38세,상해없음
2016042100100578,2016년 4월 21일 22시,목요일,충청북도 청주시 청원구 오창읍,중상사고,0,1,0,0,차대차 - 기타,안전운전불이행,건조,맑음,교차로 - 교차로부근,승용,남,27세,상해없음,자전거,남,78세,중상
2016042100100579,2016년 4월 21일 22시,목요일,충청북도 청주시 청원구 내수읍,중상사고,0,1,0,0,차대차 - 기타,신호위반,건조,맑음,교차로 - 교차로안,승용,여,44세,상해없음,승용,여,42세,중상
2016042100100580,2016년 4월 21일 22시,목요일,충청북도 제천시 화산동,경상사고,0,0,1,0,차대차 - 추돌,안전운전불이행,건조,기타,교차로 - 교차로안,승용,남,52세,상해없음,이륜,남,39세,경상
2016042100100602,2016년 4월 21일 23시,목요일,충청북도 청주시 흥덕구 송정동,중상사고,0,1,3,0,차대차 - 정면충돌,중앙선침범,건조,맑음,교차로 - 교차로부근,승용,남,41세,경상,승용,남,39세,중상
2016042200100015,2016년 4월 22일 00시,금요일,충청북도 청주시 흥덕구 오송읍,경상사고,0,0,2,0,차대차 - 측면직각충돌,안전운전불이행,건조,맑음,단일로 - 기타,승용,남,28세,상해없음,승용,남,47세,경상
2016042200100016,2016년 4월 22일 00시,금요일,충청북도 청주시 흥덕구 봉명동,중상사고,0,2,1,0,차대차 - 정면충돌,안전운전불이행,습기,흐림,단일로 - 기타,승용,남,35세,중상,승용,남,65세,상해없음
2016042200100054,2016년 4월 22일 04시,금요일,충청북도 청주시 흥덕구 봉명동,경상사고,0,0,1,0,차대차 - 측면직각충돌,신호위반,건조,맑음,교차로 - 교차로안,승용,남,19세,상해없음,승용,여,49세,경상
2016042200100071,2016년 4월 22일 06시,금요일,충청북도 청주시 상당구 수동,중상사고,0,1,1,0,차대차 - 측면직각충돌,교차로운행방법위반,건조,맑음,교차로 - 교차로안,이륜,여,15세,경상,승용,남,62세,상해없음
2016042200100093,2016년 4월 22일 07시,금요일,충청북도 청주시 흥덕구 봉명동,중상사고,0,1,0,0,차대차 - 측면직각충돌,교차로운행방법위반,건조,맑음,교차로 - 교차로안,승용,남,30세,상해없음,자전거,남,14세,중상
2016042200100140,2016년 4월 22일 08시,금요일,충청북도 제천시 봉양읍,경상사고,0,0,1,0,차대차 - 측면직각충돌,안전거리미확보,건조,맑음,단일로 - 횡단보도부근,승용,여,40세,상해없음,승용,남,38세,상해없음
2016042200100141,2016년 4월 22일 08시,금요일,충청북도 옥천군 청성면,사망사고,1,2,1,0,차대차 - 정면충돌,중앙선침범,건조,맑음,단일로 - 기타,화물,남,62세,사망,화물,남,25세,경상
2016042200100142,2016년 4월 22일 08시,금요일,충청북도 청주시 흥덕구 봉명동,경상사고,0,0,1,0,차대차 - 정면충돌,안전거리미확보,건조,맑음,단일로 - 기타,이륜,남,69세,경상,승용,여,29세,상해없음
2016042200100143,2016년 4월 22일 08시,금요일,충청북도 청주시 서원구 모충동,중상사고,0,1,0,0,차대사람 - 횡단중,안전운전불이행,건조,맑음,단일로 - 기타,승용,남,66세,상해없음,보행자,남,55세,중상
2016042200100230,2016년 4월 22일 11시,금요일,충청북도 청주시 흥덕구 운천동,경상사고,0,0,1,0,차대차 - 정면충돌,교차로운행방법위반,건조,맑음,교차로 - 교차로안,승용,여,44세,상해없음,승용,여,34세,경상
2016042200100262,2016년 4월 22일 12시,금요일,충청북도 청주시 청원구 오창읍,경상사고,0,0,1,0,차대차 - 정면충돌,신호위반,건조,맑음,교차로 - 교차로안,승용,남,63세,상해없음,승용,여,48세,경상
2016042200100263,2016년 4월 22일 12시,금요일,충청북도 청주시 흥덕구 오송읍,경상사고,0,0,3,0,차대차 - 측면직각충돌,안전운전불이행,건조,맑음,단일로 - 기타,승용,남,58세,상해없음,승용,여,26세,경상
2016042200100290,2016년 4월 22일 13시,금요일,충청북도 제천시 백운면,중상사고,0,1,1,0,차대차 - 측면충돌,안전운전불이행,건조,맑음,단일로 - 기타,이륜,남,75세,경상,화물,남,50세,상해없음
2016042200100315,2016년 4월 22일 14시,금요일,충청북도 청주시 서원구 사직동,중상사고,0,1,0,0,차대사람 - 횡단중,보행자보호의무위반,건조,맑음,단일로 - 기타,화물,남,34세,상해없음,보행자,남,10세,중상
2016042200100316,2016년 4월 22일 14시,금요일,충청북도 음성군 음성읍,경상사고,0,0,2,0,차대차 - 정면충돌,중앙선침범,건조,맑음,단일로 - 기타,화물,남,58세,경상,화물,남,33세,경상
2016042200100317,2016년 4월 22일 14시,금요일,충청북도 청주시 흥덕구 가경동,경상사고,0,0,2,0,차대차 - 기타,안전운전불이행,건조,맑음,교차로 - 교차로부근,승용,여,49세,기타불명,승용,남,42세,경상
2016042200100350,2016년 4월 22일 15시,금요일,충청북도 충주시 용탄동,경상사고,0,0,2,0,차대차 - 측면충돌,중앙선침범,건조,맑음,교차로 - 교차로부근,승용,여,54세,상해없음,화물,남,42세,경상
2016042200100393,2016년 4월 22일 16시,금요일,충청북도 청주시 청원구 내덕동,중상사고,0,1,0,0,차대차 - 기타,교차로운행방법위반,건조,맑음,교차로 - 교차로부근,화물,남,38세,상해없음,이륜,남,74세,중상
2016042200100394,2016년 4월 22일 16시,금요일,충청북도 제천시 청전동,경상사고,0,0,1,0,차대차 - 측면충돌,교차로운행방법위반,건조,맑음,교차로 - 교차로안,승용,남,78세,상해없음,승용,여,45세,경상
2016042200100395,2016년 4월 22일 16시,금요일,충청북도 음성군 음성읍,경상사고,0,0,2,0,차대차 - 측면충돌,교차로운행방법위반,건조,맑음,교차로 - 교차로안,승용,여,45세,상해없음,이륜,남,77세,경상
2016042200100396,2016년 4월 22일 16시,금요일,충청북도 단양군 매포읍,경상사고,0,0,1,0,차대차 - 추돌,안전운전불이행,건조,맑음,단일로 - 기타,화물,남,43세,상해없음,승용,남,23세,경상
2016042200100397,2016년 4월 22일 16시,금요일,충청북도 진천군 진천읍,중상사고,0,1,0,0,차대차 - 측면충돌,안전운전불이행,건조,맑음,단일로 - 기타,화물,남,62세,상해없음,이륜,남,77세,중상
2016042200100398,2016년 4월 22일 16시,금요일,충청북도 청주시 흥덕구 봉명동,경상사고,0,0,2,0,차대차 - 기타,안전운전불이행,건조,맑음,교차로 - 교차로안,화물,남,18세,상해없음,승용,남,55세,경상
2016042200100442,2016년 4월 22일 17시,금요일,충청북도 괴산군 괴산읍,중상사고,0,1,1,0,차대차 - 측면충돌,직진우회전진행방해,건조,맑음,교차로 - 교차로안,승용,남,55세,중상,승용,여,39세,경상
2016042200100443,2016년 4월 22일 17시,금요일,충청북도 청주시 흥덕구 봉명동,중상사고,0,1,0,0,차대차 - 측면충돌,신호위반,건조,맑음,교차로 - 교차로안,승용,남,20세,상해없음,승용,남,35세,중상
2016042200100486,2016년 4월 22일 18시,금요일,충청북도 충주시 봉방동,경상사고,0,0,1,0,차대차 - 측면충돌,안전거리미확보,건조,맑음,단일로 - 기타,이륜,남,59세,경상,승용,남,33세,상해없음
2016042200100534,2016년 4월 22일 19시,금요일,충청북도 충주시 주덕읍,경상사고,0,0,1,0,차대차 - 정면충돌,중앙선침범,건조,맑음,단일로 - 기타,승용,남,26세,상해없음,승용,남,38세,경상
2016042200100535,2016년 4월 22일 19시,금요일,충청북도 충주시 연수동,중상사고,0,1,2,0,차대차 - 정면충돌,신호위반,건조,맑음,교차로 - 교차로부근,승용,여,63세,상해없음,승용,남,55세,중상
2016042200100610,2016년 4월 22일 21시,금요일,충청북도 충주시 안림동,경상사고,0,0,1,0,차대차 - 측면충돌,중앙선침범,건조,맑음,단일로 - 기타,승용,여,42세,상해없음,원동기,남,19세,경상
2016042200100647,2016년 4월 22일 22시,금요일,충청북도 청주시 서원구 분평동,경상사고,0,0,1,0,차대차 - 정면충돌,안전운전불이행,건조,맑음,단일로 - 기타,승용,남,47세,상해없음,승용,남,46세,경상
2016042300100012,2016년 4월 23일 00시,토요일,충청북도 청주시 흥덕구 봉명동,경상사고,0,0,2,0,차대차 - 정면충돌,신호위반,건조,맑음,교차로 - 교차로안,승용,남,50세,상해없음,이륜,남,16세,경상
2016042300100013,2016년 4월 23일 00시,토요일,충청북도 청주시 흥덕구 비하동,경상사고,0,0,1,0,차대차 - 기타,안전운전불이행,건조,맑음,단일로 - 기타,승용,남,24세,상해없음,승용,남,59세,경상
2016042300100073,2016년 4월 23일 03시,토요일,충청북도 청주시 흥덕구 가경동,경상사고,0,0,1,0,차대차 - 측면직각충돌,신호위반,건조,맑음,교차로 - 교차로안,승용,남,26세,상해없음,승용,남,34세,경상
2016042300100149,2016년 4월 23일 08시,토요일,충청북도 충주시 엄정면,중상사고,0,1,0,0,차대사람 - 횡단중,안전운전불이행,건조,맑음,단일로 - 기타,승용,남,55세,상해없음,보행자,남,87세,중상
2016042300100150,2016년 4월 23일 08시,토요일,충청북도 청주시 흥덕구 복대동,경상사고,0,0,1,0,차대차 - 기타,신호위반,건조,맑음,교차로 - 교차로안,화물,남,48세,상해없음,승합,남,43세,경상
2016042300100151,2016년 4월 23일 08시,토요일,충청북도 청주시 상당구 문의면,중상사고,0,1,0,0,차대차 - 기타,안전운전불이행,건조,맑음,단일로 - 기타,화물,남,68세,상해없음,원동기,여,68세,중상
2016042300100172,2016년 4월 23일 09시,토요일,충청북도 청주시 서원구 현도면,경상사고,0,0,1,0,차량단독 - 기타,기타,건조,맑음,단일로 - 기타,승합,남,49세,상해없음,,,,
2016042300100232,2016년 4월 23일 11시,토요일,충청북도 진천군 광혜원면,중상사고,0,1,0,0,차대차 - 추돌,안전운전불이행,건조,맑음,단일로 - 기타,승용,여,57세,중상,화물,남,40세,상해없음
2016042300100233,2016년 4월 23일 11시,토요일,충청북도 청주시 흥덕구 강내면,경상사고,0,0,1,0,차대차 - 기타,안전거리미확보,건조,맑음,교차로 - 교차로부근,승용,여,18세,상해없음,승용,여,35세,경상
2016042300100270,2016년 4월 23일 12시,토요일,충청북도 진천군 진천읍,경상사고,0,0,1,0,차대차 - 기타,교차로운행방법위반,건조,맑음,교차로 - 교차로안,승용,여,40세,상해없음,승합,남,47세,상해없음
2016042300100271,2016년 4월 23일 12시,토요일,충청북도 청주시 흥덕구 복대동,경상사고,0,0,2,0,차대차 - 기타,안전운전불이행,건조,맑음,단일로 - 기타,승용,남,78세,상해없음,승용,여,56세,경상
2016042300100309,2016년 4월 23일 13시,토요일,충청북도 충주시 목행동,경상사고,0,0,2,0,차대차 - 측면충돌,안전운전불이행,건조,맑음,단일로 - 기타,이륜,남,16세,경상,승용,여,64세,경상
2016042300100310,2016년 4월 23일 13시,토요일,충청북도 충주시 달천동,중상사고,0,1,0,0,차량단독 - 기타,기타,건조,맑음,단일로 - 기타,승합,남,41세,상해없음,,,,
2016042300100353,2016년 4월 23일 14시,토요일,충청북도 보은군 보은읍,중상사고,0,1,0,0,차대사람 - 횡단중,교차로운행방법위반,건조,맑음,교차로 - 교차로부근,화물,남,75세,상해없음,보행자,남,75세,중상
2016042300100425,2016년 4월 23일 16시,토요일,충청북도 음성군 맹동면,중상사고,0,2,2,0,차대차 - 측면충돌,신호위반,건조,맑음,교차로 - 교차로안,승용,남,54세,경상,승용,남,25세,경상
2016042300100456,2016년 4월 23일 17시,토요일,충청북도 괴산군 감물면,중상사고,0,5,1,0,차대차 - 정면충돌,중앙선침범,건조,맑음,단일로 - 기타,승용,남,41세,기타불명,승용,남,57세,중상
2016042300100457,2016년 4월 23일 17시,토요일,충청북도 청주시 상당구 남문로1가동,경상사고,0,0,1,0,차대차 - 측면충돌,안전운전불이행,건조,맑음,단일로 - 기타,승용,남,53세,상해없음,화물,남,34세,경상
2016042300100487,2016년 4월 23일 18시,토요일,충청북도 음성군 감곡면,경상사고,0,0,1,0,차대차 - 측면충돌,교차로운행방법위반,건조,맑음,교차로 - 교차로안,승용,남,57세,상해없음,이륜,남,66세,상해없음
2016042300100523,2016년 4월 23일 19시,토요일,충청북도 충주시 호암동,경상사고,0,0,1,0,차대차 - 측면충돌,안전거리미확보,건조,맑음,단일로 - 기타,승용,여,44세,상해없음,화물,남,58세,경상
2016042300100524,2016년 4월 23일 19시,토요일,충청북도 영동군 영동읍,중상사고,0,1,0,0,차대차 - 기타,신호위반,건조,맑음,교차로 - 교차로안,승합,남,58세,상해없음,이륜,남,48세,중상
2016042300100525,2016년 4월 23일 19시,토요일,충청북도 청주시 서원구 성화동,경상사고,0,0,1,0,차대차 - 기타,안전운전불이행,건조,맑음,단일로 - 기타,원동기,남,24세,경상,승용,남,68세,상해없음
2016042300100557,2016년 4월 23일 20시,토요일,충청북도 청주시 서원구 개신동,경상사고,0,0,1,0,차대차 - 측면직각충돌,안전운전불이행,건조,맑음,교차로 - 교차로부근,승합,남,51세,상해없음,승용,남,26세,경상
2016042300100558,2016년 4월 23일 20시,토요일,충청북도 제천시 하소동,중상사고,0,1,0,0,차대사람 - 횡단중,보행자보호의무위반,건조,맑음,단일로 - 기타,승용,여,45세,기타불명,보행자,남,17세,중상
2016042300100559,2016년 4월 23일 20시,토요일,충청북도 음성군 감곡면,경상사고,0,0,1,0,차대사람 - 횡단중,안전운전불이행,건조,맑음,단일로 - 기타,승용,여,53세,상해없음,보행자,여,51세,경상
2016042300100560,2016년 4월 23일 20시,토요일,충청북도 옥천군 옥천읍,중상사고,0,1,1,0,차량단독 - 전도전복,안전운전불이행,건조,맑음,단일로 - 기타,원동기,남,72세,중상,,,,
2016042300100561,2016년 4월 23일 20시,토요일,충청북도 청주시 서원구 현도면,중상사고,0,1,0,0,차대차 - 기타,안전운전불이행,건조,맑음,단일로 - 기타,승용,남,59세,상해없음,승용,여,44세,중상
2016042300100598,2016년 4월 23일 21시,토요일,충청북도 음성군 음성읍,중상사고,0,1,0,0,차대사람 - 횡단중,보행자보호의무위반,건조,맑음,단일로 - 횡단보도상,승용,남,58세,상해없음,보행자,남,61세,중상
2016042300100618,2016년 4월 23일 22시,토요일,충청북도 충주시 교현동,중상사고,0,1,0,0,차대차 - 정면충돌,신호위반,건조,맑음,교차로 - 교차로안,승용,남,60세,상해없음,이륜,남,18세,중상
2016042300100639,2016년 4월 23일 23시,토요일,충청북도 청주시 흥덕구 비하동,중상사고,0,1,0,0,차대사람 - 횡단중,신호위반,건조,맑음,교차로 - 교차로안,승용,남,27세,상해없음,보행자,여,25세,중상
2016042400100048,2016년 4월 24일 02시,일요일,충청북도 청주시 흥덕구 봉명동,중상사고,0,1,2,0,차대차 - 기타,신호위반,건조,맑음,교차로 - 교차로안,승용,남,39세,상해없음,승용,남,43세,중상