사고번호,사고일시,요일,시군구,사고내용,사망자수,중상자수,경상자수,부상신고자수,사고유형,법규위반,노면상태,기상상태,도로형태,가해운전자 차종,가해운전자 성별,가해운전자 연령,가해운전자 상해정도,피해운전자 차종,피해운전자 성별,피해운전자 연령,피해운전자 상해정도
2016042800100240,2016년 4월 28일 11시,목요일,충청북도 청주시 흥덕구 봉명동,경상사고,0,0,1,0,차대사람 - 기타,안전운전불이행,건조,맑음,교차로 - 교차로부근,화물,남,48세,상해없음,보행자,여,72세,경상
2016042800100270,2016년 4월 28일 12시,목요일,충청북도 청주시 청원구 오창읍,경상사고,0,0,1,0,차대차 - 측면직각충돌,안전운전불이행,건조,맑음,단일로 - 기타,화물,남,56세,상해없음,승용,여,49세,경상
2016042800100296,2016년 4월 28일 13시,목요일,충청북도 영동군 영동읍,경상사고,0,0,1,0,차대사람 - 횡단중,안전운전불이행,건조,맑음,단일로 - 기타,승용,여,50세,상해없음,보행자,여,73세,경상
2016042800100334,2016년 4월 28일 14시,목요일,충청북도 청주시 청원구 사천동,사망사고,1,0,0,0,차대차 - 기타,안전운전불이행,건조,맑음,교차로 - 교차로안,화물,남,43세,상해없음,자전거,남,80세,사망
2016042800100439,2016년 4월 28일 17시,목요일,충청북도 증평군 증평읍,중상사고,0,1,0,0,차대사람 - 횡단중,안전운전불이행,건조,맑음,단일로 - 기타,승용,남,25세,상해없음,보행자,남,41세,중상
2016042800100440,2016년 4월 28일 17시,목요일,충청북도 옥천군 옥천읍,경상사고,0,0,2,0,차대차 - 측면충돌,직진우회전진행방해,건조,맑음,교차로 - 교차로안,승용,여,41세,경상,승용,남,26세,경상
2016042800100484,2016년 4월 28일 18시,목요일,충청북도 제천시 덕산면,사망사고,1,0,0,0,차량단독 - 전도전복,안전운전불이행,건조,맑음,교차로 - 교차로안,이륜,남,73세,사망,,,,
2016042800100485,2016년 4월 28일 18시,목요일,충청북도 음성군 맹동면,경상사고,0,0,2,0,차대차 - 측면충돌,교차로운행방법위반,건조,맑음,교차로 - 교차로안,승용,여,41세,경상,승용,여,34세,경상
2016042800100640,2016년 4월 28일 22시,목요일,충청북도 청주시 상당구 북문로1가동,경상사고,0,0,1,0,차대사람 - 횡단중,안전운전불이행,건조,맑음,단일로 - 횡단보도상,기타불명,기타불명,기타불명,기타불명,보행자,여,17세,경상
2016042900100059,2016년 4월 29일 04시,금요일,충청북도 청주시 서원구 사창동,경상사고,0,0,3,0,차대차 - 정면충돌,교차로운행방법위반,건조,맑음,교차로 - 교차로안,승용,여,20세,경상,승용,남,40세,경상
2016042900100060,2016년 4월 29일 04시,금요일,충청북도 충주시 연수동,경상사고,0,0,1,0,차대차 - 정면충돌,신호위반,건조,맑음,교차로 - 교차로안,승용,남,53세,상해없음,화물,남,37세,경상
2016042900100061,2016년 4월 29일 04시,금요일,충청북도 진천군 이월면,경상사고,0,0,1,0,차량단독 - 전도전복,안전운전불이행,건조,맑음,단일로 - 기타,승용,여,32세,경상,,,,
2016042900100103,2016년 4월 29일 07시,금요일,충청북도 제천시 영천동,중상사고,0,1,1,0,차대차 - 측면충돌,중앙선침범,건조,맑음,교차로 - 교차로부근,승용,남,24세,경상,승용,남,45세,중상
2016042900100104,2016년 4월 29일 07시,금요일,충청북도 음성군 소이면,경상사고,0,0,1,0,차대차 - 기타,안전운전불이행,건조,맑음,단일로 - 기타,승용,남,31세,상해없음,자전거,남,11세,경상
2016042900100105,2016년 4월 29일 07시,금요일,충청북도 단양군 매포읍,경상사고,0,0,2,0,차대차 - 추돌,안전운전불이행,건조,맑음,단일로 - 기타,승용,남,42세,경상,승용,남,48세,경상
2016042900100137,2016년 4월 29일 08시,금요일,충청북도 충주시 대소원면,경상사고,0,0,1,0,차대차 - 측면충돌,안전거리미확보,건조,맑음,단일로 - 기타,승용,남,26세,상해없음,승용,남,51세,경상
2016042900100138,2016년 4월 29일 08시,금요일,충청북도 청주시 상당구 용암동,경상사고,0,0,1,0,차대차 - 측면충돌,교차로운행방법위반,건조,맑음,교차로 - 교차로안,승용,여,43세,상해없음,승용,여,29세,경상
2016042900100203,2016년 4월 29일 10시,금요일,충청북도 청주시 흥덕구 가경동,경상사고,0,0,3,0,차대차 - 정면충돌,직진우회전진행방해,건조,맑음,교차로 - 교차로안,승용,여,57세,경상,승용,남,57세,경상
2016042900100264,2016년 4월 29일 12시,금요일,충청북도 청주시 서원구 사직동,중상사고,0,1,0,0,차대사람 - 횡단중,안전운전불이행,건조,맑음,단일로 - 기타,승용,여,31세,상해없음,보행자,여,63세,중상
2016042900100299,2016년 4월 29일 13시,금요일,충청북도 청주시 서원구 사창동,경상사고,0,0,1,0,차대차 - 정면충돌,안전운전불이행,건조,맑음,단일로 - 기타,승용,남,55세,상해없음,화물,남,36세,경상
2016042900100300,2016년 4월 29일 13시,금요일,충청북도 영동군 황간면,사망사고,1,1,0,0,차대사람 - 기타,안전운전불이행,건조,맑음,기타 - 기타,승용,남,68세,상해없음,보행자,남,53세,사망
2016042900100331,2016년 4월 29일 14시,금요일,충청북도 제천시 신백동,중상사고,0,1,1,0,차대차 - 측면직각충돌,안전운전불이행,건조,맑음,단일로 - 기타,승합,남,47세,상해없음,승용,여,26세,중상
2016042900100332,2016년 4월 29일 14시,금요일,충청북도 괴산군 괴산읍,사망사고,1,0,0,0,차대사람 - 차도통행중,안전운전불이행,건조,맑음,교차로 - 교차로안,승용,여,43세,상해없음,보행자,남,84세,사망
2016042900100361,2016년 4월 29일 15시,금요일,충청북도 청주시 흥덕구 가경동,경상사고,0,0,1,0,차대사람 - 기타,기타,건조,맑음,단일로 - 기타,승합,남,48세,기타불명,보행자,여,61세,경상
2016042900100404,2016년 4월 29일 16시,금요일,충청북도 청주시 서원구 모충동,경상사고,0,0,3,0,차대차 - 정면충돌,안전거리미확보,건조,맑음,단일로 - 기타,승용,여,54세,경상,승용,남,35세,경상
2016042900100447,2016년 4월 29일 17시,금요일,충청북도 괴산군 장연면,중상사고,0,1,1,0,차대차 - 측면직각충돌,안전운전불이행,건조,맑음,단일로 - 기타,승용,여,45세,중상,화물,여,34세,상해없음
2016042900100533,2016년 4월 29일 19시,금요일,충청북도 충주시 주덕읍,경상사고,0,0,1,0,차대사람 - 횡단중,안전운전불이행,건조,맑음,기타 - 기타,승용,남,31세,상해없음,보행자,여,5세,경상
2016042900100571,2016년 4월 29일 20시,금요일,충청북도 청주시 흥덕구 송정동,중상사고,0,1,0,0,차대차 - 측면충돌,교차로운행방법위반,건조,맑음,교차로 - 교차로안,승용,남,31세,상해없음,원동기,남,23세,중상
2016042900100606,2016년 4월 29일 21시,금요일,충청북도 제천시 신월동,경상사고,0,0,1,0,차대사람 - 횡단중,안전운전불이행,건조,맑음,단일로 - 기타,승용,여,47세,상해없음,보행자,남,27세,경상
2016042900100641,2016년 4월 29일 22시,금요일,충청북도 청주시 서원구 사창동,경상사고,0,0,1,0,차대사람 - 길가장자리구역통행중,안전운전불이행,건조,맑음,단일로 - 기타,승용,남,23세,상해없음,보행자,남,48세,경상
2016042900100642,2016년 4월 29일 22시,금요일,충청북도 청주시 흥덕구 오송읍,중상사고,0,1,0,0,차량단독 - 공작물충돌,안전운전불이행,건조,맑음,교차로 - 교차로안,원동기,남,46세,중상,,,,
2016042900100685,2016년 4월 29일 23시,금요일,충청북도 충주시 교현동,중상사고,0,1,0,0,차대사람 - 기타,안전운전불이행,건조,맑음,기타 - 기타,승용,여,24세,상해없음,보행자,남,34세,중상
2016042900100686,2016년 4월 29일 23시,금요일,충청북도 청주시 흥덕구 봉명동,중상사고,0,1,1,0,차대차 - 정면충돌,안전운전불이행,건조,맑음,교차로 - 교차로부근,승용,남,23세,기타불명,승용,남,45세,경상
2016043000100063,2016년 4월 30일 02시,토요일,충청북도 청주시 흥덕구 송정동,경상사고,0,0,1,0,차대차 - 정면충돌,신호위반,건조,맑음,교차로 - 교차로안,승합,남,23세,상해없음,승용,남,56세,경상
2016043000100116,2016년 4월 30일 06시,토요일,충청북도 괴산군 감물면,경상사고,0,0,1,0,차대차 - 측면충돌,직진우회전진행방해,건조,맑음,교차로 - 교차로안,승용,여,53세,경상,건설기계,남,53세,상해없음
2016043000100137,2016년 4월 30일 07시,토요일,충청북도 청주시 흥덕구 향정동,부상신고사고,0,0,0,1,차대차 - 정면충돌,신호위반,건조,맑음,단일로 - 횡단보도상,기타불명,기타불명,기타불명,기타불명,이륜,남,22세,부상신고
2016043000100175,2016년 4월 30일 09시,토요일,충청북도 충주시 용산동,중상사고,0,1,0,0,차대차 - 측면충돌,안전운전불이행,건조,맑음,단일로 - 기타,승용,남,23세,상해없음,승용,남,48세,중상
2016043000100176,2016년 4월 30일 09시,토요일,충청북도 충주시 연수동,중상사고,0,1,1,0,차대차 - 측면충돌,안전운전불이행,건조,맑음,단일로 - 기타,원동기,남,29세,중상,승용,여,46세,상해없음
2016043000100177,2016년 4월 30일 09시,토요일,충청북도 제천시 고암동,경상사고,0,0,1,0,차대차 - 측면충돌,안전운전불이행,건조,맑음,교차로 - 교차로부근,이륜,남,73세,경상,승용,남,51세,상해없음
2016043000100208,2016년 4월 30일 10시,토요일,충청북도 영동군 황간면,경상사고,0,0,2,0,차대차 - 정면충돌,중앙선침범,건조,맑음,교차로 - 교차로안,승합,남,58세,상해없음,승용,여,60세,경상
2016043000100244,2016년 4월 30일 11시,토요일,충청북도 청주시 흥덕구 복대동,경상사고,0,0,1,0,차대차 - 정면충돌,안전운전불이행,건조,맑음,교차로 - 교차로부근,승용,남,28세,기타불명,이륜,남,36세,경상
2016043000100279,2016년 4월 30일 12시,토요일,충청북도 충주시 교현동,경상사고,0,0,1,0,차대차 - 추돌,안전운전불이행,건조,맑음,교차로 - 교차로안,승용,남,34세,상해없음,승용,여,48세,경상
2016043000100355,2016년 4월 30일 14시,토요일,충청북도 청주시 상당구 금천동,경상사고,0,0,1,0,차대사람 - 횡단중,안전운전불이행,건조,맑음,교차로 - 교차로안,건설기계,남,39세,상해없음,보행자,여,24세,경상
2016043000100392,2016년 4월 30일 15시,토요일,충청북도 괴산군 청천면,사망사고,1,0,0,0,차량단독 - 전도전복,안전운전불이행,건조,맑음,단일로 - 기타,이륜,남,30세,사망,,,,
2016043000100393,2016년 4월 30일 15시,토요일,충청북도 단양군 매포읍,경상사고,0,0,1,0,차대차 - 측면충돌,안전운전불이행,건조,맑음,단일로 - 기타,승용,남,73세,경상,화물,남,55세,상해없음
2016043000100394,2016년 4월 30일 15시,토요일,충청북도 청주시 상당구 용암동,경상사고,0,0,1,0,차대차 - 추돌,안전운전불이행,건조,맑음,단일로 - 기타,승합,남,40세,상해없음,승용,여,49세,경상
2016043000100432,2016년 4월 30일 16시,토요일,충청북도 청주시 청원구 율량동,경상사고,0,0,2,0,차대차 - 기타,기타,건조,맑음,단일로 - 기타,승용,남,30세,경상,승용,남,40세,경상
2016043000100433,2016년 4월 30일 16시,토요일,충청북도 충주시 엄정면,중상사고,0,1,7,1,차대차 - 측면충돌,기타,건조,맑음,교차로 - 교차로안,승용,남,40세,상해없음,승합,여,33세,경상
2016043000100475,2016년 4월 30일 17시,토요일,충청북도 증평군 증평읍,중상사고,0,1,0,0,차대사람 - 횡단중,안전운전불이행,건조,맑음,교차로 - 교차로안,승용,여,55세,상해없음,보행자,여,48세,중상
2016043000100476,2016년 4월 30일 17시,토요일,충청북도 청주시 상당구 문의면,경상사고,0,0,1,0,차대차 - 측면충돌,안전운전불이행,건조,맑음,단일로 - 기타,승합,남,55세,상해없음,승용,여,42세,경상
2016043000100548,2016년 4월 30일 19시,토요일,충청북도 충주시 성서동,중상사고,0,1,0,0,차대차 - 정면충돌,신호위반,건조,맑음,교차로 - 교차로안,승용,남,24세,상해없음,이륜,남,18세,중상
2016043000100549,2016년 4월 30일 19시,토요일,충청북도 제천시 고암동,중상사고,0,2,0,0,차대차 - 추돌,직진우회전진행방해,건조,맑음,교차로 - 교차로안,승합,남,61세,상해없음,승용,여,39세,중상
2016043000100584,2016년 4월 30일 20시,토요일,충청북도 음성군 음성읍,경상사고,0,0,2,0,차대차 - 측면충돌,차로위반,건조,맑음,단일로 - 기타,승용,여,60세,상해없음,승용,남,52세,상해없음
2016043000100614,2016년 4월 30일 21시,토요일,충청북도 청주시 흥덕구 봉명동,경상사고,0,0,1,0,차대사람 - 횡단중,안전운전불이행,건조,맑음,단일로 - 기타,승용,남,54세,상해없음,보행자,남,44세,경상
2016043000100615,2016년 4월 30일 21시,토요일,충청북도 청주시 상당구 영운동,중상사고,0,1,0,0,차대사람 - 기타,안전운전불이행,건조,맑음,단일로 - 기타,승용,남,52세,상해없음,보행자,남,55세,중상
2016043000100649,2016년 4월 30일 22시,토요일,충청북도 충주시 교현동,경상사고,0,0,1,0,차량단독 - 전도전복,안전운전불이행,건조,맑음,단일로 - 기타,원동기,남,19세,경상,,,,
2016043000100650,2016년 4월 30일 22시,토요일,충청북도 음성군 금왕읍,경상사고,0,0,1,0,차대사람 - 횡단중,안전운전불이행,건조,맑음,단일로 - 기타,기타불명,기타불명,기타불명,기타불명,보행자,남,29세,경상
2016043000100651,2016년 4월 30일 22시,토요일,충청북도 청주시 흥덕구 송절동,중상사고,0,1,1,0,차대차 - 측면직각충돌,신호위반,건조,맑음,교차로 - 교차로안,승용,남,25세,상해없음,승용,남,30세,경상
2016043000100677,2016년 4월 30일 23시,토요일,충청북도 음성군 대소면,경상사고,0,0,1,0,차대차 - 기타,차로위반,건조,맑음,단일로 - 기타,승용,남,27세,상해없음,승용,남,60세,상해없음
2016043000100678,2016년 4월 30일 23시,토요일,충청북도 음성군 금왕읍,경상사고,0,0,1,0,차량단독 - 전도전복,안전운전불이행,건조,맑음,단일로 - 기타,화물,남,51세,경상,,,,
2016050100100049,2016년 5월 1일 02시,일요일,충청북도 충주시 용산동,경상사고,0,0,1,0,차량단독 - 전도전복,기타,건조,맑음,단일로 - 기타,원동기,남,16세,경상,,,,
2016050100100050,2016년 5월 1일 02시,일요일,충청북도 괴산군 연풍면,중상사고,0,1,2,0,차대차 - 측면충돌,안전운전불이행,기타,흐림,기타 - 기타,승합,여,58세,경상,승용,남,58세,기타불명
2016050100100051,2016년 5월 1일 02시,일요일,충청북도 청주시 흥덕구 복대동,경상사고,0,0,1,0,차대차 - 측면직각충돌,신호위반,건조,맑음,교차로 - 교차로안,기타불명,기타불명,기타불명,기타불명,승용,남,50세,경상
2016050100100075,2016년 5월 1일 03시,일요일,충청북도 충주시 연수동,부상신고사고,0,0,0,1,차량단독 - 공작물충돌,안전운전불이행,건조,맑음,단일로 - 기타,이륜,남,53세,부상신고,,,,
2016050100100076,2016년 5월 1일 03시,일요일,충청북도 청주시 흥덕구 봉명동,중상사고,0,1,0,0,차대차 - 측면직각충돌,안전운전불이행,건조,맑음,단일로 - 기타,승용,남,31세,상해없음,승용,여,21세,중상
2016050100100086,2016년 5월 1일 04시,일요일,충청북도 청주시 상당구 용암동,중상사고,0,1,0,0,차대차 - 정면충돌,신호위반,건조,맑음,교차로 - 교차로부근,승용,남,74세,상해없음,이륜,남,17세,중상
2016050100100102,2016년 5월 1일 06시,일요일,충청북도 보은군 보은읍,경상사고,0,0,1,0,차대차 - 기타,교차로운행방법위반,건조,맑음,교차로 - 교차로안,기타불명,기타불명,기타불명,기타불명,화물,남,52세,상해없음
2016050100100179,2016년 5월 1일 11시,일요일,충청북도 제천시 장락동,중상사고,0,1,0,0,차대차 - 추돌,안전거리미확보,건조,맑음,교차로 - 교차로부근,승용,남,78세,상해없음,승용,남,56세,중상
2016050100100205,2016년 5월 1일 12시,일요일,충청북도 청주시 서원구 모충동,경상사고,0,0,2,0,차대차 - 정면충돌,신호위반,건조,맑음,교차로 - 교차로안,승용,남,65세,상해없음,승용,여,49세,경상
2016050100100239,2016년 5월 1일 13시,일요일,충청북도 청주시 청원구 내수읍,경상사고,0,0,1,0,차대차 - 정면충돌,중앙선침범,건조,맑음,단일로 - 기타,승용,남,42세,상해없음,승용,남,72세,경상
2016050100100240,2016년 5월 1일 13시,일요일,충청북도 충주시 동량면,부상신고사고,0,0,0,1,차량단독 - 전도전복,안전운전불이행,건조,맑음,교차로 - 교차로부근,이륜,남,20세,부상신고,,,,
2016050100100241,2016년 5월 1일 13시,일요일,충청북도 청주시 흥덕구 송절동,경상사고,0,0,2,0,차대차 - 정면충돌,신호위반,건조,맑음,교차로 - 교차로안,승용,여,36세,상해없음,승용,남,31세,경상
2016050100100273,2016년 5월 1일 14시,일요일,충청북도 청주시 청원구 오창읍,중상사고,0,1,2,0,차대차 - 측면직각충돌,신호위반,건조,맑음,교차로 - 교차로안,승용,남,36세,경상,승용,남,57세,중상
2016050100100274,2016년 5월 1일 14시,일요일,충청북도 충주시 대소원면,중상사고,0,1,0,0,차대차 - 측면충돌,안전운전불이행,건조,맑음,단일로 - 기타,승용,남,40세,상해없음,원동기,남,80세,중상
2016050100100275,2016년 5월 1일 14시,일요일,충청북도 충주시 금릉동,경상사고,0,0,3,0,차대차 - 기타,안전운전불이행,건조,맑음,단일로 - 기타,승용,여,38세,상해없음,승용,남,35세,경상
2016050100100310,2016년 5월 1일 15시,일요일,충청북도 음성군 음성읍,경상사고,0,0,1,0,차대사람 - 횡단중,보행자보호의무위반,건조,맑음,교차로 - 교차로부근,승합,남,61세,상해없음,보행자,남,60세,경상
2016050100100387,2016년 5월 1일 17시,일요일,충청북도 충주시 봉방동,경상사고,0,0,2,0,차대차 - 측면충돌,기타,건조,맑음,교차로 - 교차로안,승용,남,56세,기타불명,이륜,남,16세,경상
2016050100100388,2016년 5월 1일 17시,일요일,충청북도 제천시 하소동,경상사고,0,0,1,0,차대차 - 측면충돌,직진우회전진행방해,건조,맑음,교차로 - 교차로안,승용,남,44세,상해없음,이륜,남,17세,경상
2016050100100389,2016년 5월 1일 17시,일요일,충청북도 옥천군 옥천읍,중상사고,0,2,2,0,차대차 - 측면직각충돌,교차로운행방법위반,건조,맑음,교차로 - 교차로안,화물,남,61세,상해없음,승용,여,53세,중상
2016050100100390,2016년 5월 1일 17시,일요일,충청북도 진천군 진천읍,중상사고,0,1,0,0,차대차 - 기타,직진우회전진행방해,건조,맑음,교차로 - 교차로안,원동기,남,32세,중상,승용,남,75세,상해없음
2016050100100422,2016년 5월 1일 18시,일요일,충청북도 청주시 청원구 오창읍,중상사고,0,2,1,0,차대차 - 측면직각충돌,안전운전불이행,건조,맑음,교차로 - 교차로부근,화물,남,61세,중상,승합,남,30세,경상
2016050100100423,2016년 5월 1일 18시,일요일,충청북도 충주시 금릉동,경상사고,0,0,1,0,차대차 - 정면충돌,안전운전불이행,건조,맑음,단일로 - 기타,승용,남,55세,상해없음,승용,여,31세,경상
2016050100100475,2016년 5월 1일 20시,일요일,충청북도 충주시 칠금동,경상사고,0,0,6,0,차대차 - 정면충돌,안전운전불이행,건조,맑음,교차로 - 교차로부근,승용,남,73세,상해없음,승용,남,47세,경상
2016050100100476,2016년 5월 1일 20시,일요일,충청북도 충주시 교현동,중상사고,0,1,0,0,차대사람 - 기타,안전운전불이행,건조,맑음,단일로 - 기타,화물,남,52세,상해없음,보행자,남,19세,중상
2016050100100477,2016년 5월 1일 20시,일요일,충청북도 괴산군 청천면,중상사고,0,1,0,0,차대차 - 정면충돌,안전운전불이행,건조,맑음,단일로 - 기타,승용,남,54세,상해없음,이륜,남,63세,중상
2016050100100478,2016년 5월 1일 20시,일요일,충청북도 진천군 광혜원면,경상사고,0,0,1,0,차대차 - 기타,안전거리미확보,건조,맑음,교차로 - 교차로안,이륜,남,74세,경상,승용,남,59세,상해없음
2016050100100504,2016년 5월 1일 21시,일요일,충청북도 청주시 흥덕구 옥산면,중상사고,0,1,1,0,차대사람 - 횡단중,안전운전불이행,건조,맑음,교차로 - 교차로부근,화물,남,64세,상해없음,보행자,남,77세,중상
2016050100100505,2016년 5월 1일 21시,일요일,충청북도 청주시 상당구 용암동,중상사고,0,1,2,0,차대사람 - 횡단중,안전운전불이행,건조,맑음,단일로 - 기타,승용,남,60세,상해없음,보행자,남,48세,중상
2016050200100003,2016년 5월 2일 00시,월요일,충청북도 제천시 서부동,중상사고,0,1,1,0,차대차 - 추돌,신호위반,건조,기타,교차로 - 교차로안,승용,남,26세,상해없음,승용,여,34세,경상
2016050200100062,2016년 5월 2일 07시,월요일,충청북도 충주시 달천동,중상사고,0,1,1,0,차대차 - 정면충돌,안전거리미확보,건조,맑음,단일로 - 기타,화물,남,48세,경상,승용,남,40세,중상
2016050200100063,2016년 5월 2일 07시,월요일,충청북도 충주시 산척면,경상사고,0,0,1,1,차대차 - 측면충돌,안전운전불이행,건조,맑음,교차로 - 교차로안,화물,남,67세,부상신고,승용,남,53세,경상
2016050200100064,2016년 5월 2일 07시,월요일,충청북도 청주시 흥덕구 봉명동,경상사고,0,0,1,0,차대사람 - 횡단중,보행자보호의무위반,건조,맑음,교차로 - 교차로부근,승용,여,49세,상해없음,보행자,여,31세,경상
2016050200100104,2016년 5월 2일 08시,월요일,충청북도 충주시 중앙탑면,경상사고,0,0,2,0,차대차 - 정면충돌,안전거리미확보,건조,맑음,단일로 - 기타,승용,남,53세,상해없음,승용,남,32세,경상
2016050200100105,2016년 5월 2일 08시,월요일,충청북도 영동군 영동읍,경상사고,0,0,1,0,차대차 - 추돌,안전운전불이행,건조,맑음,단일로 - 기타,승용,여,64세,경상,화물,남,21세,기타불명
2016050200100106,2016년 5월 2일 08시,월요일,충청북도 옥천군 이원면,중상사고,0,1,0,0,차대차 - 추돌,안전운전불이행,건조,맑음,단일로 - 기타,이륜,남,78세,중상,화물,남,38세,상해없음
2016050200100107,2016년 5월 2일 08시,월요일,충청북도 청주시 흥덕구 옥산면,중상사고,0,1,0,0,차대차 - 정면충돌,안전운전불이행,건조,맑음,단일로 - 기타,승용,남,23세,중상,승용,남,53세,기타불명
2016050200100147,2016년 5월 2일 09시,월요일,충청북도 제천시 하소동,경상사고,0,0,2,0,차대차 - 측면충돌,안전운전불이행,건조,맑음,교차로 - 교차로안,승용,남,60세,경상,승용,여,47세,경상
2016050200100181,2016년 5월 2일 10시,월요일,충청북도 진천군 광혜원면,경상사고,0,0,1,0,차대차 - 기타,안전운전불이행,건조,맑음,교차로 - 교차로안,승용,남,30세,상해없음,승용,여,35세,경상
2016050200100264,2016년 5월 2일 13시,월요일,충청북도 충주시 수안보면,중상사고,0,1,0,0,차대차 - 정면충돌,안전운전불이행,건조,맑음,단일로 - 기타,특수,남,50세,상해없음,농기계,남,77세,중상
2016050200100265,2016년 5월 2일 13시,월요일,충청북도 괴산군 청천면,중상사고,0,1,0,0,차대사람 - 기타,안전운전불이행,건조,맑음,단일로 - 기타,승용,남,75세,상해없음,보행자,남,90세 이상,중상
2016050200100299,2016년 5월 2일 14시,월요일,충청북도 옥천군 옥천읍,중상사고,0,1,0,0,차대사람 - 횡단중,신호위반,건조,맑음,교차로 - 교차로안,화물,남,43세,상해없음,보행자,여,10세,중상
2016050200100300,2016년 5월 2일 14시,월요일,충청북도 청주시 흥덕구 복대동,경상사고,0,0,2,0,차대사람 - 보도통행중,기타,건조,맑음,단일로 - 기타,화물,남,50세,상해없음,보행자,여,6세,경상
2016050200100344,2016년 5월 2일 15시,월요일,충청북도 제천시 신월동,경상사고,0,0,3,1,차대차 - 추돌,안전운전불이행,건조,맑음,교차로 - 교차로부근,승용,남,19세,기타불명,승용,여,30세,경상
2016050200100345,2016년 5월 2일 15시,월요일,충청북도 제천시 동현동,경상사고,0,0,1,0,차대차 - 측면충돌,안전운전불이행,건조,맑음,기타 - 기타,건설기계,남,58세,상해없음,승용,남,36세,경상
2016050200100393,2016년 5월 2일 16시,월요일,충청북도 청주시 청원구 오창읍,중상사고,0,1,1,0,차대차 - 추돌,안전운전불이행,건조,맑음,교차로 - 교차로부근,승용,남,42세,경상,승합,여,30세,중상
2016050200100394,2016년 5월 2일 16시,월요일,충청북도 청주시 상당구 가덕면,중상사고,0,1,0,0,차량단독 - 전도전복,안전운전불이행,건조,맑음,단일로 - 기타,이륜,남,68세,중상,,,,
2016050200100448,2016년 5월 2일 17시,월요일,충청북도 충주시 대소원면,사망사고,1,0,0,0,차량단독 - 전도전복,안전운전불이행,건조,맑음,단일로 - 기타,원동기,남,70세,사망,,,,
2016050200100490,2016년 5월 2일 18시,월요일,충청북도 진천군 덕산면,사망사고,1,0,0,0,차대차 - 기타,신호위반,건조,맑음,교차로 - 교차로안,이륜,남,70세,사망,승용,여,49세,상해없음
2016050200100540,2016년 5월 2일 19시,월요일,충청북도 제천시 청전동,경상사고,0,0,1,0,차대차 - 추돌,신호위반,습기,비,교차로 - 교차로안,승용,남,49세,기타불명,승용,남,60세,경상
2016050200100541,2016년 5월 2일 19시,월요일,충청북도 제천시 장락동,중상사고,0,2,0,0,차대사람 - 기타,안전운전불이행,건조,기타,교차로 - 교차로안,승용,남,53세,상해없음,보행자,남,51세,중상
2016050200100678,2016년 5월 2일 22시,월요일,충청북도 제천시 남천동,중상사고,0,1,0,0,차대사람 - 횡단중,안전운전불이행,습기,비,교차로 - 교차로부근,승용,남,36세,상해없음,보행자,여,60세,중상
2016050200100679,2016년 5월 2일 22시,월요일,충청북도 청주시 흥덕구 복대동,경상사고,0,0,1,0,차대사람 - 횡단중,신호위반,습기,비,교차로 - 교차로안,승용,여,44세,상해없음,보행자,남,7세,경상
2016050200100728,2016년 5월 2일 23시,월요일,충청북도 충주시 소태면,경상사고,0,0,1,0,차량단독 - 기타,안전운전불이행,습기,비,단일로 - 기타,승용,남,51세,상해없음,,,,
2016050300100016,2016년 5월 3일 00시,화요일,충청북도 청주시 흥덕구 복대동,중상사고,0,1,2,0,차대차 - 기타,신호위반,습기,비,교차로 - 교차로안,승용,남,33세,상해없음,승용,남,55세,중상
2016050300100047,2016년 5월 3일 01시,화요일,충청북도 청주시 흥덕구 봉명동,경상사고,0,0,1,0,차대사람 - 기타,안전운전불이행,습기,비,단일로 - 기타,기타불명,기타불명,기타불명,기타불명,보행자,남,39세,경상
2016050300100093,2016년 5월 3일 05시,화요일,충청북도 충주시 연수동,경상사고,0,0,2,0,차대차 - 측면충돌,신호위반,습기,흐림,교차로 - 교차로안,승용,남,52세,상해없음,승용,여,50세,경상
2016050300100123,2016년 5월 3일 07시,화요일,충청북도 충주시 문화동,경상사고,0,0,2,0,차대차 - 측면충돌,신호위반,습기,비,교차로 - 교차로안,승합,여,60세,상해없음,승용,여,26세,경상
2016050300100154,2016년 5월 3일 08시,화요일,충청북도 충주시 문화동,경상사고,0,0,1,0,차대차 - 측면충돌,안전운전불이행,건조,맑음,단일로 - 기타,승용,남,27세,상해없음,승용,여,35세,경상
2016050300100155,2016년 5월 3일 08시,화요일,충청북도 청주시 상당구 남일면,중상사고,0,1,0,0,차대사람 - 횡단중,안전운전불이행,습기,비,교차로 - 교차로부근,승용,여,36세,상해없음,보행자,여,34세,중상
2016050300100247,2016년 5월 3일 10시,화요일,충청북도 제천시 청풍면,경상사고,0,0,3,0,차대차 - 정면충돌,중앙선침범,습기,비,단일로 - 기타,승용,여,68세,경상,승용,여,49세,경상
2016050300100248,2016년 5월 3일 10시,화요일,충청북도 음성군 생극면,경상사고,0,0,1,0,차대차 - 측면충돌,신호위반,습기,비,교차로 - 교차로안,승용,여,33세,상해없음,화물,남,63세,경상
2016050300100249,2016년 5월 3일 10시,화요일,충청북도 청주시 흥덕구 봉명동,경상사고,0,0,1,0,차대차 - 측면직각충돌,안전운전불이행,습기,비,교차로 - 교차로안,승합,남,52세,기타불명,화물,남,31세,경상
2016050300100250,2016년 5월 3일 10시,화요일,충청북도 청주시 흥덕구 오송읍,경상사고,0,0,1,0,차량단독 - 공작물충돌,안전운전불이행,습기,비,단일로 - 기타,승용,남,61세,상해없음,,,,
2016050300100278,2016년 5월 3일 11시,화요일,충청북도 청주시 상당구 금천동,경상사고,0,0,2,0,차대차 - 정면충돌,안전운전불이행,건조,맑음,단일로 - 기타,화물,남,57세,상해없음,승용,남,31세,경상