사고번호,사고일시,요일,시군구,사고내용,사망자수,중상자수,경상자수,부상신고자수,사고유형,법규위반,노면상태,기상상태,도로형태,가해운전자 차종,가해운전자 성별,가해운전자 연령,가해운전자 상해정도,피해운전자 차종,피해운전자 성별,피해운전자 연령,피해운전자 상해정도
2016050300100303,2016년 5월 3일 12시,화요일,충청북도 청주시 흥덕구 오송읍,중상사고,0,1,1,0,차대차 - 측면직각충돌,안전운전불이행,습기,비,교차로 - 교차로안,승용,여,50세,상해없음,화물,남,58세,경상
2016050300100330,2016년 5월 3일 13시,화요일,충청북도 보은군 보은읍,중상사고,0,1,7,0,차대차 - 추돌,안전운전불이행,습기,비,단일로 - 기타,승용,남,68세,상해없음,승용,여,45세,경상
2016050300100367,2016년 5월 3일 14시,화요일,충청북도 청주시 서원구 사직동,중상사고,0,1,0,0,차대차 - 기타,신호위반,습기,비,교차로 - 교차로부근,승용,여,45세,상해없음,이륜,여,63세,중상
2016050300100368,2016년 5월 3일 14시,화요일,충청북도 청주시 서원구 모충동,경상사고,0,0,1,0,차대차 - 측면충돌,안전거리미확보,습기,비,단일로 - 기타,승용,여,46세,상해없음,승용,남,53세,경상
2016050300100429,2016년 5월 3일 16시,화요일,충청북도 청주시 청원구 오창읍,중상사고,0,3,0,0,차량단독 - 전도전복,안전운전불이행,습기,비,단일로 - 기타,화물,남,68세,중상,,,,
2016050300100466,2016년 5월 3일 17시,화요일,충청북도 청주시 서원구 사창동,경상사고,0,0,1,0,차대차 - 측면충돌,교차로운행방법위반,건조,맑음,교차로 - 교차로안,승합,여,55세,기타불명,승용,남,46세,경상
2016050300100467,2016년 5월 3일 17시,화요일,충청북도 청주시 서원구 산남동,경상사고,0,0,2,0,차대차 - 정면충돌,안전운전불이행,건조,맑음,교차로 - 교차로안,승용,남,56세,상해없음,승용,여,29세,경상
2016050300100494,2016년 5월 3일 18시,화요일,충청북도 충주시 금릉동,경상사고,0,0,1,0,차대차 - 측면충돌,안전거리미확보,건조,맑음,단일로 - 기타,승용,남,63세,상해없음,승용,여,29세,경상
2016050300100495,2016년 5월 3일 18시,화요일,충청북도 청주시 흥덕구 가경동,경상사고,0,0,1,0,차대차 - 기타,안전운전불이행,건조,맑음,기타 - 기타,화물,남,38세,상해없음,승용,남,40세,경상
2016050300100534,2016년 5월 3일 19시,화요일,충청북도 충주시 대소원면,중상사고,0,1,0,0,차대차 - 측면충돌,안전운전불이행,습기,비,교차로 - 교차로안,승용,남,41세,상해없음,승용,남,53세,상해없음
2016050300100584,2016년 5월 3일 20시,화요일,충청북도 제천시 신월동,중상사고,0,1,0,0,차대사람 - 길가장자리구역통행중,안전운전불이행,습기,비,단일로 - 기타,승용,남,42세,상해없음,보행자,여,48세,중상
2016050300100637,2016년 5월 3일 21시,화요일,충청북도 충주시 금릉동,중상사고,0,1,0,1,차대차 - 기타,과속,습기,비,교차로 - 교차로안,승용,남,58세,부상신고,승합,남,45세,상해없음
2016050300100638,2016년 5월 3일 21시,화요일,충청북도 음성군 금왕읍,중상사고,0,2,0,0,차량단독 - 전도전복,안전운전불이행,건조,맑음,단일로 - 기타,승용,남,39세,중상,,,,
2016050300100639,2016년 5월 3일 21시,화요일,충청북도 청주시 흥덕구 강내면,중상사고,0,1,0,0,차대차 - 정면충돌,신호위반,습기,흐림,교차로 - 교차로안,승용,남,49세,상해없음,승용,여,24세,중상
2016050300100640,2016년 5월 3일 21시,화요일,충청북도 청주시 서원구 산남동,경상사고,0,0,1,0,차대차 - 기타,안전운전불이행,습기,비,교차로 - 교차로안,승용,남,49세,상해없음,이륜,남,25세,경상
2016050300100671,2016년 5월 3일 22시,화요일,충청북도 충주시 달천동,경상사고,0,0,1,0,차대차 - 정면충돌,신호위반,습기,비,교차로 - 교차로안,승용,남,35세,상해없음,승용,남,48세,경상
2016050300100672,2016년 5월 3일 22시,화요일,충청북도 청주시 흥덕구 복대동,중상사고,0,1,0,0,차대차 - 측면충돌,신호위반,건조,맑음,교차로 - 교차로안,화물,남,56세,상해없음,승용,여,47세,중상
2016050400100012,2016년 5월 4일 00시,수요일,충청북도 청주시 흥덕구 봉명동,경상사고,0,0,1,0,차대차 - 정면충돌,안전운전불이행,건조,맑음,단일로 - 기타,승용,남,50세,상해없음,화물,남,37세,상해없음
2016050400100083,2016년 5월 4일 07시,수요일,충청북도 청주시 흥덕구 봉명동,중상사고,0,1,0,0,차대차 - 정면충돌,안전운전불이행,건조,맑음,단일로 - 기타,이륜,남,19세,중상,승용,남,57세,상해없음
2016050400100123,2016년 5월 4일 08시,수요일,충청북도 충주시 앙성면,중상사고,0,2,0,0,차대차 - 측면충돌,안전운전불이행,건조,맑음,단일로 - 기타,승용,남,73세,상해없음,화물,여,63세,중상
2016050400100124,2016년 5월 4일 08시,수요일,충청북도 보은군 장안면,중상사고,0,1,1,1,차대차 - 측면충돌,교차로운행방법위반,건조,맑음,교차로 - 교차로안,승용,남,26세,부상신고,승합,남,62세,경상
2016050400100125,2016년 5월 4일 08시,수요일,충청북도 청주시 흥덕구 봉명동,경상사고,0,0,1,0,차대사람 - 횡단중,안전운전불이행,건조,맑음,교차로 - 교차로안,승용,남,31세,상해없음,보행자,남,8세,경상
2016050400100209,2016년 5월 4일 10시,수요일,충청북도 충주시 산척면,중상사고,0,1,2,0,차대차 - 정면충돌,안전운전불이행,건조,맑음,교차로 - 교차로부근,승용,남,47세,경상,승용,여,47세,중상
2016050400100275,2016년 5월 4일 12시,수요일,충청북도 충주시 연수동,경상사고,0,0,1,0,차대차 - 정면충돌,안전운전불이행,건조,맑음,단일로 - 기타,승용,남,64세,상해없음,승용,여,57세,경상
2016050400100276,2016년 5월 4일 12시,수요일,충청북도 충주시 용산동,경상사고,0,0,1,0,차대사람 - 횡단중,보행자보호의무위반,건조,맑음,교차로 - 교차로안,이륜,남,48세,상해없음,보행자,남,10세,경상
2016050400100277,2016년 5월 4일 12시,수요일,충청북도 청주시 서원구 개신동,중상사고,0,1,0,0,차대차 - 측면직각충돌,교차로운행방법위반,건조,맑음,교차로 - 교차로안,화물,남,43세,상해없음,이륜,남,22세,중상
2016050400100278,2016년 5월 4일 12시,수요일,충청북도 청주시 상당구 용정동,경상사고,0,0,1,0,차대차 - 추돌,안전운전불이행,건조,맑음,교차로 - 교차로부근,승합,남,60세,상해없음,승용,여,59세,경상
2016050400100314,2016년 5월 4일 13시,수요일,충청북도 청주시 서원구 분평동,경상사고,0,0,1,0,차대차 - 정면충돌,안전운전불이행,건조,맑음,단일로 - 기타,이륜,남,21세,상해없음,자전거,여,45세,경상
2016050400100315,2016년 5월 4일 13시,수요일,충청북도 청주시 상당구 용암동,중상사고,0,1,0,0,차대차 - 정면충돌,교차로운행방법위반,건조,맑음,교차로 - 교차로안,승용,여,48세,상해없음,이륜,남,24세,중상
2016050400100348,2016년 5월 4일 14시,수요일,충청북도 청주시 청원구 오창읍,경상사고,0,0,1,0,차대차 - 측면직각충돌,교차로운행방법위반,건조,맑음,교차로 - 교차로안,화물,여,61세,상해없음,자전거,남,13세,경상
2016050400100349,2016년 5월 4일 14시,수요일,충청북도 괴산군 괴산읍,경상사고,0,0,2,0,차대차 - 측면직각충돌,안전운전불이행,건조,맑음,단일로 - 기타,승용,남,72세,상해없음,이륜,남,67세,경상
2016050400100406,2016년 5월 4일 15시,수요일,충청북도 충주시 대소원면,중상사고,0,2,0,0,차대차 - 측면충돌,직진우회전진행방해,건조,맑음,교차로 - 교차로안,승용,여,20세,상해없음,승용,남,61세,중상
2016050400100407,2016년 5월 4일 15시,수요일,충청북도 청주시 흥덕구 복대동,경상사고,0,0,2,0,차대차 - 기타,안전운전불이행,건조,맑음,교차로 - 교차로안,승용,남,46세,기타불명,승용,남,60세,경상
2016050400100408,2016년 5월 4일 15시,수요일,충청북도 청주시 상당구 석교동,경상사고,0,0,2,0,차대차 - 측면충돌,교차로운행방법위반,건조,맑음,교차로 - 교차로안,승용,여,44세,경상,승용,남,57세,경상
2016050400100454,2016년 5월 4일 16시,수요일,충청북도 증평군 증평읍,경상사고,0,0,2,0,차대차 - 기타,직진우회전진행방해,건조,맑음,교차로 - 교차로안,승용,여,48세,상해없음,승용,여,51세,경상
2016050400100455,2016년 5월 4일 16시,수요일,충청북도 청주시 흥덕구 복대동,경상사고,0,0,1,0,차대차 - 정면충돌,교차로운행방법위반,건조,맑음,교차로 - 교차로안,자전거,여,17세,경상,승용,남,24세,상해없음
2016050400100500,2016년 5월 4일 17시,수요일,충청북도 청주시 흥덕구 복대동,경상사고,0,0,1,0,차대차 - 정면충돌,안전운전불이행,건조,맑음,교차로 - 교차로안,승용,여,61세,상해없음,자전거,남,7세,경상
2016050400100570,2016년 5월 4일 18시,수요일,충청북도 옥천군 옥천읍,부상신고사고,0,0,0,1,차대차 - 추돌,안전거리미확보,건조,맑음,교차로 - 교차로부근,승용,남,52세,상해없음,승용,여,33세,부상신고
2016050400100571,2016년 5월 4일 18시,수요일,충청북도 청주시 흥덕구 송정동,부상신고사고,0,0,0,1,차량단독 - 전도전복,안전운전불이행,건조,맑음,교차로 - 교차로부근,자전거,남,29세,부상신고,,,,
2016050400100572,2016년 5월 4일 18시,수요일,충청북도 청주시 흥덕구 옥산면,경상사고,0,0,3,0,차대차 - 정면충돌,안전거리미확보,건조,맑음,교차로 - 교차로부근,승용,남,53세,상해없음,승용,남,58세,상해없음
2016050400100619,2016년 5월 4일 19시,수요일,충청북도 충주시 신니면,중상사고,0,1,0,0,차대차 - 측면충돌,안전거리미확보,건조,맑음,단일로 - 기타,승용,여,32세,상해없음,승용,남,50세,중상
2016050400100620,2016년 5월 4일 19시,수요일,충청북도 증평군 증평읍,중상사고,0,1,0,0,차대사람 - 횡단중,보행자보호의무위반,건조,맑음,교차로 - 교차로안,승용,남,53세,상해없음,보행자,남,71세,중상
2016050400100621,2016년 5월 4일 19시,수요일,충청북도 진천군 진천읍,부상신고사고,0,0,0,1,차대차 - 측면충돌,안전운전불이행,건조,맑음,교차로 - 교차로안,자전거,남,13세,부상신고,승용,남,39세,상해없음
2016050400100622,2016년 5월 4일 19시,수요일,충청북도 청주시 상당구 용암동,경상사고,0,0,1,0,차대사람 - 횡단중,안전운전불이행,건조,맑음,단일로 - 기타,승용,남,23세,상해없음,보행자,여,10세,경상
2016050400100666,2016년 5월 4일 20시,수요일,충청북도 청주시 청원구 율량동,중상사고,0,1,0,0,차대차 - 측면직각충돌,안전운전불이행,건조,맑음,단일로 - 기타,승용,남,22세,상해없음,이륜,남,20세,중상
2016050400100667,2016년 5월 4일 20시,수요일,충청북도 제천시 봉양읍,중상사고,0,1,0,0,차대사람 - 횡단중,보행자보호의무위반,건조,흐림,단일로 - 횡단보도상,승용,여,51세,상해없음,보행자,남,64세,중상
2016050400100668,2016년 5월 4일 20시,수요일,충청북도 진천군 진천읍,중상사고,0,1,1,0,차대차 - 정면충돌,중앙선침범,건조,맑음,단일로 - 기타,원동기,남,24세,경상,승용,여,46세,상해없음
2016050400100708,2016년 5월 4일 21시,수요일,충청북도 청주시 서원구 사직동,경상사고,0,0,4,0,차대차 - 추돌,안전운전불이행,건조,맑음,단일로 - 기타,승용,남,54세,상해없음,승용,여,29세,상해없음
2016050400100709,2016년 5월 4일 21시,수요일,충청북도 청주시 상당구 용암동,경상사고,0,0,1,0,차대차 - 기타,안전운전불이행,건조,흐림,교차로 - 교차로안,승용,남,62세,상해없음,자전거,남,71세,경상
2016050400100745,2016년 5월 4일 22시,수요일,충청북도 진천군 진천읍,경상사고,0,0,2,0,차대사람 - 횡단중,안전운전불이행,건조,맑음,교차로 - 교차로부근,승용,여,45세,상해없음,보행자,여,16세,경상
2016050400100746,2016년 5월 4일 22시,수요일,충청북도 청주시 흥덕구 가경동,중상사고,0,1,0,0,차대차 - 측면충돌,교차로운행방법위반,건조,맑음,교차로 - 교차로안,승용,여,58세,상해없음,이륜,여,44세,중상
2016050400100747,2016년 5월 4일 22시,수요일,충청북도 청주시 흥덕구 봉명동,경상사고,0,0,1,0,차대차 - 추돌,안전거리미확보,건조,맑음,교차로 - 교차로안,승용,남,58세,상해없음,승용,남,58세,경상
2016050400100783,2016년 5월 4일 23시,수요일,충청북도 단양군 단양읍,경상사고,0,0,1,0,차대차 - 정면충돌,안전거리미확보,건조,맑음,단일로 - 기타,특수,남,54세,상해없음,화물,남,53세,경상
2016050400100784,2016년 5월 4일 23시,수요일,충청북도 제천시 신백동,경상사고,0,0,1,0,차대사람 - 횡단중,안전운전불이행,건조,맑음,단일로 - 기타,승용,남,33세,상해없음,보행자,여,49세,경상
2016050500100015,2016년 5월 5일 00시,목요일,충청북도 충주시 성남동,경상사고,0,0,3,0,차대차 - 기타,안전운전불이행,건조,맑음,기타 - 기타,승합,남,45세,상해없음,화물,남,55세,상해없음
2016050500100152,2016년 5월 5일 09시,목요일,충청북도 청주시 흥덕구 봉명동,경상사고,0,0,1,0,차대차 - 정면충돌,신호위반,건조,맑음,교차로 - 교차로안,승용,남,22세,상해없음,승용,여,47세,경상
2016050500100239,2016년 5월 5일 12시,목요일,충청북도 충주시 살미면,경상사고,0,0,6,0,차대차 - 정면충돌,안전운전불이행,건조,맑음,단일로 - 기타,화물,남,63세,경상,승용,남,49세,경상
2016050500100240,2016년 5월 5일 12시,목요일,충청북도 청주시 흥덕구 비하동,경상사고,0,0,4,0,차대차 - 측면충돌,교차로운행방법위반,건조,맑음,교차로 - 교차로부근,승용,남,36세,경상,승용,남,41세,경상
2016050500100243,2016년 5월 5일 12시,목요일,충청북도 청주시 서원구 남이면,중상사고,0,2,0,0,차대차 - 정면충돌,안전거리미확보,건조,맑음,단일로 - 기타,기타불명,기타불명,기타불명,기타불명,승용,남,48세,중상
2016050500100273,2016년 5월 5일 13시,목요일,충청북도 충주시 칠금동,경상사고,0,0,1,0,차대차 - 측면충돌,안전운전불이행,건조,맑음,단일로 - 기타,승용,여,37세,상해없음,이륜,남,38세,경상
2016050500100274,2016년 5월 5일 13시,목요일,충청북도 청주시 흥덕구 가경동,중상사고,0,1,0,0,차대차 - 추돌,안전운전불이행,건조,맑음,단일로 - 기타,승용,남,55세,상해없음,승용,남,37세,중상
2016050500100336,2016년 5월 5일 15시,목요일,충청북도 청주시 청원구 오창읍,경상사고,0,0,1,0,차대차 - 기타,안전운전불이행,건조,맑음,교차로 - 교차로안,승용,여,21세,기타불명,자전거,남,46세,경상
2016050500100337,2016년 5월 5일 15시,목요일,충청북도 청주시 청원구 오창읍,경상사고,0,0,3,0,차대차 - 측면충돌,교차로운행방법위반,건조,맑음,교차로 - 교차로부근,승용,여,36세,경상,승용,여,25세,경상
2016050500100338,2016년 5월 5일 15시,목요일,충청북도 제천시 백운면,중상사고,0,2,0,0,차량단독 - 전도전복,안전운전불이행,기타,맑음,단일로 - 기타,화물,남,19세,중상,,,,
2016050500100339,2016년 5월 5일 15시,목요일,충청북도 증평군 증평읍,경상사고,0,0,1,0,차대차 - 기타,불법유턴,건조,맑음,단일로 - 기타,화물,남,35세,상해없음,이륜,남,71세,경상
2016050500100340,2016년 5월 5일 15시,목요일,충청북도 진천군 진천읍,경상사고,0,0,1,0,차대차 - 기타,안전운전불이행,건조,맑음,단일로 - 기타,승용,여,56세,상해없음,농기계,남,73세,경상
2016050500100341,2016년 5월 5일 15시,목요일,충청북도 청주시 흥덕구 비하동,중상사고,0,1,0,0,차대사람 - 보도통행중,안전운전불이행,건조,맑음,기타 - 기타,자전거,남,13세,상해없음,보행자,여,67세,중상
2016050500100373,2016년 5월 5일 16시,목요일,충청북도 청주시 흥덕구 운천동,경상사고,0,0,1,0,차대사람 - 횡단중,보행자보호의무위반,건조,맑음,단일로 - 횡단보도상,원동기,남,66세,상해없음,보행자,여,8세,경상
2016050500100413,2016년 5월 5일 17시,목요일,충청북도 음성군 대소면,경상사고,0,0,1,0,차대사람 - 횡단중,보행자보호의무위반,건조,맑음,단일로 - 기타,승용,남,21세,상해없음,보행자,여,2세,경상
2016050500100414,2016년 5월 5일 17시,목요일,충청북도 진천군 덕산면,경상사고,0,0,1,0,차대차 - 추돌,중앙선침범,건조,맑음,단일로 - 기타,승용,남,46세,상해없음,화물,남,50세,경상
2016050500100415,2016년 5월 5일 17시,목요일,충청북도 청주시 서원구 현도면,경상사고,0,0,3,0,차대차 - 정면충돌,안전운전불이행,건조,맑음,단일로 - 기타,승용,기타불명,기타불명,기타불명,승용,남,47세,경상
2016050500100468,2016년 5월 5일 18시,목요일,충청북도 청주시 청원구 내수읍,중상사고,0,1,0,0,차량단독 - 공작물충돌,안전운전불이행,건조,맑음,단일로 - 기타,승용,여,39세,중상,,,,
2016050500100469,2016년 5월 5일 18시,목요일,충청북도 충주시 봉방동,중상사고,0,1,0,0,차대차 - 기타,안전운전불이행,건조,맑음,단일로 - 기타,승용,남,55세,상해없음,원동기,남,26세,중상
2016050500100470,2016년 5월 5일 18시,목요일,충청북도 제천시 청전동,경상사고,0,0,1,0,차대차 - 측면직각충돌,안전운전불이행,건조,기타,교차로 - 교차로안,이륜,남,17세,경상,승용,남,55세,상해없음
2016050500100495,2016년 5월 5일 19시,목요일,충청북도 증평군 증평읍,경상사고,0,0,1,1,차대차 - 측면직각충돌,중앙선침범,건조,맑음,교차로 - 교차로부근,자전거,여,51세,부상신고,이륜,남,20세,경상
2016050500100524,2016년 5월 5일 20시,목요일,충청북도 청주시 서원구 개신동,중상사고,0,1,0,0,차대차 - 측면충돌,안전운전불이행,건조,맑음,단일로 - 기타,승용,여,50세,상해없음,이륜,남,47세,중상
2016050500100525,2016년 5월 5일 20시,목요일,충청북도 청주시 흥덕구 운천동,경상사고,0,0,1,0,차대차 - 기타,안전운전불이행,건조,맑음,교차로 - 교차로부근,화물,남,66세,상해없음,원동기,남,49세,경상
2016050500100595,2016년 5월 5일 23시,목요일,충청북도 청주시 청원구 율량동,중상사고,0,1,1,0,차대차 - 측면직각충돌,안전거리미확보,건조,맑음,교차로 - 교차로부근,승용,여,47세,중상,승용,남,57세,경상
2016050500100597,2016년 5월 5일 23시,목요일,충청북도 옥천군 군북면,경상사고,0,0,3,0,차대차 - 정면충돌,차로위반,건조,맑음,단일로 - 기타,화물,남,54세,상해없음,승용,남,32세,경상
2016050600100112,2016년 5월 6일 08시,금요일,충청북도 영동군 영동읍,경상사고,0,0,1,0,차대사람 - 횡단중,안전운전불이행,건조,맑음,교차로 - 교차로안,승합,남,67세,상해없음,보행자,여,86세,경상
2016050600100134,2016년 5월 6일 09시,금요일,충청북도 청주시 서원구 성화동,중상사고,0,1,0,0,차대차 - 정면충돌,교차로운행방법위반,건조,맑음,교차로 - 교차로안,승용,여,34세,상해없음,자전거,남,7세,중상
2016050600100154,2016년 5월 6일 10시,금요일,충청북도 청주시 흥덕구 강내면,경상사고,0,0,3,0,차대차 - 추돌,안전운전불이행,건조,맑음,단일로 - 기타,승용,남,37세,상해없음,승용,여,27세,경상
2016050600100155,2016년 5월 6일 10시,금요일,충청북도 청주시 상당구 남문로1가동,경상사고,0,0,1,0,차대사람 - 길가장자리구역통행중,안전운전불이행,건조,맑음,단일로 - 기타,화물,남,46세,상해없음,보행자,남,64세,경상
2016050600100192,2016년 5월 6일 11시,금요일,충청북도 음성군 원남면,경상사고,0,0,1,0,차대사람 - 기타,안전운전불이행,건조,맑음,단일로 - 기타,승용,남,63세,상해없음,보행자,남,46세,경상
2016050600100228,2016년 5월 6일 12시,금요일,충청북도 청주시 흥덕구 봉명동,중상사고,0,1,0,0,차대사람 - 기타,안전운전불이행,건조,맑음,교차로 - 교차로부근,승용,여,24세,상해없음,보행자,여,76세,중상
2016050600100229,2016년 5월 6일 12시,금요일,충청북도 청주시 흥덕구 봉명동,경상사고,0,0,1,0,차대차 - 측면충돌,교차로운행방법위반,건조,맑음,교차로 - 교차로부근,화물,남,58세,상해없음,이륜,남,58세,경상
2016050600100230,2016년 5월 6일 12시,금요일,충청북도 청주시 흥덕구 송정동,경상사고,0,0,2,0,차대차 - 기타,안전운전불이행,건조,맑음,교차로 - 교차로안,승용,여,50세,상해없음,승용,여,40세,경상
2016050600100262,2016년 5월 6일 13시,금요일,충청북도 청주시 청원구 내덕동,경상사고,0,0,3,0,차대차 - 추돌,안전거리미확보,건조,맑음,단일로 - 기타,승용,남,55세,상해없음,승용,남,37세,상해없음
2016050600100263,2016년 5월 6일 13시,금요일,충청북도 청주시 서원구 남이면,경상사고,0,0,2,0,차대차 - 추돌,안전운전불이행,건조,맑음,단일로 - 기타,승용,남,25세,상해없음,승용,남,60세,경상
2016050600100264,2016년 5월 6일 13시,금요일,충청북도 청주시 서원구 수곡동,중상사고,0,1,0,0,차대사람 - 횡단중,안전운전불이행,건조,맑음,교차로 - 교차로부근,승용,남,57세,상해없음,보행자,여,3세,중상
2016050600100299,2016년 5월 6일 14시,금요일,충청북도 청주시 상당구 지북동,경상사고,0,0,2,0,차대차 - 정면충돌,안전거리미확보,건조,맑음,교차로 - 교차로부근,승합,남,54세,상해없음,승용,남,52세,경상
2016050600100333,2016년 5월 6일 15시,금요일,충청북도 청주시 흥덕구 복대동,중상사고,0,1,1,0,차대차 - 정면충돌,안전운전불이행,건조,맑음,단일로 - 기타,승용,남,35세,경상,이륜,남,16세,중상
2016050600100519,2016년 5월 6일 20시,금요일,충청북도 청주시 흥덕구 오송읍,중상사고,0,1,2,0,차대차 - 측면직각충돌,안전운전불이행,건조,맑음,교차로 - 교차로안,승용,남,57세,경상,화물,남,55세,경상
2016050600100554,2016년 5월 6일 21시,금요일,충청북도 충주시 교현동,중상사고,0,1,0,0,차대차 - 측면충돌,신호위반,건조,맑음,교차로 - 교차로안,승용,남,24세,상해없음,승용,남,19세,중상
2016050600100555,2016년 5월 6일 21시,금요일,충청북도 청주시 흥덕구 송정동,경상사고,0,0,2,0,차대차 - 정면충돌,안전운전불이행,건조,맑음,단일로 - 기타,승용,남,19세,상해없음,승용,남,32세,경상
2016050600100556,2016년 5월 6일 21시,금요일,충청북도 청주시 흥덕구 가경동,경상사고,0,0,1,0,차대차 - 측면직각충돌,기타,건조,맑음,단일로 - 기타,승용,남,48세,상해없음,자전거,남,18세,경상
2016050600100557,2016년 5월 6일 21시,금요일,충청북도 청주시 서원구 수곡동,경상사고,0,0,1,0,차대차 - 측면충돌,안전거리미확보,건조,맑음,단일로 - 기타,승용,남,61세,상해없음,원동기,남,36세,경상
2016050600100607,2016년 5월 6일 23시,금요일,충청북도 청주시 청원구 내덕동,경상사고,0,0,2,0,차대차 - 측면충돌,신호위반,건조,맑음,교차로 - 교차로안,승용,남,38세,상해없음,승용,여,23세,경상
2016050600100608,2016년 5월 6일 23시,금요일,충청북도 청주시 흥덕구 복대동,경상사고,0,0,1,0,차대차 - 기타,안전운전불이행,건조,맑음,단일로 - 기타,승용,남,45세,상해없음,이륜,남,16세,경상
2016050700100030,2016년 5월 7일 01시,토요일,충청북도 청주시 서원구 사직동,중상사고,0,1,1,0,차대차 - 측면직각충돌,신호위반,건조,맑음,교차로 - 교차로안,승용,남,61세,상해없음,승용,남,29세,중상
2016050700100150,2016년 5월 7일 09시,토요일,충청북도 청주시 흥덕구 운천동,중상사고,0,1,0,0,차대차 - 측면직각충돌,신호위반,건조,맑음,교차로 - 교차로안,승용,여,47세,상해없음,승용,남,57세,중상
2016050700100204,2016년 5월 7일 11시,토요일,충청북도 청주시 흥덕구 봉명동,경상사고,0,0,1,0,차대차 - 정면충돌,안전운전불이행,건조,맑음,교차로 - 교차로부근,승용,여,29세,상해없음,승용,남,33세,경상
2016050700100240,2016년 5월 7일 12시,토요일,충청북도 제천시 봉양읍,경상사고,0,0,2,0,차대차 - 측면직각충돌,안전거리미확보,건조,맑음,단일로 - 기타,승용,여,52세,경상,승용,여,30세,경상
2016050700100241,2016년 5월 7일 12시,토요일,충청북도 충주시 칠금동,경상사고,0,0,1,0,차대차 - 측면충돌,안전운전불이행,건조,맑음,단일로 - 횡단보도상,승용,남,63세,상해없음,자전거,여,7세,경상
2016050700100277,2016년 5월 7일 13시,토요일,충청북도 청주시 청원구 내수읍,경상사고,0,0,1,0,차대차 - 기타,중앙선침범,건조,맑음,단일로 - 횡단보도부근,승용,남,85세,상해없음,기타불명,기타불명,기타불명,기타불명
2016050700100278,2016년 5월 7일 13시,토요일,충청북도 영동군 양강면,경상사고,0,0,3,0,차대차 - 기타,안전운전불이행,건조,맑음,단일로 - 기타,승용,여,57세,상해없음,승용,남,30세,경상
2016050700100279,2016년 5월 7일 13시,토요일,충청북도 단양군 매포읍,중상사고,0,1,2,0,차대차 - 측면충돌,안전운전불이행,건조,맑음,단일로 - 기타,승용,남,20세,상해없음,승용,여,44세,중상
2016050700100280,2016년 5월 7일 13시,토요일,충청북도 청주시 흥덕구 복대동,경상사고,0,0,1,0,차대차 - 측면충돌,신호위반,건조,맑음,교차로 - 교차로안,승용,남,24세,상해없음,이륜,남,48세,경상
2016050700100360,2016년 5월 7일 15시,토요일,충청북도 충주시 문화동,경상사고,0,0,2,0,차대차 - 측면충돌,안전거리미확보,건조,맑음,교차로 - 교차로부근,승용,여,38세,경상,승용,남,23세,경상
2016050700100361,2016년 5월 7일 15시,토요일,충청북도 제천시 신월동,중상사고,0,2,3,0,차대차 - 추돌,신호위반,건조,맑음,교차로 - 교차로안,승용,남,32세,경상,승용,남,48세,경상
2016050700100362,2016년 5월 7일 15시,토요일,충청북도 청주시 서원구 분평동,경상사고,0,0,1,0,차대사람 - 횡단중,보행자보호의무위반,건조,맑음,단일로 - 횡단보도상,승용,여,56세,상해없음,보행자,남,5세,경상
2016050700100363,2016년 5월 7일 15시,토요일,충청북도 음성군 대소면,경상사고,0,0,5,0,차대차 - 추돌,안전거리미확보,건조,맑음,단일로 - 기타,승용,남,34세,경상,승용,남,44세,상해없음
2016050700100410,2016년 5월 7일 16시,토요일,충청북도 청주시 서원구 사직동,중상사고,0,1,0,0,차대사람 - 횡단중,안전운전불이행,건조,맑음,기타 - 기타,승용,남,28세,상해없음,보행자,남,6세,중상
2016050700100411,2016년 5월 7일 16시,토요일,충청북도 청주시 흥덕구 봉명동,경상사고,0,0,2,0,차대차 - 추돌,안전운전불이행,건조,맑음,교차로 - 교차로부근,승용,남,48세,상해없음,승용,여,35세,경상
2016050700100457,2016년 5월 7일 17시,토요일,충청북도 제천시 하소동,중상사고,0,1,1,0,차대차 - 기타,안전운전불이행,건조,맑음,교차로 - 교차로부근,승용,남,68세,기타불명,승용,남,23세,중상
2016050700100458,2016년 5월 7일 17시,토요일,충청북도 음성군 원남면,경상사고,0,0,1,0,차량단독 - 전도전복,안전운전불이행,건조,맑음,단일로 - 기타,이륜,남,54세,경상,,,,
2016050700100494,2016년 5월 7일 18시,토요일,충청북도 충주시 용산동,경상사고,0,0,2,0,차대차 - 측면충돌,직진우회전진행방해,건조,맑음,교차로 - 교차로안,승용,남,37세,상해없음,원동기,남,16세,경상
2016050700100495,2016년 5월 7일 18시,토요일,충청북도 증평군 증평읍,경상사고,0,0,3,0,차대차 - 측면충돌,교차로운행방법위반,건조,흐림,교차로 - 교차로안,승용,여,32세,상해없음,화물,남,57세,경상
2016050700100496,2016년 5월 7일 18시,토요일,충청북도 진천군 이월면,중상사고,0,1,0,0,차대사람 - 횡단중,안전운전불이행,건조,맑음,교차로 - 교차로부근,승용,남,26세,상해없음,보행자,남,6세,중상
2016050700100497,2016년 5월 7일 18시,토요일,충청북도 청주시 흥덕구 신봉동,경상사고,0,0,1,0,차량단독 - 전도전복,안전운전불이행,건조,맑음,기타 - 기타,자전거,남,60세,경상,,,,
2016050700100558,2016년 5월 7일 20시,토요일,충청북도 음성군 금왕읍,중상사고,0,1,0,0,차대사람 - 횡단중,안전운전불이행,건조,맑음,단일로 - 기타,화물,남,58세,상해없음,보행자,남,32세,중상
2016050700100559,2016년 5월 7일 20시,토요일,충청북도 진천군 진천읍,경상사고,0,0,1,0,차대차 - 기타,교차로운행방법위반,건조,맑음,교차로 - 교차로안,이륜,남,16세,경상,승용,여,39세,상해없음