사고번호,사고일시,요일,시군구,사고내용,사망자수,중상자수,경상자수,부상신고자수,사고유형,법규위반,노면상태,기상상태,도로형태,가해운전자 차종,가해운전자 성별,가해운전자 연령,가해운전자 상해정도,피해운전자 차종,피해운전자 성별,피해운전자 연령,피해운전자 상해정도
2016050700100624,2016년 5월 7일 22시,토요일,충청북도 증평군 증평읍,중상사고,0,1,2,0,차대차 - 추돌,안전운전불이행,건조,맑음,교차로 - 교차로부근,승용,여,34세,상해없음,승용,여,51세,경상
2016050700100625,2016년 5월 7일 22시,토요일,충청북도 청주시 상당구 용정동,경상사고,0,0,3,0,차대차 - 정면충돌,안전운전불이행,건조,맑음,단일로 - 기타,승용,남,50세,상해없음,승합,남,51세,경상
2016050700100654,2016년 5월 7일 23시,토요일,충청북도 제천시 명동,경상사고,0,0,2,0,차대차 - 측면충돌,안전운전불이행,건조,맑음,단일로 - 기타,승용,남,49세,상해없음,승용,남,60세,경상
2016050800100009,2016년 5월 8일 00시,일요일,충청북도 청주시 서원구 성화동,경상사고,0,0,1,0,차대차 - 측면직각충돌,안전운전불이행,건조,맑음,단일로 - 기타,승용,남,25세,상해없음,승용,남,37세,상해없음
2016050800100029,2016년 5월 8일 01시,일요일,충청북도 청주시 서원구 산남동,경상사고,0,0,2,0,차대차 - 추돌,안전운전불이행,건조,맑음,교차로 - 교차로부근,승용,여,26세,상해없음,승용,남,36세,경상
2016050800100124,2016년 5월 8일 09시,일요일,충청북도 청주시 서원구 개신동,중상사고,0,1,0,0,차대차 - 추돌,안전운전불이행,건조,맑음,교차로 - 교차로부근,승용,남,23세,상해없음,승용,남,49세,상해없음
2016050800100143,2016년 5월 8일 10시,일요일,충청북도 청주시 상당구 남일면,사망사고,1,0,0,0,차량단독 - 전도전복,안전운전불이행,건조,맑음,단일로 - 기타,이륜,남,45세,사망,,,,
2016050800100196,2016년 5월 8일 12시,일요일,충청북도 충주시 중앙탑면,중상사고,0,1,0,0,차대차 - 측면충돌,안전운전불이행,건조,맑음,단일로 - 기타,승용,남,83세,상해없음,승용,여,33세,중상
2016050800100197,2016년 5월 8일 12시,일요일,충청북도 청주시 상당구 영운동,경상사고,0,0,3,0,차대차 - 정면충돌,교차로운행방법위반,건조,맑음,교차로 - 교차로부근,승용,여,41세,경상,승용,여,38세,경상
2016050800100284,2016년 5월 8일 14시,일요일,충청북도 증평군 증평읍,경상사고,0,0,1,0,차대차 - 기타,안전운전불이행,건조,흐림,교차로 - 교차로안,이륜,남,70세,상해없음,자전거,남,74세,경상
2016050800100285,2016년 5월 8일 14시,일요일,충청북도 청주시 상당구 낭성면,경상사고,0,0,2,0,차대차 - 측면충돌,안전운전불이행,건조,맑음,교차로 - 교차로안,이륜,남,53세,경상,승용,남,42세,경상
2016050800100321,2016년 5월 8일 15시,일요일,충청북도 청주시 청원구 율량동,경상사고,0,0,1,0,차대사람 - 횡단중,안전운전불이행,건조,맑음,교차로 - 교차로부근,승용,여,35세,상해없음,보행자,여,48세,경상
2016050800100322,2016년 5월 8일 15시,일요일,충청북도 청주시 상당구 북문로2가동,경상사고,0,0,1,0,차대차 - 기타,안전운전불이행,건조,맑음,기타 - 기타,자전거,남,14세,경상,승용,남,33세,상해없음
2016050800100323,2016년 5월 8일 15시,일요일,충청북도 증평군 도안면,중상사고,0,1,4,1,차대차 - 측면직각충돌,직진우회전진행방해,건조,맑음,교차로 - 교차로안,승용,여,33세,부상신고,승용,남,44세,경상
2016050800100357,2016년 5월 8일 16시,일요일,충청북도 충주시 교현동,부상신고사고,0,0,0,1,차대사람 - 횡단중,안전운전불이행,건조,맑음,단일로 - 기타,승용,남,47세,상해없음,보행자,남,66세,부상신고
2016050800100358,2016년 5월 8일 16시,일요일,충청북도 청주시 서원구 분평동,중상사고,0,1,0,0,차대차 - 측면충돌,안전운전불이행,건조,맑음,단일로 - 기타,승용,남,56세,상해없음,자전거,남,31세,중상
2016050800100421,2016년 5월 8일 18시,일요일,충청북도 충주시 교현동,중상사고,0,2,0,0,차대차 - 측면충돌,안전운전불이행,건조,맑음,단일로 - 기타,화물,남,51세,상해없음,자전거,남,14세,중상
2016050800100449,2016년 5월 8일 19시,일요일,충청북도 청주시 청원구 주성동,중상사고,0,1,0,0,차대차 - 기타,안전운전불이행,건조,맑음,교차로 - 교차로안,승용,남,40세,상해없음,이륜,남,38세,중상
2016050800100480,2016년 5월 8일 20시,일요일,충청북도 청주시 서원구 개신동,경상사고,0,0,1,0,차대차 - 측면직각충돌,안전운전불이행,건조,맑음,교차로 - 교차로부근,승용,남,53세,경상,승용,남,46세,상해없음
2016050800100481,2016년 5월 8일 20시,일요일,충청북도 충주시 연수동,경상사고,0,0,4,0,차대차 - 정면충돌,안전운전불이행,건조,맑음,단일로 - 기타,승용,남,63세,상해없음,승용,남,42세,경상
2016050800100482,2016년 5월 8일 20시,일요일,충청북도 진천군 진천읍,경상사고,0,0,1,0,차대차 - 추돌,안전거리미확보,건조,맑음,교차로 - 교차로부근,승용,남,76세,상해없음,승용,여,45세,경상
2016050800100505,2016년 5월 8일 21시,일요일,충청북도 청주시 청원구 오창읍,경상사고,0,0,1,0,차량단독 - 전도전복,안전운전불이행,건조,맑음,단일로 - 기타,승용,남,54세,경상,,,,
2016050800100506,2016년 5월 8일 21시,일요일,충청북도 증평군 증평읍,부상신고사고,0,0,0,1,차대차 - 기타,안전운전불이행,건조,맑음,교차로 - 교차로안,승용,남,54세,기타불명,자전거,남,11세,부상신고
2016050800100507,2016년 5월 8일 21시,일요일,충청북도 옥천군 옥천읍,경상사고,0,0,1,0,차대사람 - 횡단중,안전운전불이행,건조,맑음,교차로 - 교차로안,승용,여,46세,상해없음,보행자,남,53세,경상
2016050800100508,2016년 5월 8일 21시,일요일,충청북도 청주시 상당구 용암동,경상사고,0,0,2,0,차대차 - 정면충돌,안전운전불이행,건조,맑음,단일로 - 기타,승용,남,60세,상해없음,이륜,남,23세,경상
2016050800100553,2016년 5월 8일 23시,일요일,충청북도 청주시 서원구 사직동,경상사고,0,0,5,0,차대차 - 추돌,안전운전불이행,건조,맑음,교차로 - 교차로부근,승용,여,57세,상해없음,승용,여,57세,경상
2016050800100554,2016년 5월 8일 23시,일요일,충청북도 영동군 추풍령면,부상신고사고,0,0,0,1,차량단독 - 전도전복,안전운전불이행,건조,맑음,단일로 - 기타,승용,남,45세,부상신고,,,,
2016050900100053,2016년 5월 9일 07시,월요일,충청북도 청주시 흥덕구 가경동,경상사고,0,0,1,0,차대차 - 측면직각충돌,안전운전불이행,건조,맑음,단일로 - 기타,승용,남,54세,상해없음,승용,남,38세,경상
2016050900100084,2016년 5월 9일 08시,월요일,충청북도 청주시 서원구 사직동,경상사고,0,0,1,0,차대사람 - 횡단중,안전운전불이행,건조,맑음,단일로 - 횡단보도상,기타불명,기타불명,기타불명,기타불명,보행자,남,21세,경상
2016050900100085,2016년 5월 9일 08시,월요일,충청북도 충주시 교현동,중상사고,0,1,0,0,차대차 - 기타,안전운전불이행,건조,맑음,교차로 - 교차로부근,승합,남,64세,상해없음,자전거,남,11세,중상
2016050900100118,2016년 5월 9일 09시,월요일,충청북도 청주시 흥덕구 가경동,경상사고,0,0,3,0,차대차 - 기타,안전운전불이행,건조,맑음,교차로 - 교차로안,승용,여,51세,상해없음,승용,여,56세,경상
2016050900100119,2016년 5월 9일 09시,월요일,충청북도 청주시 상당구 금천동,경상사고,0,0,1,0,차대사람 - 횡단중,안전운전불이행,건조,맑음,단일로 - 기타,승용,기타불명,20세,기타불명,보행자,여,21세,경상
2016050900100214,2016년 5월 9일 12시,월요일,충청북도 음성군 원남면,중상사고,0,1,0,0,차량단독 - 전도전복,안전운전불이행,건조,맑음,교차로 - 교차로안,이륜,여,49세,중상,,,,
2016050900100253,2016년 5월 9일 13시,월요일,충청북도 청주시 서원구 사창동,경상사고,0,0,1,0,차대사람 - 횡단중,안전운전불이행,건조,맑음,교차로 - 교차로안,승용,여,40세,상해없음,보행자,여,61세,경상
2016050900100254,2016년 5월 9일 13시,월요일,충청북도 청주시 청원구 북이면,중상사고,0,1,1,0,차대차 - 측면직각충돌,교차로운행방법위반,건조,맑음,교차로 - 교차로안,화물,남,52세,경상,승용,남,28세,상해없음
2016050900100283,2016년 5월 9일 14시,월요일,충청북도 충주시 봉방동,경상사고,0,0,1,0,차대차 - 측면충돌,신호위반,건조,맑음,교차로 - 교차로안,원동기,남,80세,상해없음,승용,남,63세,경상
2016050900100284,2016년 5월 9일 14시,월요일,충청북도 증평군 도안면,중상사고,0,1,0,0,차대차 - 측면충돌,안전거리미확보,건조,맑음,단일로 - 기타,자전거,남,78세,중상,승용,남,37세,상해없음
2016050900100321,2016년 5월 9일 15시,월요일,충청북도 충주시 대소원면,중상사고,0,1,0,0,차대차 - 측면충돌,안전운전불이행,건조,맑음,교차로 - 교차로부근,승용,남,31세,상해없음,승용,여,28세,중상
2016050900100322,2016년 5월 9일 15시,월요일,충청북도 청주시 상당구 용암동,경상사고,0,0,1,0,차대차 - 측면직각충돌,안전운전불이행,건조,맑음,교차로 - 교차로안,화물,남,28세,상해없음,승용,여,40세,경상
2016050900100360,2016년 5월 9일 16시,월요일,충청북도 청주시 서원구 사직동,경상사고,0,0,1,0,차대차 - 측면충돌,안전운전불이행,건조,맑음,교차로 - 교차로안,승용,남,52세,상해없음,자전거,여,52세,경상
2016050900100361,2016년 5월 9일 16시,월요일,충청북도 청주시 서원구 사직동,경상사고,0,0,1,0,차대차 - 측면충돌,직진우회전진행방해,건조,맑음,교차로 - 교차로안,화물,남,31세,경상,승용,남,22세,상해없음
2016050900100362,2016년 5월 9일 16시,월요일,충청북도 청주시 청원구 북이면,중상사고,0,1,1,0,차대차 - 추돌,안전운전불이행,건조,맑음,교차로 - 교차로부근,승용,남,39세,중상,화물,남,37세,경상
2016050900100363,2016년 5월 9일 16시,월요일,충청북도 진천군 진천읍,사망사고,1,0,0,0,차대사람 - 횡단중,신호위반,건조,맑음,교차로 - 교차로안,건설기계,남,48세,상해없음,보행자,남,68세,사망
2016050900100364,2016년 5월 9일 16시,월요일,충청북도 청주시 흥덕구 비하동,경상사고,0,0,1,0,차대차 - 정면충돌,신호위반,건조,맑음,단일로 - 기타,승합,남,48세,상해없음,승용,남,26세,경상
2016050900100420,2016년 5월 9일 18시,월요일,충청북도 청주시 상당구 지북동,경상사고,0,0,1,0,차대차 - 추돌,안전운전불이행,건조,맑음,단일로 - 기타,승용,남,52세,상해없음,승용,여,44세,경상
2016050900100453,2016년 5월 9일 19시,월요일,충청북도 충주시 성서동,부상신고사고,0,0,0,1,차대사람 - 횡단중,안전운전불이행,건조,맑음,단일로 - 기타,기타불명,기타불명,16세,기타불명,보행자,여,56세,부상신고
2016050900100515,2016년 5월 9일 21시,월요일,충청북도 음성군 대소면,경상사고,0,0,1,0,차대차 - 측면충돌,신호위반,건조,맑음,교차로 - 교차로안,승용,여,46세,상해없음,승용,여,45세,경상
2016051000100005,2016년 5월 10일 00시,화요일,충청북도 청주시 서원구 모충동,경상사고,0,0,1,0,차량단독 - 전도전복,안전운전불이행,건조,맑음,단일로 - 기타,승용,남,56세,상해없음,,,,
2016051000100040,2016년 5월 10일 04시,화요일,충청북도 충주시 대소원면,중상사고,0,2,0,0,차대차 - 정면충돌,안전운전불이행,습기,비,교차로 - 교차로부근,승용,남,41세,상해없음,승용,여,28세,중상
2016051000100069,2016년 5월 10일 06시,화요일,충청북도 청주시 흥덕구 봉명동,경상사고,0,0,2,0,차대차 - 측면직각충돌,안전거리미확보,습기,비,단일로 - 기타,승용,남,61세,상해없음,승용,남,33세,경상
2016051000100089,2016년 5월 10일 07시,화요일,충청북도 청주시 청원구 오창읍,중상사고,0,1,0,0,차량단독 - 기타,안전운전불이행,건조,맑음,단일로 - 기타,승합,남,50세,상해없음,,,,
2016051000100122,2016년 5월 10일 08시,화요일,충청북도 청주시 흥덕구 봉명동,경상사고,0,0,1,0,차대사람 - 횡단중,안전운전불이행,습기,비,단일로 - 기타,승용,남,59세,기타불명,보행자,여,14세,경상
2016051000100169,2016년 5월 10일 09시,화요일,충청북도 청주시 청원구 우암동,경상사고,0,0,1,0,차대차 - 측면충돌,안전운전불이행,습기,비,교차로 - 교차로안,승용,남,74세,상해없음,승용,여,47세,경상
2016051000100170,2016년 5월 10일 09시,화요일,충청북도 옥천군 군북면,중상사고,0,1,0,0,차량단독 - 전도전복,안전운전불이행,습기,비,단일로 - 기타,승용,남,30세,중상,,,,
2016051000100171,2016년 5월 10일 09시,화요일,충청북도 진천군 진천읍,중상사고,0,2,0,0,차대차 - 추돌,차로위반,습기,비,단일로 - 기타,이륜,남,74세,중상,화물,남,45세,상해없음
2016051000100203,2016년 5월 10일 10시,화요일,충청북도 청주시 흥덕구 가경동,경상사고,0,0,1,0,차대차 - 기타,중앙선침범,건조,맑음,교차로 - 교차로안,승용,남,23세,상해없음,승용,남,58세,경상
2016051000100236,2016년 5월 10일 11시,화요일,충청북도 음성군 맹동면,중상사고,0,1,0,0,차대차 - 정면충돌,신호위반,습기,비,교차로 - 교차로안,특수,남,45세,상해없음,승용,남,68세,중상
2016051000100264,2016년 5월 10일 12시,화요일,충청북도 괴산군 청안면,경상사고,0,0,1,0,차량단독 - 공작물충돌,안전운전불이행,습기,비,단일로 - 기타,승용,남,72세,경상,,,,
2016051000100265,2016년 5월 10일 12시,화요일,충청북도 음성군 삼성면,경상사고,0,0,1,0,차대사람 - 횡단중,안전운전불이행,습기,비,교차로 - 교차로안,화물,남,49세,상해없음,보행자,여,30세,경상
2016051000100266,2016년 5월 10일 12시,화요일,충청북도 청주시 상당구 용암동,중상사고,0,1,0,0,차대차 - 정면충돌,안전운전불이행,습기,비,단일로 - 기타,화물,남,57세,상해없음,원동기,남,36세,중상
2016051000100294,2016년 5월 10일 13시,화요일,충청북도 청주시 흥덕구 복대동,경상사고,0,0,1,0,차대차 - 정면충돌,안전운전불이행,습기,비,교차로 - 교차로부근,이륜,남,17세,경상,화물,남,64세,상해없음
2016051000100295,2016년 5월 10일 13시,화요일,충청북도 청주시 흥덕구 신촌동,경상사고,0,0,2,0,차대차 - 측면충돌,교차로운행방법위반,습기,비,교차로 - 교차로안,승용,여,54세,상해없음,승용,남,39세,경상
2016051000100296,2016년 5월 10일 13시,화요일,충청북도 청주시 흥덕구 가경동,경상사고,0,0,1,0,차대사람 - 기타,안전운전불이행,습기,비,교차로 - 교차로안,승용,남,32세,상해없음,보행자,여,55세,경상
2016051000100297,2016년 5월 10일 13시,화요일,충청북도 청주시 상당구 문화동,중상사고,0,1,0,0,차대차 - 추돌,안전거리미확보,건조,맑음,교차로 - 교차로부근,승용,남,38세,상해없음,승용,여,59세,중상
2016051000100326,2016년 5월 10일 14시,화요일,충청북도 충주시 교현동,경상사고,0,0,1,0,차대차 - 정면충돌,안전거리미확보,습기,비,교차로 - 교차로안,승용,남,60세,상해없음,승용,남,52세,경상
2016051000100327,2016년 5월 10일 14시,화요일,충청북도 괴산군 장연면,중상사고,0,1,2,0,차대차 - 측면직각충돌,신호위반,습기,비,교차로 - 교차로안,화물,남,58세,경상,건설기계,남,45세,경상
2016051000100356,2016년 5월 10일 15시,화요일,충청북도 제천시 봉양읍,경상사고,0,0,1,0,차대차 - 추돌,불법유턴,습기,비,교차로 - 교차로부근,화물,남,72세,경상,화물,남,40세,상해없음
2016051000100357,2016년 5월 10일 15시,화요일,충청북도 청주시 흥덕구 복대동,중상사고,0,1,0,0,차대차 - 측면충돌,신호위반,습기,비,교차로 - 교차로안,화물,남,55세,상해없음,승용,여,58세,중상
2016051000100386,2016년 5월 10일 16시,화요일,충청북도 청주시 청원구 내덕동,경상사고,0,0,1,0,차대차 - 정면충돌,안전운전불이행,습기,비,교차로 - 교차로부근,자전거,남,66세,경상,승용,여,60세,상해없음
2016051000100387,2016년 5월 10일 16시,화요일,충청북도 증평군 증평읍,경상사고,0,0,2,0,차대차 - 측면충돌,신호위반,습기,비,교차로 - 교차로안,승용,여,48세,경상,승용,남,23세,경상
2016051000100420,2016년 5월 10일 17시,화요일,충청북도 청주시 흥덕구 운천동,경상사고,0,0,1,0,차대사람 - 횡단중,신호위반,건조,맑음,교차로 - 교차로안,승용,여,59세,상해없음,보행자,남,10세,경상
2016051000100446,2016년 5월 10일 18시,화요일,충청북도 제천시 명지동,경상사고,0,0,1,0,차대차 - 측면충돌,교차로운행방법위반,습기,비,교차로 - 교차로안,승용,남,20세,상해없음,승용,여,54세,경상
2016051000100447,2016년 5월 10일 18시,화요일,충청북도 청주시 흥덕구 봉명동,중상사고,0,1,0,0,차대차 - 추돌,안전운전불이행,습기,비,단일로 - 기타,기타불명,기타불명,기타불명,기타불명,이륜,남,45세,중상
2016051000100486,2016년 5월 10일 19시,화요일,충청북도 제천시 화산동,경상사고,0,0,1,0,차대차 - 정면충돌,안전운전불이행,습기,흐림,단일로 - 기타,승용,여,52세,상해없음,승용,여,39세,경상
2016051000100487,2016년 5월 10일 19시,화요일,충청북도 제천시 하소동,경상사고,0,0,1,0,차대차 - 추돌,교차로운행방법위반,습기,비,교차로 - 교차로부근,승용,남,50세,상해없음,승합,남,50세,상해없음
2016051000100488,2016년 5월 10일 19시,화요일,충청북도 청주시 상당구 남주동,경상사고,0,0,1,0,차대사람 - 횡단중,안전운전불이행,습기,비,단일로 - 기타,승용,남,41세,상해없음,보행자,남,67세,경상
2016051000100489,2016년 5월 10일 19시,화요일,충청북도 청주시 서원구 모충동,경상사고,0,0,1,0,차대차 - 정면충돌,신호위반,습기,비,교차로 - 교차로안,화물,남,41세,상해없음,승용,여,44세,경상
2016051000100567,2016년 5월 10일 21시,화요일,충청북도 청주시 흥덕구 봉명동,경상사고,0,0,1,0,차대차 - 정면충돌,안전운전불이행,습기,흐림,교차로 - 교차로안,승용,남,43세,기타불명,이륜,남,60세,경상
2016051000100568,2016년 5월 10일 21시,화요일,충청북도 청주시 상당구 남일면,중상사고,0,3,0,0,차대차 - 정면충돌,안전운전불이행,건조,맑음,교차로 - 교차로안,승용,남,31세,중상,승용,남,29세,중상
2016051000100633,2016년 5월 10일 23시,화요일,충청북도 증평군 증평읍,경상사고,0,0,3,1,차대차 - 추돌,안전운전불이행,건조,맑음,교차로 - 교차로부근,승용,여,50세,부상신고,화물,남,50세,경상
2016051100100014,2016년 5월 11일 01시,수요일,충청북도 청주시 흥덕구 복대동,경상사고,0,0,2,0,차대차 - 추돌,안전운전불이행,습기,비,교차로 - 교차로부근,승용,남,49세,상해없음,승용,남,47세,상해없음
2016051100100040,2016년 5월 11일 03시,수요일,충청북도 청주시 서원구 남이면,중상사고,0,1,1,0,차대차 - 추돌,안전운전불이행,습기,비,단일로 - 기타,화물,남,44세,중상,화물,남,61세,경상
2016051100100053,2016년 5월 11일 05시,수요일,충청북도 청주시 흥덕구 송정동,중상사고,0,2,0,0,차대차 - 정면충돌,안전운전불이행,건조,맑음,교차로 - 교차로안,승용,남,48세,상해없음,승용,남,33세,중상
2016051100100160,2016년 5월 11일 09시,수요일,충청북도 청주시 청원구 사천동,경상사고,0,0,1,0,차대차 - 측면직각충돌,신호위반,건조,맑음,교차로 - 교차로안,기타불명,기타불명,기타불명,기타불명,승용,남,63세,경상
2016051100100161,2016년 5월 11일 09시,수요일,충청북도 청주시 서원구 성화동,중상사고,0,2,0,0,차대차 - 정면충돌,신호위반,건조,맑음,교차로 - 교차로안,승용,남,77세,상해없음,승용,남,60세,중상
2016051100100313,2016년 5월 11일 14시,수요일,충청북도 제천시 금성면,경상사고,0,0,3,0,차대차 - 추돌,안전운전불이행,건조,맑음,교차로 - 교차로안,승용,남,54세,기타불명,승용,여,47세,경상
2016051100100341,2016년 5월 11일 15시,수요일,충청북도 단양군 적성면,경상사고,0,0,1,0,차대차 - 추돌,안전거리미확보,건조,맑음,단일로 - 기타,화물,남,30세,상해없음,승용,여,69세,경상
2016051100100388,2016년 5월 11일 16시,수요일,충청북도 충주시 교현동,경상사고,0,0,1,0,차대차 - 측면충돌,안전운전불이행,건조,맑음,단일로 - 기타,승용,남,56세,상해없음,이륜,남,21세,경상
2016051100100389,2016년 5월 11일 16시,수요일,충청북도 청주시 상당구 낭성면,경상사고,0,0,2,0,차대차 - 정면충돌,중앙선침범,건조,맑음,단일로 - 기타,승용,남,72세,상해없음,승합,남,60세,경상
2016051100100431,2016년 5월 11일 17시,수요일,충청북도 청주시 서원구 수곡동,중상사고,0,1,0,0,차대차 - 기타,안전운전불이행,건조,맑음,교차로 - 교차로안,승용,남,50세,상해없음,승용,남,32세,중상
2016051100100477,2016년 5월 11일 18시,수요일,충청북도 청주시 청원구 사천동,중상사고,0,1,0,0,차대사람 - 횡단중,보행자보호의무위반,건조,맑음,단일로 - 횡단보도상,승용,남,53세,상해없음,보행자,남,7세,중상
2016051100100478,2016년 5월 11일 18시,수요일,충청북도 청주시 청원구 주성동,경상사고,0,0,3,0,차대차 - 기타,안전운전불이행,건조,맑음,단일로 - 기타,승용,여,58세,상해없음,승용,여,46세,경상
2016051100100479,2016년 5월 11일 18시,수요일,충청북도 음성군 대소면,경상사고,0,0,1,0,차대차 - 기타,안전운전불이행,건조,맑음,단일로 - 기타,승용,여,25세,상해없음,승용,여,43세,경상
2016051100100480,2016년 5월 11일 18시,수요일,충청북도 청주시 서원구 개신동,경상사고,0,0,5,0,차대차 - 측면직각충돌,안전거리미확보,건조,맑음,단일로 - 기타,이륜,남,20세,상해없음,이륜,남,29세,경상
2016051100100520,2016년 5월 11일 19시,수요일,충청북도 청주시 흥덕구 복대동,경상사고,0,0,1,0,차대차 - 측면충돌,안전운전불이행,건조,맑음,단일로 - 기타,승용,남,56세,상해없음,이륜,남,25세,경상
2016051100100543,2016년 5월 11일 20시,수요일,충청북도 충주시 안림동,중상사고,0,1,0,0,차대차 - 측면충돌,안전거리미확보,건조,맑음,단일로 - 기타,승용,남,72세,상해없음,원동기,남,69세,중상
2016051100100544,2016년 5월 11일 20시,수요일,충청북도 영동군 영동읍,중상사고,0,1,0,0,차대사람 - 횡단중,안전운전불이행,건조,맑음,교차로 - 교차로부근,승용,남,46세,상해없음,보행자,남,60세,중상
2016051100100545,2016년 5월 11일 20시,수요일,충청북도 청주시 서원구 모충동,중상사고,0,2,2,0,차대차 - 정면충돌,안전운전불이행,건조,맑음,단일로 - 기타,승용,남,60세,상해없음,승용,여,30세,중상
2016051100100583,2016년 5월 11일 21시,수요일,충청북도 청주시 서원구 사창동,경상사고,0,0,2,0,차대차 - 추돌,안전운전불이행,건조,맑음,단일로 - 기타,원동기,여,58세,경상,승용,여,32세,경상
2016051100100584,2016년 5월 11일 21시,수요일,충청북도 충주시 봉방동,경상사고,0,0,1,0,차대차 - 정면충돌,안전거리미확보,건조,맑음,교차로 - 교차로부근,승용,남,57세,상해없음,이륜,남,35세,경상
2016051100100585,2016년 5월 11일 21시,수요일,충청북도 증평군 증평읍,경상사고,0,0,1,0,차대차 - 기타,안전운전불이행,건조,맑음,단일로 - 기타,승용,남,27세,상해없음,승용,남,30세,경상
2016051100100586,2016년 5월 11일 21시,수요일,충청북도 청주시 서원구 성화동,중상사고,0,1,0,0,차대사람 - 횡단중,기타,건조,맑음,단일로 - 기타,화물,남,61세,상해없음,보행자,남,7세,중상
2016051100100587,2016년 5월 11일 21시,수요일,충청북도 청주시 상당구 금천동,중상사고,0,1,0,0,차대사람 - 횡단중,보행자보호의무위반,건조,맑음,단일로 - 횡단보도상,승용,여,47세,상해없음,보행자,남,55세,중상
2016051100100619,2016년 5월 11일 22시,수요일,충청북도 영동군 영동읍,중상사고,0,1,0,0,차대사람 - 횡단중,안전운전불이행,건조,맑음,교차로 - 교차로안,승용,남,29세,상해없음,보행자,여,70세,중상
2016051100100620,2016년 5월 11일 22시,수요일,충청북도 음성군 대소면,경상사고,0,0,2,0,차대차 - 기타,안전운전불이행,건조,맑음,단일로 - 기타,승용,남,37세,상해없음,승용,여,49세,경상
2016051100100621,2016년 5월 11일 22시,수요일,충청북도 청주시 흥덕구 가경동,경상사고,0,0,1,0,차대차 - 기타,안전운전불이행,건조,맑음,교차로 - 교차로부근,자전거,남,20세,경상,승용,남,20세,상해없음
2016051100100653,2016년 5월 11일 23시,수요일,충청북도 청주시 상당구 탑동,중상사고,0,1,0,0,차대차 - 기타,안전운전불이행,건조,맑음,단일로 - 기타,기타불명,기타불명,기타불명,기타불명,자전거,여,22세,중상
2016051200100015,2016년 5월 12일 00시,목요일,충청북도 제천시 청전동,경상사고,0,0,1,1,차대차 - 추돌,안전운전불이행,건조,기타,교차로 - 교차로부근,승용,남,37세,상해없음,승용,남,47세,부상신고
2016051200100016,2016년 5월 12일 00시,목요일,충청북도 청주시 흥덕구 송정동,경상사고,0,0,3,0,차대차 - 추돌,안전운전불이행,건조,맑음,교차로 - 교차로부근,승용,남,29세,상해없음,승용,남,62세,경상
2016051200100017,2016년 5월 12일 00시,목요일,충청북도 충주시 대소원면,사망사고,1,0,4,0,차대차 - 정면충돌,안전운전불이행,건조,맑음,단일로 - 터널,화물,남,44세,경상,화물,남,50세,사망
2016051200100045,2016년 5월 12일 02시,목요일,충청북도 충주시 연수동,부상신고사고,0,0,0,1,차량단독 - 전도전복,안전운전불이행,건조,맑음,단일로 - 기타,승용,남,35세,부상신고,,,,
2016051200100070,2016년 5월 12일 05시,목요일,충청북도 음성군 맹동면,중상사고,0,2,0,0,차대차 - 추돌,안전운전불이행,건조,흐림,단일로 - 기타,승용,남,50세,중상,농기계,남,66세,중상
2016051200100082,2016년 5월 12일 06시,목요일,충청북도 보은군 삼승면,부상신고사고,0,0,0,2,차량단독 - 전도전복,안전운전불이행,습기,안개,단일로 - 기타,승용,남,75세,부상신고,,,,
2016051200100105,2016년 5월 12일 07시,목요일,충청북도 음성군 감곡면,중상사고,0,1,0,0,차대차 - 측면충돌,교차로운행방법위반,건조,맑음,교차로 - 교차로안,승용,남,65세,상해없음,농기계,남,61세,중상
2016051200100106,2016년 5월 12일 07시,목요일,충청북도 진천군 덕산면,경상사고,0,0,1,0,차대차 - 기타,직진우회전진행방해,건조,맑음,교차로 - 교차로안,승합,여,60세,상해없음,승용,여,42세,상해없음
2016051200100136,2016년 5월 12일 08시,목요일,충청북도 보은군 탄부면,중상사고,0,1,0,0,차대사람 - 횡단중,안전운전불이행,건조,맑음,단일로 - 기타,화물,남,76세,상해없음,보행자,여,76세,중상
2016051200100179,2016년 5월 12일 09시,목요일,충청북도 충주시 성서동,경상사고,0,0,1,0,차대차 - 정면충돌,직진우회전진행방해,건조,맑음,교차로 - 교차로안,승용,여,54세,경상,승합,남,64세,상해없음
2016051200100180,2016년 5월 12일 09시,목요일,충청북도 영동군 영동읍,경상사고,0,0,2,0,차대차 - 측면직각충돌,안전운전불이행,건조,맑음,교차로 - 교차로안,승용,남,66세,상해없음,승용,남,59세,경상
2016051200100208,2016년 5월 12일 10시,목요일,충청북도 충주시 앙성면,경상사고,0,0,1,0,차대차 - 측면충돌,직진우회전진행방해,건조,맑음,교차로 - 교차로안,승용,남,57세,상해없음,승용,여,50세,경상
2016051200100209,2016년 5월 12일 10시,목요일,충청북도 청주시 흥덕구 봉명동,중상사고,0,1,0,0,차량단독 - 기타,안전운전불이행,건조,맑음,단일로 - 기타,승합,남,56세,상해없음,,,,
2016051200100282,2016년 5월 12일 12시,목요일,충청북도 제천시 봉양읍,경상사고,0,0,2,0,차대차 - 추돌,안전운전불이행,건조,맑음,교차로 - 교차로안,화물,남,73세,경상,특수,남,61세,경상
2016051200100301,2016년 5월 12일 13시,목요일,충청북도 청주시 서원구 산남동,경상사고,0,0,2,0,차대차 - 추돌,안전운전불이행,건조,맑음,단일로 - 기타,승용,여,37세,상해없음,승용,남,42세,경상
2016051200100337,2016년 5월 12일 14시,목요일,충청북도 청주시 청원구 내수읍,중상사고,0,1,0,0,차대차 - 기타,안전운전불이행,건조,맑음,교차로 - 교차로안,승용,여,65세,상해없음,화물,남,57세,상해없음