사고번호,사고일시,요일,시군구,사고내용,사망자수,중상자수,경상자수,부상신고자수,사고유형,법규위반,노면상태,기상상태,도로형태,가해운전자 차종,가해운전자 성별,가해운전자 연령,가해운전자 상해정도,피해운전자 차종,피해운전자 성별,피해운전자 연령,피해운전자 상해정도
2016051200100338,2016년 5월 12일 14시,목요일,충청북도 청주시 흥덕구 봉명동,경상사고,0,0,1,0,차대차 - 정면충돌,안전운전불이행,건조,맑음,교차로 - 교차로부근,화물,남,56세,상해없음,승용,남,52세,경상
2016051200100419,2016년 5월 12일 16시,목요일,충청북도 청주시 흥덕구 복대동,경상사고,0,0,1,0,차대차 - 정면충돌,중앙선침범,건조,맑음,단일로 - 기타,승용,여,45세,상해없음,이륜,남,51세,경상
2016051200100469,2016년 5월 12일 17시,목요일,충청북도 충주시 달천동,중상사고,0,1,0,0,차대차 - 정면충돌,차로위반,건조,맑음,교차로 - 교차로안,승용,남,18세,상해없음,화물,남,51세,중상
2016051200100513,2016년 5월 12일 18시,목요일,충청북도 제천시 동현동,중상사고,0,1,0,0,차대차 - 추돌,안전거리미확보,건조,맑음,교차로 - 교차로부근,승용,남,44세,상해없음,승용,여,54세,중상
2016051200100514,2016년 5월 12일 18시,목요일,충청북도 청주시 서원구 현도면,경상사고,0,0,1,0,차대차 - 추돌,안전거리미확보,건조,맑음,교차로 - 교차로부근,건설기계,남,47세,상해없음,승용,남,54세,경상
2016051200100515,2016년 5월 12일 18시,목요일,충청북도 청주시 상당구 영운동,경상사고,0,0,1,0,차대차 - 측면충돌,교차로운행방법위반,건조,맑음,교차로 - 교차로안,승용,남,36세,상해없음,자전거,남,13세,경상
2016051200100551,2016년 5월 12일 19시,목요일,충청북도 제천시 동현동,중상사고,0,1,0,0,차대차 - 측면충돌,안전운전불이행,건조,맑음,교차로 - 교차로부근,승용,남,68세,상해없음,승용,여,40세,중상
2016051200100552,2016년 5월 12일 19시,목요일,충청북도 영동군 영동읍,중상사고,0,1,0,0,차대차 - 기타,안전운전불이행,건조,맑음,단일로 - 기타,승용,남,49세,상해없음,이륜,남,59세,중상
2016051200100586,2016년 5월 12일 20시,목요일,충청북도 음성군 대소면,사망사고,1,0,0,0,차대사람 - 길가장자리구역통행중,안전운전불이행,건조,맑음,단일로 - 기타,승용,남,51세,상해없음,보행자,남,54세,사망
2016051200100614,2016년 5월 12일 21시,목요일,충청북도 음성군 대소면,중상사고,0,1,5,0,차대차 - 측면충돌,교차로운행방법위반,건조,맑음,교차로 - 교차로안,승용,남,29세,경상,승용,남,45세,경상
2016051200100643,2016년 5월 12일 22시,목요일,충청북도 음성군 금왕읍,경상사고,0,0,1,0,차대차 - 기타,안전운전불이행,건조,맑음,교차로 - 교차로안,승용,남,31세,상해없음,승용,남,60세,상해없음
2016051300100014,2016년 5월 13일 00시,금요일,충청북도 충주시 중앙탑면,사망사고,1,0,1,0,차대차 - 기타,안전운전불이행,건조,맑음,단일로 - 기타,화물,남,54세,사망,화물,남,35세,경상
2016051300100028,2016년 5월 13일 01시,금요일,충청북도 충주시 중앙탑면,사망사고,1,0,2,0,차대차 - 추돌,안전거리미확보,건조,맑음,단일로 - 기타,화물,남,58세,사망,화물,남,53세,경상
2016051300100049,2016년 5월 13일 02시,금요일,충청북도 충주시 대소원면,중상사고,0,2,1,0,차대차 - 추돌,안전거리미확보,건조,맑음,단일로 - 기타,화물,남,42세,상해없음,화물,남,39세,중상
2016051300100072,2016년 5월 13일 05시,금요일,충청북도 보은군 장안면,중상사고,0,2,0,0,차대차 - 추돌,안전운전불이행,건조,맑음,단일로 - 기타,화물,남,74세,중상,농기계,남,60세,중상
2016051300100109,2016년 5월 13일 07시,금요일,충청북도 청주시 서원구 사직동,경상사고,0,0,1,0,차대차 - 측면직각충돌,안전운전불이행,건조,맑음,단일로 - 기타,자전거,남,61세,경상,승용,남,58세,상해없음
2016051300100235,2016년 5월 13일 11시,금요일,충청북도 영동군 추풍령면,사망사고,1,0,0,0,차대사람 - 기타,안전운전불이행,건조,맑음,기타 - 기타,승합,남,67세,상해없음,보행자,남,57세,사망
2016051300100255,2016년 5월 13일 12시,금요일,충청북도 청주시 상당구 금천동,중상사고,0,1,0,0,차대사람 - 기타,보행자보호의무위반,건조,맑음,단일로 - 기타,승용,여,45세,상해없음,보행자,여,6세,중상
2016051300100288,2016년 5월 13일 13시,금요일,충청북도 청주시 흥덕구 오송읍,경상사고,0,0,2,0,차대차 - 측면직각충돌,교차로운행방법위반,건조,맑음,교차로 - 교차로안,건설기계,남,41세,경상,승용,남,61세,경상
2016051300100319,2016년 5월 13일 14시,금요일,충청북도 청주시 청원구 주성동,경상사고,0,0,1,0,차대차 - 기타,신호위반,건조,맑음,교차로 - 교차로안,승용,남,54세,상해없음,승용,남,21세,경상
2016051300100320,2016년 5월 13일 14시,금요일,충청북도 충주시 성남동,중상사고,0,1,0,0,차대차 - 측면충돌,직진우회전진행방해,건조,맑음,교차로 - 교차로안,승용,남,54세,상해없음,이륜,남,81세,중상
2016051300100321,2016년 5월 13일 14시,금요일,충청북도 충주시 교현동,경상사고,0,0,1,0,차대차 - 측면충돌,안전운전불이행,건조,맑음,교차로 - 교차로부근,화물,남,53세,상해없음,승용,남,37세,경상
2016051300100411,2016년 5월 13일 16시,금요일,충청북도 제천시 봉양읍,중상사고,0,2,2,0,차대차 - 추돌,안전운전불이행,건조,맑음,교차로 - 교차로부근,기타불명,기타불명,기타불명,기타불명,화물,남,53세,상해없음
2016051300100458,2016년 5월 13일 17시,금요일,충청북도 청주시 청원구 주중동,경상사고,0,0,1,0,차대차 - 측면충돌,신호위반,건조,맑음,교차로 - 교차로안,승용,여,62세,상해없음,승용,남,41세,경상
2016051300100459,2016년 5월 13일 17시,금요일,충청북도 옥천군 옥천읍,중상사고,0,1,1,0,차대차 - 측면직각충돌,안전운전불이행,건조,맑음,교차로 - 교차로부근,승용,남,48세,상해없음,이륜,남,76세,중상
2016051300100505,2016년 5월 13일 18시,금요일,충청북도 청주시 흥덕구 강서동,경상사고,0,0,1,0,차대사람 - 횡단중,안전운전불이행,건조,맑음,교차로 - 교차로안,승용,남,50세,상해없음,보행자,여,51세,경상
2016051300100542,2016년 5월 13일 19시,금요일,충청북도 청주시 청원구 주중동,중상사고,0,1,0,0,차대차 - 측면충돌,신호위반,건조,맑음,교차로 - 교차로안,승용,남,31세,상해없음,이륜,남,57세,중상
2016051300100543,2016년 5월 13일 19시,금요일,충청북도 괴산군 괴산읍,중상사고,0,1,0,0,차대사람 - 기타,불법유턴,건조,맑음,단일로 - 기타,화물,남,55세,상해없음,보행자,여,81세,중상
2016051300100544,2016년 5월 13일 19시,금요일,충청북도 진천군 이월면,중상사고,0,1,1,0,차대차 - 측면충돌,신호위반,건조,맑음,교차로 - 교차로안,승용,남,28세,경상,승용,남,23세,중상
2016051300100578,2016년 5월 13일 20시,금요일,충청북도 단양군 단양읍,중상사고,0,3,1,0,차대차 - 정면충돌,안전거리미확보,건조,맑음,단일로 - 기타,승용,남,66세,중상,화물,남,62세,경상
2016051300100579,2016년 5월 13일 20시,금요일,충청북도 청주시 서원구 산남동,중상사고,0,1,3,0,차대차 - 정면충돌,안전운전불이행,건조,맑음,단일로 - 기타,승용,남,33세,상해없음,승합,남,61세,경상
2016051300100610,2016년 5월 13일 21시,금요일,충청북도 진천군 진천읍,경상사고,0,0,1,0,차대차 - 기타,직진우회전진행방해,건조,맑음,교차로 - 교차로안,승용,남,30세,상해없음,승용,남,49세,경상
2016051300100612,2016년 5월 13일 21시,금요일,충청북도 청주시 청원구 오창읍,경상사고,0,0,4,0,차대차 - 추돌,안전운전불이행,건조,맑음,단일로 - 기타,승용,남,40세,상해없음,승용,남,18세,경상
2016051400100010,2016년 5월 14일 00시,토요일,충청북도 청주시 청원구 사천동,경상사고,0,0,2,0,차대차 - 측면충돌,교차로운행방법위반,건조,맑음,교차로 - 교차로안,승용,여,36세,경상,화물,남,50세,경상
2016051400100011,2016년 5월 14일 00시,토요일,충청북도 청주시 상당구 탑동,경상사고,0,0,2,0,차대차 - 정면충돌,안전운전불이행,건조,맑음,단일로 - 기타,승용,남,52세,상해없음,승용,남,22세,경상
2016051400100056,2016년 5월 14일 02시,토요일,충청북도 진천군 덕산면,경상사고,0,0,1,0,차대차 - 추돌,안전운전불이행,건조,맑음,단일로 - 기타,화물,남,55세,경상,특수,남,53세,상해없음
2016051400100092,2016년 5월 14일 05시,토요일,충청북도 청주시 상당구 영운동,경상사고,0,0,2,0,차대차 - 정면충돌,안전운전불이행,건조,맑음,단일로 - 기타,승용,남,47세,상해없음,승용,남,75세,경상
2016051400100155,2016년 5월 14일 08시,토요일,충청북도 음성군 대소면,중상사고,0,2,2,0,차대차 - 측면충돌,신호위반,건조,맑음,교차로 - 교차로안,승용,남,57세,경상,승용,남,37세,중상
2016051400100156,2016년 5월 14일 08시,토요일,충청북도 청주시 흥덕구 송정동,사망사고,1,0,0,0,차대차 - 측면직각충돌,신호위반,건조,맑음,교차로 - 교차로안,승용,남,34세,상해없음,이륜,남,50세,사망
2016051400100181,2016년 5월 14일 09시,토요일,충청북도 청주시 청원구 율량동,경상사고,0,0,3,0,차대차 - 측면직각충돌,안전운전불이행,건조,맑음,교차로 - 교차로안,승용,여,24세,상해없음,승용,남,68세,상해없음
2016051400100182,2016년 5월 14일 09시,토요일,충청북도 충주시 단월동,중상사고,0,2,0,0,차대차 - 측면충돌,신호위반,건조,맑음,교차로 - 교차로안,승용,남,45세,상해없음,승용,남,58세,중상
2016051400100183,2016년 5월 14일 09시,토요일,충청북도 청주시 흥덕구 비하동,경상사고,0,0,3,0,차대차 - 측면충돌,교차로운행방법위반,건조,맑음,교차로 - 교차로안,승용,여,50세,경상,승용,여,47세,경상
2016051400100214,2016년 5월 14일 10시,토요일,충청북도 충주시 산척면,중상사고,0,2,1,0,차대차 - 측면충돌,기타,건조,맑음,교차로 - 교차로안,승용,여,54세,경상,화물,남,63세,중상
2016051400100215,2016년 5월 14일 10시,토요일,충청북도 충주시 교현동,사망사고,1,0,0,0,차대사람 - 횡단중,보행자보호의무위반,건조,맑음,교차로 - 교차로부근,승용,여,36세,상해없음,보행자,여,59세,사망
2016051400100216,2016년 5월 14일 10시,토요일,충청북도 청주시 흥덕구 송정동,중상사고,0,1,1,0,차대차 - 정면충돌,신호위반,건조,맑음,교차로 - 교차로안,승용,남,57세,상해없음,승용,남,36세,경상
2016051400100253,2016년 5월 14일 11시,토요일,충청북도 옥천군 이원면,중상사고,0,1,0,0,차대사람 - 기타,안전운전불이행,건조,맑음,교차로 - 교차로안,승용,남,46세,상해없음,보행자,남,18세,중상
2016051400100254,2016년 5월 14일 11시,토요일,충청북도 청주시 흥덕구 운천동,경상사고,0,0,2,0,차대차 - 정면충돌,신호위반,건조,맑음,교차로 - 교차로안,승용,여,46세,상해없음,승용,남,28세,경상
2016051400100285,2016년 5월 14일 12시,토요일,충청북도 보은군 탄부면,사망사고,1,0,0,0,차량단독 - 전도전복,안전운전불이행,건조,맑음,단일로 - 기타,이륜,남,74세,사망,,,,
2016051400100286,2016년 5월 14일 12시,토요일,충청북도 청주시 흥덕구 정봉동,경상사고,0,0,1,0,차대차 - 정면충돌,안전운전불이행,건조,맑음,단일로 - 기타,화물,남,55세,기타불명,특수,남,49세,경상
2016051400100325,2016년 5월 14일 13시,토요일,충청북도 음성군 삼성면,중상사고,0,2,0,0,차대차 - 정면충돌,중앙선침범,건조,맑음,단일로 - 기타,화물,남,67세,중상,화물,남,69세,중상
2016051400100363,2016년 5월 14일 14시,토요일,충청북도 충주시 중앙탑면,중상사고,0,1,0,0,차대차 - 측면충돌,중앙선침범,건조,맑음,단일로 - 기타,승용,남,40세,상해없음,이륜,남,60세,중상
2016051400100364,2016년 5월 14일 14시,토요일,충청북도 제천시 의림동,중상사고,0,1,0,0,차대차 - 추돌,안전운전불이행,건조,맑음,단일로 - 기타,승용,남,64세,상해없음,이륜,남,18세,중상
2016051400100365,2016년 5월 14일 14시,토요일,충청북도 영동군 심천면,경상사고,0,0,2,0,차대차 - 추돌,안전운전불이행,건조,맑음,단일로 - 기타,화물,남,70세,상해없음,화물,남,55세,경상
2016051400100406,2016년 5월 14일 15시,토요일,충청북도 단양군 단성면,중상사고,0,2,1,0,차대차 - 정면충돌,직진우회전진행방해,건조,맑음,교차로 - 교차로안,건설기계,남,57세,상해없음,승용,남,34세,중상
2016051400100444,2016년 5월 14일 16시,토요일,충청북도 청주시 상당구 금천동,경상사고,0,0,1,0,차대차 - 측면충돌,안전운전불이행,건조,맑음,교차로 - 교차로부근,화물,남,59세,상해없음,이륜,남,58세,경상
2016051400100475,2016년 5월 14일 17시,토요일,충청북도 청주시 흥덕구 가경동,경상사고,0,0,1,0,차대사람 - 횡단중,안전운전불이행,건조,맑음,단일로 - 기타,승용,여,41세,상해없음,보행자,여,20세,경상
2016051400100541,2016년 5월 14일 19시,토요일,충청북도 청주시 상당구 용정동,경상사고,0,0,2,0,차량단독 - 전도전복,안전운전불이행,건조,맑음,단일로 - 기타,승합,남,69세,경상,,,,
2016051400100575,2016년 5월 14일 20시,토요일,충청북도 청주시 청원구 오창읍,경상사고,0,0,1,0,차대차 - 추돌,안전운전불이행,건조,맑음,단일로 - 기타,화물,남,61세,상해없음,농기계,남,63세,경상
2016051400100576,2016년 5월 14일 20시,토요일,충청북도 충주시 칠금동,경상사고,0,0,2,1,차대차 - 정면충돌,신호위반,건조,맑음,교차로 - 교차로안,승용,여,49세,부상신고,승용,남,31세,경상
2016051400100632,2016년 5월 14일 22시,토요일,충청북도 충주시 칠금동,경상사고,0,0,1,0,차대차 - 정면충돌,안전운전불이행,건조,맑음,교차로 - 교차로부근,승용,여,58세,상해없음,승용,남,32세,경상
2016051400100633,2016년 5월 14일 22시,토요일,충청북도 청주시 서원구 분평동,중상사고,0,1,0,0,차대차 - 측면충돌,신호위반,건조,맑음,교차로 - 교차로부근,승용,남,66세,상해없음,자전거,남,16세,중상
2016051500100037,2016년 5월 15일 02시,일요일,충청북도 청주시 서원구 분평동,중상사고,0,1,0,0,차대사람 - 기타,안전운전불이행,건조,맑음,단일로 - 기타,승합,남,50세,상해없음,보행자,남,47세,중상
2016051500100125,2016년 5월 15일 10시,일요일,충청북도 보은군 산외면,사망사고,1,0,0,0,차량단독 - 전도전복,안전운전불이행,건조,맑음,단일로 - 기타,농기계,남,79세,사망,,,,
2016051500100126,2016년 5월 15일 10시,일요일,충청북도 청주시 흥덕구 비하동,중상사고,0,1,1,0,차대차 - 측면충돌,신호위반,건조,맑음,교차로 - 교차로안,승용,여,48세,상해없음,승용,여,52세,중상
2016051500100166,2016년 5월 15일 12시,일요일,충청북도 괴산군 청천면,중상사고,0,2,0,0,차대차 - 추돌,안전운전불이행,건조,맑음,단일로 - 기타,이륜,남,54세,상해없음,이륜,남,35세,중상
2016051500100190,2016년 5월 15일 13시,일요일,충청북도 청주시 흥덕구 가경동,경상사고,0,0,2,0,차대사람 - 횡단중,보행자보호의무위반,건조,맑음,교차로 - 교차로안,승용,여,40세,상해없음,보행자,여,72세,경상
2016051500100191,2016년 5월 15일 13시,일요일,충청북도 청주시 상당구 용담동,경상사고,0,0,1,0,차대차 - 측면충돌,안전운전불이행,건조,맑음,교차로 - 교차로부근,승용,여,26세,상해없음,승용,남,34세,경상
2016051500100261,2016년 5월 15일 15시,일요일,충청북도 제천시 교동,경상사고,0,0,3,0,차대차 - 추돌,직진우회전진행방해,건조,맑음,교차로 - 교차로안,승용,남,26세,상해없음,승용,남,65세,경상
2016051500100336,2016년 5월 15일 17시,일요일,충청북도 청주시 상당구 북문로2가동,중상사고,0,1,0,0,차대사람 - 기타,안전운전불이행,건조,기타,교차로 - 교차로부근,이륜,남,19세,상해없음,보행자,여,21세,중상
2016051500100365,2016년 5월 15일 18시,일요일,충청북도 충주시 봉방동,중상사고,0,1,0,0,차대차 - 정면충돌,안전운전불이행,건조,맑음,교차로 - 교차로부근,승용,남,30세,상해없음,승용,남,64세,중상
2016051500100366,2016년 5월 15일 18시,일요일,충청북도 충주시 봉방동,경상사고,0,0,1,0,차대사람 - 기타,안전운전불이행,건조,맑음,단일로 - 기타,농기계,남,36세,상해없음,보행자,여,44세,경상
2016051500100367,2016년 5월 15일 18시,일요일,충청북도 음성군 대소면,중상사고,0,1,0,0,차대차 - 측면충돌,신호위반,건조,맑음,교차로 - 교차로안,승용,남,49세,상해없음,승용,여,44세,중상
2016051500100368,2016년 5월 15일 18시,일요일,충청북도 청주시 서원구 모충동,경상사고,0,0,2,0,차대차 - 측면충돌,안전운전불이행,건조,맑음,단일로 - 기타,승용,여,43세,경상,승용,남,24세,경상
2016051500100403,2016년 5월 15일 19시,일요일,충청북도 청주시 흥덕구 가경동,경상사고,0,0,2,0,차대차 - 측면충돌,신호위반,습기,비,교차로 - 교차로안,이륜,남,37세,경상,승용,여,47세,경상
2016051500100404,2016년 5월 15일 19시,일요일,충청북도 청주시 상당구 남일면,경상사고,0,0,6,0,차대차 - 측면충돌,안전운전불이행,습기,비,교차로 - 교차로안,승용,남,41세,상해없음,승용,남,36세,경상
2016051500100437,2016년 5월 15일 20시,일요일,충청북도 청주시 흥덕구 봉명동,경상사고,0,0,1,0,차대차 - 추돌,안전운전불이행,습기,비,교차로 - 교차로부근,승용,남,55세,상해없음,승용,남,20세,경상
2016051500100483,2016년 5월 15일 21시,일요일,충청북도 청주시 청원구 내덕동,경상사고,0,0,1,0,차대사람 - 횡단중,보행자보호의무위반,습기,비,단일로 - 횡단보도상,이륜,남,31세,상해없음,보행자,남,19세,경상
2016051500100484,2016년 5월 15일 21시,일요일,충청북도 청주시 청원구 내덕동,중상사고,0,1,0,0,차대사람 - 횡단중,신호위반,습기,비,교차로 - 교차로부근,승용,남,69세,상해없음,보행자,여,55세,중상
2016051500100485,2016년 5월 15일 21시,일요일,충청북도 진천군 이월면,경상사고,0,0,1,0,차대차 - 기타,안전운전불이행,습기,비,단일로 - 기타,화물,남,51세,상해없음,승용,남,61세,경상
2016051500100523,2016년 5월 15일 22시,일요일,충청북도 청주시 흥덕구 가경동,경상사고,0,0,1,0,차대차 - 추돌,안전운전불이행,습기,비,교차로 - 교차로부근,승용,남,44세,상해없음,승용,남,26세,경상
2016051500100556,2016년 5월 15일 23시,일요일,충청북도 음성군 대소면,중상사고,0,3,0,0,차대사람 - 기타,보행자보호의무위반,습기,비,교차로 - 교차로안,이륜,남,42세,중상,보행자,남,41세,중상
2016051500100557,2016년 5월 15일 23시,일요일,충청북도 청주시 서원구 성화동,중상사고,0,1,1,0,차량단독 - 전도전복,안전운전불이행,습기,비,단일로 - 기타,승용,기타불명,25세,기타불명,,,,
2016051500100558,2016년 5월 15일 23시,일요일,충청북도 청주시 서원구 모충동,경상사고,0,0,2,0,차대차 - 정면충돌,안전운전불이행,건조,맑음,교차로 - 교차로부근,승용,남,31세,상해없음,승용,남,50세,경상
2016051600100007,2016년 5월 16일 00시,월요일,충청북도 청주시 청원구 내수읍,중상사고,0,1,0,0,차대사람 - 횡단중,안전운전불이행,습기,비,교차로 - 교차로안,승용,남,60세,상해없음,보행자,여,62세,중상
2016051600100008,2016년 5월 16일 00시,월요일,충청북도 청주시 청원구 오창읍,중상사고,0,1,0,0,차대사람 - 길가장자리구역통행중,안전운전불이행,습기,비,단일로 - 기타,화물,남,41세,상해없음,보행자,여,42세,중상
2016051600100009,2016년 5월 16일 00시,월요일,충청북도 음성군 금왕읍,경상사고,0,0,1,0,차대차 - 추돌,안전운전불이행,습기,비,단일로 - 기타,승용,여,33세,상해없음,승용,남,37세,경상
2016051600100041,2016년 5월 16일 03시,월요일,충청북도 청주시 흥덕구 가경동,경상사고,0,0,2,0,차대차 - 정면충돌,신호위반,건조,맑음,교차로 - 교차로안,승용,남,60세,상해없음,승용,남,51세,경상
2016051600100113,2016년 5월 16일 08시,월요일,충청북도 충주시 교현동,경상사고,0,0,1,0,차대차 - 정면충돌,기타,건조,맑음,교차로 - 교차로안,승용,남,43세,상해없음,자전거,남,15세,경상
2016051600100156,2016년 5월 16일 09시,월요일,충청북도 영동군 영동읍,중상사고,0,1,0,0,차대차 - 기타,중앙선침범,건조,맑음,단일로 - 기타,화물,남,67세,상해없음,승용,남,74세,상해없음
2016051600100191,2016년 5월 16일 10시,월요일,충청북도 청주시 서원구 사직동,중상사고,0,1,0,0,차대사람 - 횡단중,안전운전불이행,건조,맑음,교차로 - 교차로부근,승용,남,29세,상해없음,보행자,여,69세,중상
2016051600100228,2016년 5월 16일 11시,월요일,충청북도 음성군 삼성면,중상사고,0,1,0,0,차대차 - 기타,교차로운행방법위반,건조,맑음,교차로 - 교차로안,승용,남,70세,상해없음,화물,남,58세,중상
2016051600100229,2016년 5월 16일 11시,월요일,충청북도 음성군 음성읍,경상사고,0,0,2,0,차대차 - 측면충돌,교차로운행방법위반,건조,맑음,교차로 - 교차로안,승용,남,25세,경상,승용,남,73세,상해없음
2016051600100230,2016년 5월 16일 11시,월요일,충청북도 청주시 상당구 용암동,경상사고,0,0,1,0,차대차 - 측면충돌,안전운전불이행,건조,맑음,단일로 - 기타,승용,남,50세,상해없음,승용,남,22세,경상
2016051600100257,2016년 5월 16일 12시,월요일,충청북도 음성군 금왕읍,경상사고,0,0,2,0,차대차 - 추돌,안전운전불이행,건조,맑음,단일로 - 횡단보도부근,승용,여,47세,상해없음,승용,남,50세,경상
2016051600100283,2016년 5월 16일 13시,월요일,충청북도 청주시 흥덕구 신봉동,경상사고,0,0,2,0,차대차 - 추돌,안전운전불이행,건조,맑음,단일로 - 기타,승용,남,27세,상해없음,승용,남,69세,경상
2016051600100284,2016년 5월 16일 13시,월요일,충청북도 청주시 서원구 모충동,중상사고,0,1,0,0,차대차 - 정면충돌,교차로운행방법위반,건조,맑음,교차로 - 교차로안,승용,남,60세,상해없음,이륜,남,35세,중상
2016051600100285,2016년 5월 16일 13시,월요일,충청북도 청주시 서원구 분평동,경상사고,0,0,1,0,차대차 - 정면충돌,안전운전불이행,건조,맑음,교차로 - 교차로부근,승용,여,60세,상해없음,승용,여,33세,경상
2016051600100329,2016년 5월 16일 14시,월요일,충청북도 청주시 서원구 사창동,중상사고,0,1,1,0,차대차 - 추돌,안전운전불이행,건조,맑음,단일로 - 기타,승용,남,33세,상해없음,승용,여,44세,경상
2016051600100330,2016년 5월 16일 14시,월요일,충청북도 영동군 양산면,중상사고,0,1,0,0,차대사람 - 기타,안전운전불이행,건조,맑음,단일로 - 기타,화물,남,65세,상해없음,보행자,여,71세,중상
2016051600100376,2016년 5월 16일 15시,월요일,충청북도 청주시 상당구 용암동,경상사고,0,0,3,0,차대차 - 정면충돌,안전운전불이행,건조,맑음,교차로 - 교차로부근,승용,남,51세,상해없음,승용,남,34세,경상
2016051600100461,2016년 5월 16일 17시,월요일,충청북도 청주시 흥덕구 강서동,경상사고,0,0,1,0,차대차 - 정면충돌,안전운전불이행,건조,맑음,단일로 - 기타,승용,남,23세,상해없음,승용,남,24세,경상
2016051600100462,2016년 5월 16일 17시,월요일,충청북도 청주시 서원구 수곡동,경상사고,0,0,1,0,차대사람 - 횡단중,보행자보호의무위반,건조,맑음,교차로 - 교차로부근,승용,남,44세,상해없음,보행자,여,12세,경상
2016051600100523,2016년 5월 16일 18시,월요일,충청북도 청주시 청원구 율량동,경상사고,0,0,2,0,차대차 - 기타,교차로운행방법위반,건조,맑음,교차로 - 교차로안,승용,남,25세,상해없음,자전거,남,14세,경상
2016051600100524,2016년 5월 16일 18시,월요일,충청북도 청주시 서원구 성화동,경상사고,0,0,1,0,차대차 - 기타,안전운전불이행,건조,맑음,교차로 - 교차로안,승용,여,41세,상해없음,자전거,남,64세,경상
2016051600100553,2016년 5월 16일 19시,월요일,충청북도 진천군 진천읍,경상사고,0,0,1,0,차대사람 - 기타,안전운전불이행,건조,맑음,기타 - 기타,화물,남,45세,상해없음,보행자,남,53세,경상
2016051600100554,2016년 5월 16일 19시,월요일,충청북도 청주시 흥덕구 복대동,중상사고,0,1,0,0,차대차 - 측면직각충돌,안전운전불이행,건조,맑음,교차로 - 교차로안,이륜,남,21세,중상,승용,남,55세,상해없음
2016051600100663,2016년 5월 16일 22시,월요일,충청북도 청주시 서원구 성화동,경상사고,0,0,1,0,차대차 - 정면충돌,안전운전불이행,건조,맑음,교차로 - 교차로안,이륜,남,54세,상해없음,승용,남,57세,경상
2016051700100065,2016년 5월 17일 06시,화요일,충청북도 청주시 청원구 내덕동,중상사고,0,4,1,0,차대차 - 기타,중앙선침범,건조,맑음,단일로 - 기타,승용,남,21세,중상,승용,남,44세,경상
2016051700100066,2016년 5월 17일 06시,화요일,충청북도 청주시 흥덕구 복대동,경상사고,0,0,2,0,차대차 - 측면직각충돌,안전운전불이행,건조,맑음,교차로 - 교차로안,승용,남,46세,경상,승합,여,49세,경상
2016051700100067,2016년 5월 17일 06시,화요일,충청북도 청주시 상당구 금천동,부상신고사고,0,0,0,1,차대차 - 기타,안전운전불이행,건조,맑음,단일로 - 기타,자전거,남,17세,부상신고,승용,남,58세,기타불명
2016051700100084,2016년 5월 17일 07시,화요일,충청북도 청주시 청원구 율량동,경상사고,0,0,1,0,차대차 - 측면충돌,안전거리미확보,건조,맑음,단일로 - 기타,승용,남,28세,상해없음,승합,남,41세,경상
2016051700100230,2016년 5월 17일 11시,화요일,충청북도 충주시 금가면,경상사고,0,0,1,0,차대사람 - 횡단중,안전운전불이행,건조,맑음,교차로 - 교차로부근,승용,남,44세,상해없음,보행자,남,76세,경상
2016051700100231,2016년 5월 17일 11시,화요일,충청북도 청주시 흥덕구 오송읍,경상사고,0,0,2,0,차대차 - 측면직각충돌,안전운전불이행,건조,맑음,단일로 - 기타,건설기계,남,64세,상해없음,승용,여,54세,경상
2016051700100294,2016년 5월 17일 13시,화요일,충청북도 청주시 흥덕구 송정동,부상신고사고,0,0,0,1,차대차 - 측면직각충돌,안전운전불이행,건조,맑음,단일로 - 기타,승용,남,22세,상해없음,승용,여,42세,부상신고
2016051700100329,2016년 5월 17일 14시,화요일,충청북도 보은군 보은읍,경상사고,0,0,1,0,차대차 - 측면직각충돌,교차로운행방법위반,건조,맑음,교차로 - 교차로안,승합,여,58세,상해없음,화물,남,69세,경상
2016051700100330,2016년 5월 17일 14시,화요일,충청북도 청주시 흥덕구 가경동,경상사고,0,0,1,0,차대차 - 측면직각충돌,안전운전불이행,건조,맑음,교차로 - 교차로부근,승용,남,28세,상해없음,이륜,남,22세,경상
2016051700100414,2016년 5월 17일 16시,화요일,충청북도 청주시 흥덕구 가경동,경상사고,0,0,1,0,차대차 - 기타,안전운전불이행,건조,맑음,교차로 - 교차로안,이륜,남,54세,경상,승용,남,48세,상해없음
2016051700100461,2016년 5월 17일 17시,화요일,충청북도 청주시 흥덕구 복대동,경상사고,0,0,1,0,차대차 - 기타,안전운전불이행,건조,맑음,단일로 - 기타,승용,남,69세,상해없음,이륜,남,24세,경상
2016051700100462,2016년 5월 17일 17시,화요일,충청북도 청주시 서원구 남이면,경상사고,0,0,1,0,차대차 - 추돌,안전운전불이행,건조,맑음,단일로 - 기타,승용,남,22세,상해없음,승용,남,52세,경상
2016051700100504,2016년 5월 17일 18시,화요일,충청북도 청주시 청원구 우암동,부상신고사고,0,0,0,1,차대차 - 기타,안전운전불이행,건조,맑음,단일로 - 기타,자전거,남,54세,부상신고,승용,여,52세,기타불명
2016051700100505,2016년 5월 17일 18시,화요일,충청북도 제천시 교동,중상사고,0,1,0,0,차대사람 - 횡단중,안전운전불이행,건조,기타,단일로 - 기타,승용,남,20세,상해없음,보행자,남,16세,중상