사고번호,사고일시,요일,시군구,사고내용,사망자수,중상자수,경상자수,부상신고자수,사고유형,법규위반,노면상태,기상상태,도로형태,가해운전자 차종,가해운전자 성별,가해운전자 연령,가해운전자 상해정도,피해운전자 차종,피해운전자 성별,피해운전자 연령,피해운전자 상해정도
2016051700100529,2016년 5월 17일 19시,화요일,충청북도 청주시 청원구 율량동,중상사고,0,1,1,0,차대차 - 측면직각충돌,안전운전불이행,건조,맑음,교차로 - 교차로안,승용,여,60세,경상,승합,남,42세,중상
2016051700100530,2016년 5월 17일 19시,화요일,충청북도 충주시 용산동,경상사고,0,0,1,0,차대차 - 정면충돌,교차로운행방법위반,건조,맑음,단일로 - 기타,승용,여,43세,상해없음,원동기,남,56세,경상
2016051700100556,2016년 5월 17일 20시,화요일,충청북도 충주시 칠금동,경상사고,0,0,3,0,차대차 - 측면충돌,안전운전불이행,건조,맑음,단일로 - 기타,승용,남,21세,상해없음,승용,남,49세,경상
2016051700100624,2016년 5월 17일 22시,화요일,충청북도 청주시 흥덕구 운천동,경상사고,0,0,1,0,차대사람 - 횡단중,안전운전불이행,건조,맑음,교차로 - 교차로안,승합,남,28세,상해없음,보행자,남,34세,경상
2016051700100625,2016년 5월 17일 22시,화요일,충청북도 청주시 서원구 분평동,경상사고,0,0,1,0,차대차 - 측면충돌,안전운전불이행,건조,맑음,단일로 - 기타,승용,남,58세,상해없음,승용,남,33세,경상
2016051700100645,2016년 5월 17일 23시,화요일,충청북도 충주시 봉방동,경상사고,0,0,1,0,차대차 - 정면충돌,안전운전불이행,건조,맑음,단일로 - 기타,승용,남,32세,상해없음,원동기,남,28세,경상
2016051800100011,2016년 5월 18일 00시,수요일,충청북도 청주시 흥덕구 운천동,경상사고,0,0,1,0,차대사람 - 보도통행중,안전운전불이행,건조,맑음,단일로 - 기타,화물,남,47세,상해없음,보행자,남,48세,경상
2016051800100036,2016년 5월 18일 02시,수요일,충청북도 충주시 교현동,부상신고사고,0,0,0,1,차대차 - 측면충돌,안전운전불이행,건조,맑음,단일로 - 기타,이륜,남,50세,부상신고,화물,남,36세,기타불명
2016051800100046,2016년 5월 18일 03시,수요일,충청북도 청주시 청원구 내덕동,중상사고,0,1,1,0,차대차 - 측면충돌,안전거리미확보,건조,맑음,단일로 - 기타,승용,남,57세,상해없음,이륜,남,19세,경상
2016051800100059,2016년 5월 18일 05시,수요일,충청북도 청주시 서원구 사직동,중상사고,0,1,0,0,차대차 - 측면직각충돌,교차로운행방법위반,건조,맑음,교차로 - 교차로안,화물,여,56세,상해없음,자전거,남,73세,중상
2016051800100060,2016년 5월 18일 05시,수요일,충청북도 청주시 상당구 남일면,경상사고,0,0,1,0,차대차 - 측면충돌,신호위반,건조,맑음,교차로 - 교차로안,승용,남,62세,상해없음,승용,남,41세,경상
2016051800100075,2016년 5월 18일 06시,수요일,충청북도 제천시 화산동,중상사고,0,1,0,0,차대사람 - 횡단중,안전운전불이행,건조,맑음,기타 - 기타,화물,남,39세,상해없음,보행자,여,80세,중상
2016051800100131,2016년 5월 18일 08시,수요일,충청북도 청주시 서원구 모충동,경상사고,0,0,1,0,차대차 - 측면충돌,안전운전불이행,건조,맑음,단일로 - 기타,화물,남,39세,상해없음,승용,여,56세,경상
2016051800100176,2016년 5월 18일 09시,수요일,충청북도 청주시 흥덕구 송정동,경상사고,0,0,1,0,차대차 - 추돌,안전거리미확보,건조,맑음,교차로 - 교차로부근,승용,남,69세,상해없음,승용,남,30세,경상
2016051800100219,2016년 5월 18일 10시,수요일,충청북도 청주시 청원구 외평동,사망사고,1,0,0,0,차대사람 - 기타,안전운전불이행,건조,맑음,미분류 - 미분류,화물,여,56세,상해없음,보행자,남,60세,사망
2016051800100220,2016년 5월 18일 10시,수요일,충청북도 충주시 목행동,중상사고,0,1,0,0,차대차 - 측면충돌,안전운전불이행,건조,맑음,교차로 - 교차로부근,화물,남,56세,상해없음,승용,여,63세,중상
2016051800100221,2016년 5월 18일 10시,수요일,충청북도 제천시 금성면,경상사고,0,0,1,0,차대차 - 측면충돌,안전운전불이행,건조,맑음,단일로 - 기타,승합,남,78세,상해없음,승용,여,44세,경상
2016051800100279,2016년 5월 18일 12시,수요일,충청북도 증평군 증평읍,경상사고,0,0,1,0,차대차 - 측면충돌,안전거리미확보,건조,맑음,단일로 - 기타,화물,남,50세,상해없음,승용,남,80세,경상
2016051800100308,2016년 5월 18일 13시,수요일,충청북도 청주시 흥덕구 옥산면,경상사고,0,0,1,0,차대차 - 추돌,불법유턴,건조,맑음,교차로 - 교차로안,승용,남,52세,상해없음,승용,여,26세,경상
2016051800100344,2016년 5월 18일 14시,수요일,충청북도 청주시 서원구 사창동,중상사고,0,1,0,0,차대차 - 측면직각충돌,안전운전불이행,건조,맑음,교차로 - 교차로부근,이륜,남,34세,상해없음,자전거,여,67세,중상
2016051800100345,2016년 5월 18일 14시,수요일,충청북도 진천군 광혜원면,경상사고,0,0,1,0,차대차 - 측면충돌,안전운전불이행,건조,맑음,교차로 - 교차로부근,승용,남,50세,상해없음,이륜,남,36세,경상
2016051800100376,2016년 5월 18일 15시,수요일,충청북도 청주시 흥덕구 복대동,경상사고,0,0,1,0,차대차 - 추돌,안전운전불이행,건조,맑음,교차로 - 교차로부근,승합,남,53세,상해없음,승용,남,54세,경상
2016051800100417,2016년 5월 18일 16시,수요일,충청북도 제천시 모산동,중상사고,0,2,1,0,차대차 - 측면충돌,신호위반,건조,맑음,교차로 - 교차로안,승용,여,68세,중상,승용,남,23세,중상
2016051800100467,2016년 5월 18일 17시,수요일,충청북도 음성군 원남면,중상사고,0,2,0,0,차대차 - 측면충돌,차로위반,건조,맑음,단일로 - 기타,화물,남,38세,기타불명,승용,남,51세,중상
2016051800100468,2016년 5월 18일 17시,수요일,충청북도 청주시 흥덕구 신전동,중상사고,0,1,0,0,차량단독 - 전도전복,안전운전불이행,건조,맑음,단일로 - 기타,화물,남,48세,중상,,,,
2016051800100512,2016년 5월 18일 18시,수요일,충청북도 청주시 청원구 율량동,경상사고,0,0,1,0,차대사람 - 횡단중,안전운전불이행,건조,맑음,교차로 - 교차로부근,이륜,남,24세,상해없음,보행자,여,7세,경상
2016051800100513,2016년 5월 18일 18시,수요일,충청북도 청주시 상당구 금천동,중상사고,0,2,1,0,차대차 - 측면충돌,신호위반,건조,맑음,교차로 - 교차로안,승합,남,53세,상해없음,승용,남,60세,중상
2016051800100633,2016년 5월 18일 21시,수요일,충청북도 청주시 흥덕구 복대동,경상사고,0,0,1,0,차대차 - 측면충돌,안전운전불이행,건조,맑음,교차로 - 교차로안,승용,남,48세,상해없음,원동기,남,23세,경상
2016051800100685,2016년 5월 18일 23시,수요일,충청북도 단양군 적성면,사망사고,1,0,0,0,차량단독 - 공작물충돌,안전운전불이행,건조,맑음,단일로 - 기타,화물,남,52세,사망,,,,
2016051800100686,2016년 5월 18일 23시,수요일,충청북도 충주시 연수동,경상사고,0,0,1,0,차대차 - 측면충돌,안전운전불이행,건조,맑음,단일로 - 기타,기타불명,기타불명,기타불명,기타불명,승용,남,39세,경상
2016051800100687,2016년 5월 18일 23시,수요일,충청북도 청주시 흥덕구 강서동,경상사고,0,0,3,0,차대차 - 추돌,안전운전불이행,건조,맑음,교차로 - 교차로안,승합,남,58세,상해없음,승용,여,53세,경상
2016051900100018,2016년 5월 19일 01시,목요일,충청북도 충주시 문화동,경상사고,0,0,2,0,차대차 - 측면충돌,안전운전불이행,건조,맑음,단일로 - 기타,승용,남,41세,상해없음,승용,남,22세,경상
2016051900100056,2016년 5월 19일 05시,목요일,충청북도 청주시 청원구 오창읍,중상사고,0,1,1,0,차대차 - 측면충돌,신호위반,건조,맑음,교차로 - 교차로안,이륜,남,53세,중상,승용,남,33세,경상
2016051900100067,2016년 5월 19일 06시,목요일,충청북도 충주시 연수동,경상사고,0,0,1,0,차대차 - 기타,안전운전불이행,건조,맑음,단일로 - 기타,승용,여,70세,상해없음,승용,남,56세,경상
2016051900100082,2016년 5월 19일 07시,목요일,충청북도 청주시 청원구 오창읍,경상사고,0,0,2,0,차대차 - 기타,신호위반,건조,맑음,교차로 - 교차로안,승용,남,63세,상해없음,승용,여,47세,경상
2016051900100083,2016년 5월 19일 07시,목요일,충청북도 음성군 대소면,경상사고,0,0,1,0,차대차 - 정면충돌,신호위반,건조,맑음,교차로 - 교차로안,승용,남,72세,상해없음,승용,남,32세,경상
2016051900100086,2016년 5월 19일 07시,목요일,충청북도 청주시 서원구 남이면,중상사고,0,2,0,0,차대차 - 추돌,안전운전불이행,건조,맑음,단일로 - 기타,승용,남,27세,상해없음,화물,남,47세,중상
2016051900100123,2016년 5월 19일 08시,목요일,충청북도 영동군 영동읍,중상사고,0,1,0,0,차대사람 - 횡단중,신호위반,건조,맑음,교차로 - 교차로안,승용,여,53세,상해없음,보행자,여,8세,중상
2016051900100124,2016년 5월 19일 08시,목요일,충청북도 진천군 진천읍,중상사고,0,1,0,0,차대사람 - 횡단중,중앙선침범,건조,맑음,단일로 - 기타,승용,여,47세,상해없음,보행자,여,73세,중상
2016051900100125,2016년 5월 19일 08시,목요일,충청북도 청주시 흥덕구 가경동,부상신고사고,0,0,0,1,차대차 - 측면충돌,안전운전불이행,건조,맑음,단일로 - 기타,원동기,남,16세,부상신고,승용,여,39세,상해없음
2016051900100126,2016년 5월 19일 08시,목요일,충청북도 청주시 서원구 개신동,경상사고,0,0,1,0,차대차 - 기타,안전운전불이행,건조,맑음,단일로 - 기타,승용,여,31세,상해없음,자전거,남,59세,경상
2016051900100127,2016년 5월 19일 08시,목요일,충청북도 청주시 서원구 모충동,중상사고,0,1,0,0,차대차 - 정면충돌,안전운전불이행,건조,맑음,단일로 - 기타,화물,남,52세,상해없음,자전거,남,14세,중상
2016051900100220,2016년 5월 19일 11시,목요일,충청북도 청주시 흥덕구 복대동,경상사고,0,0,2,0,차대차 - 정면충돌,안전운전불이행,건조,맑음,단일로 - 기타,승합,남,55세,상해없음,승용,남,53세,경상
2016051900100246,2016년 5월 19일 12시,목요일,충청북도 청주시 청원구 오창읍,경상사고,0,0,4,0,차대차 - 측면직각충돌,안전운전불이행,건조,맑음,교차로 - 교차로안,승용,여,36세,경상,승용,남,47세,경상
2016051900100276,2016년 5월 19일 13시,목요일,충청북도 청주시 흥덕구 강내면,경상사고,0,0,1,0,차대차 - 추돌,안전운전불이행,건조,맑음,교차로 - 교차로안,승용,남,68세,상해없음,승용,여,25세,경상
2016051900100312,2016년 5월 19일 14시,목요일,충청북도 괴산군 청천면,중상사고,0,1,1,0,차량단독 - 전도전복,안전운전불이행,건조,맑음,단일로 - 기타,승용,남,48세,경상,,,,
2016051900100313,2016년 5월 19일 14시,목요일,충청북도 보은군 삼승면,경상사고,0,0,1,0,차대차 - 측면충돌,교차로운행방법위반,건조,맑음,교차로 - 교차로안,이륜,남,76세,경상,승용,여,53세,상해없음
2016051900100314,2016년 5월 19일 14시,목요일,충청북도 옥천군 옥천읍,중상사고,0,1,1,0,차대차 - 측면충돌,직진우회전진행방해,건조,맑음,교차로 - 교차로안,승용,남,48세,상해없음,원동기,남,66세,경상
2016051900100315,2016년 5월 19일 14시,목요일,충청북도 진천군 덕산면,경상사고,0,0,1,0,차대차 - 정면충돌,중앙선침범,건조,맑음,교차로 - 교차로부근,승용,남,34세,상해없음,승용,남,39세,경상
2016051900100358,2016년 5월 19일 15시,목요일,충청북도 청주시 흥덕구 강서동,중상사고,0,1,0,0,차대차 - 정면충돌,교차로운행방법위반,건조,맑음,교차로 - 교차로안,승용,여,39세,상해없음,자전거,남,17세,중상
2016051900100403,2016년 5월 19일 16시,목요일,충청북도 충주시 산척면,경상사고,0,0,1,0,차대차 - 측면충돌,안전운전불이행,건조,맑음,단일로 - 기타,승용,여,40세,상해없음,원동기,여,57세,경상
2016051900100404,2016년 5월 19일 16시,목요일,충청북도 진천군 진천읍,중상사고,0,1,0,0,차대사람 - 횡단중,보행자보호의무위반,건조,맑음,교차로 - 교차로안,승합,여,60세,상해없음,보행자,여,6세,중상
2016051900100446,2016년 5월 19일 17시,목요일,충청북도 청주시 상당구 미원면,중상사고,0,2,0,0,차대차 - 측면충돌,교차로운행방법위반,건조,맑음,교차로 - 교차로안,승용,남,44세,상해없음,승용,남,58세,중상
2016051900100447,2016년 5월 19일 17시,목요일,충청북도 청주시 서원구 수곡동,경상사고,0,0,1,0,차대차 - 측면충돌,안전운전불이행,건조,맑음,교차로 - 교차로부근,기타불명,기타불명,기타불명,기타불명,자전거,남,14세,경상
2016051900100483,2016년 5월 19일 18시,목요일,충청북도 증평군 증평읍,경상사고,0,0,1,0,차대차 - 측면직각충돌,신호위반,건조,맑음,교차로 - 교차로안,승용,남,53세,상해없음,승용,남,55세,경상
2016051900100484,2016년 5월 19일 18시,목요일,충청북도 증평군 도안면,경상사고,0,0,1,0,차대차 - 기타,안전운전불이행,건조,맑음,단일로 - 기타,승용,남,69세,상해없음,자전거,남,64세,경상
2016051900100485,2016년 5월 19일 18시,목요일,충청북도 진천군 초평면,경상사고,0,0,1,0,차량단독 - 전도전복,안전운전불이행,건조,맑음,단일로 - 기타,이륜,남,76세,경상,,,,
2016051900100486,2016년 5월 19일 18시,목요일,충청북도 청주시 흥덕구 가경동,경상사고,0,0,1,0,차대차 - 정면충돌,중앙선침범,건조,맑음,교차로 - 교차로부근,승용,남,60세,상해없음,원동기,남,18세,경상
2016051900100553,2016년 5월 19일 20시,목요일,충청북도 청주시 청원구 내덕동,경상사고,0,0,1,0,차대차 - 기타,안전운전불이행,건조,맑음,교차로 - 교차로안,승용,여,50세,상해없음,자전거,남,77세,경상
2016051900100554,2016년 5월 19일 20시,목요일,충청북도 청주시 서원구 남이면,경상사고,0,0,1,0,차대차 - 측면충돌,안전운전불이행,건조,맑음,교차로 - 교차로부근,승용,남,52세,상해없음,승용,남,28세,경상
2016052000100007,2016년 5월 20일 00시,금요일,충청북도 음성군 대소면,경상사고,0,0,1,0,차대차 - 측면충돌,교차로운행방법위반,기타,맑음,교차로 - 교차로안,승용,여,21세,경상,승용,남,41세,상해없음
2016052000100024,2016년 5월 20일 01시,금요일,충청북도 충주시 주덕읍,부상신고사고,0,0,0,1,차량단독 - 전도전복,안전운전불이행,건조,맑음,단일로 - 기타,승용,남,33세,부상신고,,,,
2016052000100033,2016년 5월 20일 02시,금요일,충청북도 청주시 흥덕구 봉명동,경상사고,0,0,1,1,차대차 - 정면충돌,교차로운행방법위반,건조,맑음,교차로 - 교차로안,승용,남,29세,부상신고,승용,남,45세,경상
2016052000100039,2016년 5월 20일 03시,금요일,충청북도 청주시 청원구 주중동,경상사고,0,0,2,0,차대차 - 추돌,안전운전불이행,건조,맑음,교차로 - 교차로부근,승용,여,40세,상해없음,화물,남,61세,경상
2016052000100070,2016년 5월 20일 06시,금요일,충청북도 청주시 흥덕구 송정동,중상사고,0,1,0,0,차량단독 - 공작물충돌,안전운전불이행,건조,맑음,단일로 - 기타,승합,남,37세,중상,,,,
2016052000100086,2016년 5월 20일 07시,금요일,충청북도 청주시 청원구 내덕동,경상사고,0,0,1,0,차대사람 - 횡단중,신호위반,건조,맑음,교차로 - 교차로부근,승합,남,53세,기타불명,보행자,여,15세,경상
2016052000100087,2016년 5월 20일 07시,금요일,충청북도 충주시 주덕읍,경상사고,0,0,1,0,차대차 - 측면충돌,안전운전불이행,건조,맑음,교차로 - 교차로부근,승합,남,51세,상해없음,승합,남,52세,경상
2016052000100134,2016년 5월 20일 08시,금요일,충청북도 충주시 대소원면,경상사고,0,0,1,0,차대차 - 측면충돌,안전운전불이행,건조,맑음,단일로 - 기타,건설기계,남,50세,상해없음,승용,여,40세,경상
2016052000100135,2016년 5월 20일 08시,금요일,충청북도 제천시 장락동,경상사고,0,0,1,0,차대사람 - 기타,안전운전불이행,건조,맑음,교차로 - 교차로안,승용,여,42세,상해없음,보행자,남,44세,경상
2016052000100136,2016년 5월 20일 08시,금요일,충청북도 옥천군 이원면,중상사고,0,1,0,0,차대차 - 정면충돌,중앙선침범,건조,맑음,단일로 - 기타,화물,남,73세,상해없음,승용,여,32세,중상
2016052000100137,2016년 5월 20일 08시,금요일,충청북도 청주시 흥덕구 가경동,경상사고,0,0,1,0,차대차 - 정면충돌,안전운전불이행,건조,맑음,교차로 - 교차로부근,승합,남,51세,상해없음,자전거,남,26세,경상
2016052000100172,2016년 5월 20일 09시,금요일,충청북도 청주시 상당구 영동,중상사고,0,1,0,0,차대차 - 기타,교차로운행방법위반,건조,맑음,교차로 - 교차로안,승용,남,62세,상해없음,자전거,남,30세,중상
2016052000100204,2016년 5월 20일 10시,금요일,충청북도 제천시 강제동,경상사고,0,0,1,0,차대차 - 추돌,안전운전불이행,건조,맑음,교차로 - 교차로안,특수,남,52세,상해없음,화물,남,35세,경상
2016052000100205,2016년 5월 20일 10시,금요일,충청북도 청주시 흥덕구 복대동,경상사고,0,0,1,0,차대차 - 기타,기타,건조,맑음,단일로 - 기타,승용,남,50세,상해없음,이륜,남,45세,경상
2016052000100233,2016년 5월 20일 11시,금요일,충청북도 청주시 서원구 현도면,경상사고,0,0,2,0,차대차 - 측면직각충돌,신호위반,건조,맑음,교차로 - 교차로안,승용,여,33세,상해없음,화물,남,66세,경상
2016052000100234,2016년 5월 20일 11시,금요일,충청북도 청주시 상당구 산성동,중상사고,0,1,0,0,차대차 - 정면충돌,안전운전불이행,건조,맑음,단일로 - 기타,승합,남,73세,상해없음,승용,남,49세,중상
2016052000100367,2016년 5월 20일 15시,금요일,충청북도 괴산군 괴산읍,경상사고,0,0,1,0,차대차 - 기타,안전운전불이행,건조,맑음,단일로 - 기타,이륜,여,35세,경상,화물,남,68세,상해없음
2016052000100368,2016년 5월 20일 15시,금요일,충청북도 청주시 서원구 남이면,경상사고,0,0,3,0,차대차 - 측면직각충돌,신호위반,건조,맑음,교차로 - 교차로안,승용,여,38세,경상,승용,남,46세,경상
2016052000100369,2016년 5월 20일 15시,금요일,충청북도 청주시 서원구 모충동,경상사고,0,0,1,0,차대사람 - 횡단중,교차로운행방법위반,건조,맑음,교차로 - 교차로안,승용,남,56세,상해없음,보행자,남,41세,경상
2016052000100409,2016년 5월 20일 16시,금요일,충청북도 청주시 청원구 주성동,경상사고,0,0,5,0,차대차 - 정면충돌,안전운전불이행,건조,맑음,교차로 - 교차로부근,승용,여,21세,상해없음,승용,남,36세,경상
2016052000100454,2016년 5월 20일 17시,금요일,충청북도 진천군 이월면,경상사고,0,0,1,0,차대차 - 추돌,차로위반,건조,맑음,교차로 - 교차로부근,승용,남,46세,기타불명,승용,여,40세,경상
2016052000100504,2016년 5월 20일 18시,금요일,충청북도 청주시 청원구 우암동,중상사고,0,1,0,0,차대차 - 측면직각충돌,교차로운행방법위반,건조,맑음,교차로 - 교차로안,승용,남,46세,상해없음,승용,여,20세,중상
2016052000100505,2016년 5월 20일 18시,금요일,충청북도 청주시 흥덕구 가경동,경상사고,0,0,1,0,차대차 - 정면충돌,교차로운행방법위반,건조,맑음,교차로 - 교차로안,승용,남,50세,상해없음,승용,남,49세,경상
2016052000100506,2016년 5월 20일 18시,금요일,충청북도 청주시 상당구 용암동,경상사고,0,0,1,0,차대차 - 기타,안전운전불이행,건조,맑음,교차로 - 교차로안,승용,남,48세,기타불명,승용,남,41세,경상
2016052000100552,2016년 5월 20일 19시,금요일,충청북도 청주시 청원구 율량동,부상신고사고,0,0,0,1,차대차 - 측면충돌,안전운전불이행,건조,맑음,단일로 - 기타,이륜,남,16세,부상신고,화물,남,70세,상해없음
2016052000100588,2016년 5월 20일 20시,금요일,충청북도 청주시 서원구 사직동,경상사고,0,0,3,0,차대차 - 정면충돌,중앙선침범,건조,맑음,단일로 - 기타,화물,남,46세,상해없음,승용,남,33세,경상
2016052000100589,2016년 5월 20일 20시,금요일,충청북도 청주시 상당구 금천동,경상사고,0,0,1,0,차대차 - 측면충돌,안전운전불이행,건조,맑음,교차로 - 교차로부근,이륜,남,22세,경상,승용,남,36세,상해없음
2016052000100590,2016년 5월 20일 20시,금요일,충청북도 청주시 서원구 산남동,부상신고사고,0,0,0,1,차대차 - 측면충돌,안전운전불이행,건조,맑음,단일로 - 기타,이륜,남,19세,부상신고,승용,남,35세,상해없음
2016052000100633,2016년 5월 20일 21시,금요일,충청북도 진천군 덕산면,중상사고,0,1,0,0,차대사람 - 횡단중,안전운전불이행,건조,맑음,교차로 - 교차로부근,승용,남,35세,상해없음,보행자,남,55세,중상
2016052000100695,2016년 5월 20일 23시,금요일,충청북도 청주시 흥덕구 강서동,경상사고,0,0,1,0,차대차 - 정면충돌,중앙선침범,건조,맑음,교차로 - 교차로부근,승용,남,26세,상해없음,승용,남,63세,경상
2016052100100023,2016년 5월 21일 01시,토요일,충청북도 청주시 흥덕구 복대동,경상사고,0,0,1,0,차대사람 - 횡단중,안전운전불이행,건조,맑음,기타 - 기타,기타불명,기타불명,기타불명,기타불명,보행자,남,24세,경상
2016052100100044,2016년 5월 21일 02시,토요일,충청북도 진천군 광혜원면,중상사고,0,1,1,0,차대차 - 추돌,안전운전불이행,건조,맑음,단일로 - 기타,승용,남,27세,경상,승용,남,29세,상해없음
2016052100100066,2016년 5월 21일 04시,토요일,충청북도 진천군 진천읍,중상사고,0,2,1,0,차량단독 - 전도전복,안전운전불이행,건조,맑음,교차로 - 교차로부근,승용,남,24세,경상,,,,
2016052100100119,2016년 5월 21일 08시,토요일,충청북도 괴산군 칠성면,경상사고,0,0,1,0,차대차 - 기타,교차로운행방법위반,건조,맑음,교차로 - 교차로안,화물,남,58세,상해없음,승용,여,48세,경상
2016052100100120,2016년 5월 21일 08시,토요일,충청북도 청주시 흥덕구 지동동,경상사고,0,0,1,0,차대차 - 기타,안전거리미확보,건조,맑음,단일로 - 기타,승용,여,25세,기타불명,승용,여,25세,경상
2016052100100162,2016년 5월 21일 09시,토요일,충청북도 제천시 영천동,경상사고,0,0,2,0,차대차 - 추돌,신호위반,건조,맑음,교차로 - 교차로안,승용,남,84세,경상,승용,남,66세,경상
2016052100100163,2016년 5월 21일 09시,토요일,충청북도 청주시 상당구 용암동,경상사고,0,0,1,0,차대차 - 기타,안전운전불이행,건조,맑음,교차로 - 교차로부근,기타불명,기타불명,기타불명,기타불명,이륜,남,19세,경상
2016052100100164,2016년 5월 21일 09시,토요일,충청북도 청주시 상당구 문화동,부상신고사고,0,0,0,1,차대차 - 정면충돌,안전운전불이행,건조,맑음,교차로 - 교차로부근,이륜,남,59세,부상신고,승용,남,46세,상해없음
2016052100100242,2016년 5월 21일 11시,토요일,충청북도 충주시 금릉동,중상사고,0,1,0,0,차대사람 - 횡단중,안전운전불이행,건조,맑음,단일로 - 기타,기타불명,기타불명,21세,기타불명,보행자,여,5세,중상
2016052100100243,2016년 5월 21일 11시,토요일,충청북도 제천시 청전동,경상사고,0,0,1,0,차대차 - 추돌,안전운전불이행,건조,맑음,교차로 - 교차로부근,승용,여,42세,상해없음,승용,여,37세,상해없음
2016052100100244,2016년 5월 21일 11시,토요일,충청북도 청주시 흥덕구 강내면,경상사고,0,0,4,0,차대차 - 정면충돌,안전운전불이행,건조,맑음,교차로 - 교차로부근,승용,남,49세,상해없음,승용,남,32세,경상
2016052100100245,2016년 5월 21일 11시,토요일,충청북도 청주시 상당구 지북동,경상사고,0,0,2,0,차대차 - 추돌,안전운전불이행,건조,맑음,교차로 - 교차로부근,승용,여,66세,상해없음,승용,남,28세,경상
2016052100100282,2016년 5월 21일 12시,토요일,충청북도 청주시 서원구 수곡동,경상사고,0,0,1,0,차대차 - 정면충돌,안전운전불이행,건조,맑음,단일로 - 기타,승용,여,38세,상해없음,이륜,남,50세,경상
2016052100100313,2016년 5월 21일 13시,토요일,충청북도 청주시 서원구 사창동,경상사고,0,0,2,0,차대차 - 기타,안전거리미확보,건조,맑음,단일로 - 기타,화물,남,34세,기타불명,승용,남,41세,경상
2016052100100314,2016년 5월 21일 13시,토요일,충청북도 충주시 칠금동,경상사고,0,0,1,0,차대차 - 측면충돌,안전운전불이행,건조,맑음,단일로 - 기타,승용,여,46세,상해없음,자전거,남,14세,경상
2016052100100315,2016년 5월 21일 13시,토요일,충청북도 청주시 서원구 개신동,중상사고,0,1,0,0,차대사람 - 횡단중,보행자보호의무위반,건조,맑음,단일로 - 횡단보도상,승용,여,41세,상해없음,보행자,남,8세,중상
2016052100100316,2016년 5월 21일 13시,토요일,충청북도 청주시 흥덕구 신성동,경상사고,0,0,1,0,차대차 - 측면직각충돌,안전운전불이행,건조,맑음,교차로 - 교차로안,승용,여,33세,상해없음,화물,남,53세,경상
2016052100100317,2016년 5월 21일 13시,토요일,충청북도 청주시 서원구 수곡동,경상사고,0,0,1,0,차대차 - 기타,안전운전불이행,건조,맑음,단일로 - 기타,승용,남,55세,상해없음,승용,남,25세,경상
2016052100100405,2016년 5월 21일 15시,토요일,충청북도 청주시 청원구 주중동,경상사고,0,0,2,0,차대차 - 측면충돌,안전운전불이행,건조,맑음,단일로 - 기타,승용,남,65세,경상,승용,남,30세,경상
2016052100100406,2016년 5월 21일 15시,토요일,충청북도 증평군 증평읍,경상사고,0,0,2,0,차대차 - 정면충돌,안전운전불이행,건조,맑음,단일로 - 기타,승용,여,47세,상해없음,승용,남,36세,상해없음
2016052100100407,2016년 5월 21일 15시,토요일,충청북도 청주시 서원구 남이면,경상사고,0,0,1,0,차량단독 - 기타,안전운전불이행,건조,맑음,단일로 - 기타,승합,남,61세,상해없음,,,,
2016052100100408,2016년 5월 21일 15시,토요일,충청북도 청주시 상당구 운동동,부상신고사고,0,0,0,1,차대차 - 정면충돌,안전운전불이행,건조,맑음,교차로 - 교차로부근,승용,남,57세,상해없음,승용,남,63세,부상신고
2016052100100472,2016년 5월 21일 17시,토요일,충청북도 청주시 흥덕구 가경동,경상사고,0,0,1,0,차대차 - 정면충돌,신호위반,건조,맑음,교차로 - 교차로안,승합,남,64세,상해없음,이륜,남,29세,경상
2016052100100545,2016년 5월 21일 19시,토요일,충청북도 충주시 성내동,부상신고사고,0,0,0,1,차대차 - 기타,직진우회전진행방해,건조,맑음,교차로 - 교차로안,원동기,여,32세,부상신고,승용,남,49세,상해없음
2016052100100546,2016년 5월 21일 19시,토요일,충청북도 청주시 흥덕구 오송읍,중상사고,0,1,0,0,차대사람 - 횡단중,신호위반,건조,맑음,단일로 - 횡단보도상,승용,남,27세,상해없음,보행자,여,18세,중상
2016052100100547,2016년 5월 21일 19시,토요일,충청북도 청주시 상당구 영운동,경상사고,0,0,1,0,차대차 - 측면충돌,신호위반,건조,맑음,교차로 - 교차로안,이륜,남,56세,경상,승용,여,29세,상해없음
2016052100100548,2016년 5월 21일 19시,토요일,충청북도 청주시 상당구 남일면,경상사고,0,0,2,0,차대차 - 측면충돌,교차로운행방법위반,건조,맑음,교차로 - 교차로안,화물,남,74세,상해없음,화물,남,58세,경상
2016052100100572,2016년 5월 21일 20시,토요일,충청북도 단양군 단양읍,경상사고,0,0,1,0,차대사람 - 횡단중,보행자보호의무위반,건조,맑음,단일로 - 기타,승용,남,59세,상해없음,보행자,여,8세,경상
2016052100100609,2016년 5월 21일 21시,토요일,충청북도 충주시 성남동,경상사고,0,0,1,0,차대차 - 측면충돌,신호위반,건조,맑음,교차로 - 교차로부근,승용,남,18세,상해없음,자전거,남,55세,경상
2016052100100610,2016년 5월 21일 21시,토요일,충청북도 청주시 서원구 산남동,경상사고,0,0,2,0,차대차 - 정면충돌,안전운전불이행,건조,맑음,교차로 - 교차로안,승용,여,62세,경상,승용,남,47세,경상
2016052100100640,2016년 5월 21일 22시,토요일,충청북도 청주시 흥덕구 복대동,경상사고,0,0,1,0,차대차 - 기타,안전운전불이행,건조,맑음,단일로 - 기타,승용,남,23세,상해없음,승용,남,23세,경상
2016052200100010,2016년 5월 22일 00시,일요일,충청북도 청주시 흥덕구 가경동,경상사고,0,0,2,0,차대차 - 추돌,안전운전불이행,건조,맑음,교차로 - 교차로부근,승용,남,25세,상해없음,승용,남,31세,경상