사고번호,사고일시,요일,시군구,사고내용,사망자수,중상자수,경상자수,부상신고자수,사고유형,법규위반,노면상태,기상상태,도로형태,가해운전자 차종,가해운전자 성별,가해운전자 연령,가해운전자 상해정도,피해운전자 차종,피해운전자 성별,피해운전자 연령,피해운전자 상해정도
2016052200100011,2016년 5월 22일 00시,일요일,충청북도 청주시 흥덕구 복대동,경상사고,0,0,1,0,차대사람 - 횡단중,보행자보호의무위반,건조,맑음,교차로 - 교차로부근,승용,남,58세,기타불명,보행자,남,46세,경상
2016052200100012,2016년 5월 22일 00시,일요일,충청북도 청주시 상당구 용담동,경상사고,0,0,1,0,차대차 - 정면충돌,교차로운행방법위반,건조,맑음,교차로 - 교차로안,승용,남,58세,상해없음,승용,남,44세,경상
2016052200100050,2016년 5월 22일 02시,일요일,충청북도 청주시 흥덕구 복대동,중상사고,0,1,0,0,차량단독 - 기타,안전운전불이행,건조,맑음,단일로 - 기타,자전거,남,23세,중상,,,,
2016052200100076,2016년 5월 22일 04시,일요일,충청북도 청주시 상당구 북문로1가동,중상사고,0,1,2,0,차대차 - 정면충돌,안전운전불이행,건조,맑음,단일로 - 기타,승용,남,32세,상해없음,승용,남,60세,중상
2016052200100107,2016년 5월 22일 06시,일요일,충청북도 음성군 대소면,경상사고,0,0,1,0,차대차 - 추돌,중앙선침범,건조,맑음,단일로 - 기타,승용,남,33세,상해없음,이륜,남,74세,경상
2016052200100134,2016년 5월 22일 08시,일요일,충청북도 음성군 대소면,경상사고,0,0,1,0,차대차 - 측면충돌,안전운전불이행,건조,맑음,기타 - 기타,이륜,남,49세,경상,승용,남,69세,상해없음
2016052200100156,2016년 5월 22일 09시,일요일,충청북도 청주시 흥덕구 복대동,경상사고,0,0,1,0,차량단독 - 공작물충돌,안전운전불이행,건조,맑음,교차로 - 교차로부근,승용,여,24세,경상,,,,
2016052200100157,2016년 5월 22일 09시,일요일,충청북도 청주시 서원구 성화동,경상사고,0,0,1,0,차대사람 - 횡단중,안전운전불이행,건조,맑음,단일로 - 기타,승합,여,60세,기타불명,보행자,남,40세,경상
2016052200100273,2016년 5월 22일 13시,일요일,충청북도 충주시 주덕읍,경상사고,0,0,3,0,차대차 - 측면충돌,신호위반,건조,맑음,교차로 - 교차로안,승용,남,28세,경상,승용,남,55세,경상
2016052200100274,2016년 5월 22일 13시,일요일,충청북도 괴산군 연풍면,중상사고,0,4,0,1,차대차 - 추돌,안전운전불이행,건조,맑음,단일로 - 터널,승용,남,34세,상해없음,승용,남,67세,중상
2016052200100275,2016년 5월 22일 13시,일요일,충청북도 음성군 음성읍,사망사고,1,0,0,0,차량단독 - 전도전복,안전운전불이행,건조,맑음,단일로 - 기타,화물,남,70세,사망,,,,
2016052200100276,2016년 5월 22일 13시,일요일,충청북도 음성군 맹동면,중상사고,0,1,1,0,차대차 - 측면충돌,신호위반,건조,맑음,교차로 - 교차로안,승용,남,38세,상해없음,승용,남,50세,상해없음
2016052200100297,2016년 5월 22일 14시,일요일,충청북도 제천시 청전동,중상사고,0,1,0,0,차대사람 - 횡단중,보행자보호의무위반,건조,맑음,교차로 - 교차로안,승용,남,57세,상해없음,보행자,여,66세,중상
2016052200100298,2016년 5월 22일 14시,일요일,충청북도 음성군 생극면,사망사고,1,0,0,0,차대차 - 추돌,중앙선침범,건조,맑음,단일로 - 기타,승용,여,55세,상해없음,이륜,남,64세,사망
2016052200100327,2016년 5월 22일 15시,일요일,충청북도 청주시 상당구 용암동,경상사고,0,0,2,0,차대차 - 정면충돌,안전운전불이행,건조,맑음,교차로 - 교차로부근,승용,남,48세,상해없음,승용,여,35세,경상
2016052200100362,2016년 5월 22일 16시,일요일,충청북도 진천군 진천읍,경상사고,0,0,1,0,차대차 - 정면충돌,중앙선침범,건조,맑음,단일로 - 기타,농기계,남,66세,경상,승용,여,59세,상해없음
2016052200100385,2016년 5월 22일 17시,일요일,충청북도 음성군 대소면,경상사고,0,0,2,0,차대차 - 측면충돌,신호위반,건조,맑음,교차로 - 교차로안,승용,남,42세,상해없음,화물,남,58세,경상
2016052200100386,2016년 5월 22일 17시,일요일,충청북도 청주시 상당구 금천동,경상사고,0,0,1,0,차대사람 - 횡단중,신호위반,건조,맑음,교차로 - 교차로부근,이륜,남,16세,상해없음,보행자,남,10세,경상
2016052200100431,2016년 5월 22일 18시,일요일,충청북도 충주시 단월동,부상신고사고,0,0,0,1,차대차 - 측면충돌,안전운전불이행,건조,맑음,교차로 - 교차로부근,자전거,남,12세,부상신고,이륜,남,47세,상해없음
2016052200100432,2016년 5월 22일 18시,일요일,충청북도 제천시 청전동,중상사고,0,1,0,0,차대차 - 측면충돌,불법유턴,건조,맑음,단일로 - 기타,승용,남,40세,상해없음,승용,남,61세,중상
2016052200100465,2016년 5월 22일 19시,일요일,충청북도 증평군 증평읍,경상사고,0,0,6,0,차대차 - 측면충돌,안전거리미확보,건조,맑음,교차로 - 교차로안,승용,여,39세,상해없음,승용,남,49세,경상
2016052200100492,2016년 5월 22일 20시,일요일,충청북도 청주시 청원구 사천동,경상사고,0,0,1,0,차대차 - 기타,안전운전불이행,건조,맑음,교차로 - 교차로안,승용,여,32세,상해없음,승용,남,50세,상해없음
2016052200100493,2016년 5월 22일 20시,일요일,충청북도 청주시 서원구 사직동,경상사고,0,0,1,0,차대차 - 기타,안전운전불이행,건조,맑음,단일로 - 기타,승용,남,21세,상해없음,승용,여,23세,경상
2016052200100496,2016년 5월 22일 20시,일요일,충청북도 영동군 용산면,경상사고,0,0,4,0,차대차 - 정면충돌,안전운전불이행,건조,맑음,기타 - 기타,승합,남,48세,상해없음,승합,남,44세,경상
2016052200100509,2016년 5월 22일 21시,일요일,충청북도 충주시 봉방동,경상사고,0,0,1,0,차대차 - 측면충돌,안전거리미확보,건조,맑음,교차로 - 교차로부근,승합,남,57세,상해없음,승용,남,58세,상해없음
2016052200100536,2016년 5월 22일 22시,일요일,충청북도 청주시 흥덕구 송정동,경상사고,0,0,2,0,차대차 - 추돌,안전거리미확보,건조,맑음,교차로 - 교차로부근,승용,남,29세,상해없음,승용,여,27세,경상
2016052200100551,2016년 5월 22일 23시,일요일,충청북도 청주시 상당구 남일면,부상신고사고,0,0,0,1,차량단독 - 전도전복,안전운전불이행,건조,맑음,교차로 - 교차로안,화물,남,36세,부상신고,,,,
2016052300100011,2016년 5월 23일 01시,월요일,충청북도 증평군 증평읍,경상사고,0,0,2,0,차대차 - 추돌,안전운전불이행,건조,맑음,교차로 - 교차로부근,승용,남,57세,상해없음,승용,여,44세,경상
2016052300100035,2016년 5월 23일 04시,월요일,충청북도 청주시 흥덕구 복대동,경상사고,0,0,2,0,차대차 - 측면직각충돌,안전운전불이행,건조,맑음,교차로 - 교차로부근,승용,여,33세,상해없음,승용,여,45세,경상
2016052300100058,2016년 5월 23일 06시,월요일,충청북도 보은군 산외면,중상사고,0,3,0,0,차대차 - 추돌,안전운전불이행,건조,맑음,단일로 - 기타,화물,남,60세,상해없음,농기계,남,48세,상해없음
2016052300100084,2016년 5월 23일 07시,월요일,충청북도 청주시 흥덕구 비하동,경상사고,0,0,1,0,차대차 - 정면충돌,안전운전불이행,건조,맑음,교차로 - 교차로안,승용,남,27세,상해없음,승용,남,30세,경상
2016052300100120,2016년 5월 23일 08시,월요일,충청북도 청주시 청원구 내수읍,중상사고,0,1,0,0,차량단독 - 기타,안전운전불이행,건조,맑음,단일로 - 기타,승합,남,51세,상해없음,,,,
2016052300100121,2016년 5월 23일 08시,월요일,충청북도 충주시 엄정면,중상사고,0,1,0,0,차량단독 - 전도전복,안전운전불이행,건조,맑음,단일로 - 기타,승용,남,62세,기타불명,,,,
2016052300100122,2016년 5월 23일 08시,월요일,충청북도 음성군 금왕읍,중상사고,0,1,1,0,차대차 - 추돌,안전거리미확보,건조,맑음,단일로 - 기타,화물,남,64세,경상,농기계,남,67세,중상
2016052300100123,2016년 5월 23일 08시,월요일,충청북도 청주시 상당구 용담동,경상사고,0,0,1,0,차대차 - 정면충돌,안전운전불이행,건조,맑음,교차로 - 교차로안,승용,여,46세,기타불명,승용,여,38세,경상
2016052300100168,2016년 5월 23일 09시,월요일,충청북도 괴산군 괴산읍,경상사고,0,0,1,0,차대사람 - 기타,안전운전불이행,습기,비,기타 - 기타,승합,남,48세,상해없음,보행자,여,18세,경상
2016052300100223,2016년 5월 23일 11시,월요일,충청북도 청주시 청원구 사천동,중상사고,0,1,2,0,차대차 - 기타,안전운전불이행,건조,맑음,단일로 - 기타,건설기계,남,49세,상해없음,승용,남,58세,경상
2016052300100224,2016년 5월 23일 11시,월요일,충청북도 제천시 중앙로2가,경상사고,0,0,1,0,차대차 - 추돌,안전운전불이행,건조,맑음,단일로 - 기타,승용,남,68세,상해없음,승용,남,63세,경상
2016052300100225,2016년 5월 23일 11시,월요일,충청북도 증평군 증평읍,중상사고,0,1,1,0,차량단독 - 전도전복,안전운전불이행,건조,맑음,단일로 - 기타,승용,여,60세,경상,,,,
2016052300100226,2016년 5월 23일 11시,월요일,충청북도 청주시 흥덕구 가경동,경상사고,0,0,1,0,차대사람 - 기타,기타,건조,맑음,단일로 - 기타,승합,남,51세,상해없음,보행자,여,19세,경상
2016052300100321,2016년 5월 23일 14시,월요일,충청북도 청주시 청원구 오창읍,중상사고,0,1,2,0,차대차 - 추돌,안전운전불이행,건조,맑음,교차로 - 교차로부근,승합,남,53세,상해없음,승용,남,31세,경상
2016052300100322,2016년 5월 23일 14시,월요일,충청북도 제천시 봉양읍,중상사고,0,1,2,0,차대차 - 추돌,안전운전불이행,건조,맑음,기타 - 기타,화물,남,35세,상해없음,승용,남,43세,경상
2016052300100323,2016년 5월 23일 14시,월요일,충청북도 음성군 생극면,중상사고,0,1,0,1,차대차 - 측면충돌,교차로운행방법위반,건조,맑음,교차로 - 교차로안,승용,남,56세,부상신고,건설기계,남,23세,중상
2016052300100324,2016년 5월 23일 14시,월요일,충청북도 청주시 흥덕구 복대동,경상사고,0,0,1,0,차대차 - 측면직각충돌,안전운전불이행,건조,맑음,교차로 - 교차로부근,자전거,남,74세,경상,승용,남,42세,상해없음
2016052300100355,2016년 5월 23일 15시,월요일,충청북도 청주시 서원구 사직동,중상사고,0,1,0,0,차량단독 - 기타,안전운전불이행,건조,맑음,단일로 - 기타,승합,남,56세,상해없음,,,,
2016052300100356,2016년 5월 23일 15시,월요일,충청북도 충주시 문화동,중상사고,0,1,0,1,차량단독 - 전도전복,안전운전불이행,건조,맑음,교차로 - 교차로부근,이륜,남,73세,부상신고,,,,
2016052300100357,2016년 5월 23일 15시,월요일,충청북도 음성군 소이면,경상사고,0,0,3,0,차대차 - 측면직각충돌,교차로운행방법위반,건조,맑음,교차로 - 교차로안,승합,남,52세,상해없음,화물,남,25세,경상
2016052300100358,2016년 5월 23일 15시,월요일,충청북도 청주시 서원구 남이면,경상사고,0,0,2,0,차대차 - 기타,안전거리미확보,건조,맑음,교차로 - 교차로부근,승용,여,52세,상해없음,승용,여,46세,경상
2016052300100359,2016년 5월 23일 15시,월요일,충청북도 청주시 흥덕구 가경동,경상사고,0,0,1,0,차량단독 - 기타,신호위반,건조,맑음,교차로 - 교차로안,승합,남,59세,상해없음,,,,
2016052300100399,2016년 5월 23일 16시,월요일,충청북도 청주시 청원구 내수읍,중상사고,0,1,0,0,차대차 - 추돌,안전운전불이행,건조,맑음,교차로 - 교차로부근,화물,남,71세,상해없음,승용,여,51세,중상
2016052300100400,2016년 5월 23일 16시,월요일,충청북도 청주시 청원구 사천동,중상사고,0,1,0,0,차대사람 - 횡단중,보행자보호의무위반,건조,맑음,단일로 - 기타,승합,여,35세,기타불명,보행자,여,58세,중상
2016052300100439,2016년 5월 23일 17시,월요일,충청북도 충주시 대소원면,경상사고,0,0,1,1,차대차 - 측면충돌,안전거리미확보,건조,맑음,교차로 - 교차로부근,화물,남,74세,부상신고,승용,여,49세,경상
2016052300100440,2016년 5월 23일 17시,월요일,충청북도 옥천군 군북면,중상사고,0,1,0,0,차대차 - 정면충돌,중앙선침범,건조,맑음,단일로 - 기타,원동기,남,69세,중상,승용,남,67세,상해없음
2016052300100523,2016년 5월 23일 19시,월요일,충청북도 음성군 금왕읍,경상사고,0,0,1,0,차대차 - 측면충돌,안전운전불이행,건조,맑음,교차로 - 교차로안,승용,남,54세,상해없음,이륜,남,32세,경상
2016052300100524,2016년 5월 23일 19시,월요일,충청북도 청주시 흥덕구 복대동,경상사고,0,0,1,0,차대사람 - 기타,안전운전불이행,건조,맑음,교차로 - 교차로안,승용,남,52세,상해없음,보행자,남,14세,경상
2016052300100547,2016년 5월 23일 20시,월요일,충청북도 청주시 청원구 내덕동,중상사고,0,1,3,0,차대차 - 측면직각충돌,교차로운행방법위반,건조,맑음,교차로 - 교차로안,승용,남,59세,경상,승용,남,22세,중상
2016052300100575,2016년 5월 23일 21시,월요일,충청북도 청주시 청원구 내수읍,경상사고,0,0,2,0,차대차 - 추돌,안전운전불이행,건조,흐림,교차로 - 교차로부근,승용,남,54세,경상,농기계,남,61세,경상
2016052300100576,2016년 5월 23일 21시,월요일,충청북도 청주시 흥덕구 비하동,중상사고,0,1,1,0,차대차 - 정면충돌,안전운전불이행,건조,맑음,단일로 - 기타,승용,남,49세,상해없음,화물,남,53세,중상
2016052300100603,2016년 5월 23일 22시,월요일,충청북도 청주시 서원구 사창동,경상사고,0,0,3,0,차대차 - 추돌,안전운전불이행,건조,맑음,교차로 - 교차로부근,승용,남,32세,상해없음,승용,여,21세,경상
2016052300100604,2016년 5월 23일 22시,월요일,충청북도 청주시 청원구 주중동,경상사고,0,0,1,0,차대차 - 측면충돌,안전거리미확보,건조,맑음,교차로 - 교차로부근,승합,남,53세,상해없음,이륜,남,18세,경상
2016052300100605,2016년 5월 23일 22시,월요일,충청북도 청주시 흥덕구 비하동,경상사고,0,0,2,0,차대차 - 추돌,안전운전불이행,건조,흐림,단일로 - 기타,승용,여,51세,상해없음,승용,남,44세,경상
2016052300100626,2016년 5월 23일 23시,월요일,충청북도 청주시 흥덕구 봉명동,경상사고,0,0,1,0,차대차 - 추돌,안전운전불이행,건조,맑음,교차로 - 교차로부근,승용,남,38세,상해없음,화물,남,20세,경상
2016052400100028,2016년 5월 24일 01시,화요일,충청북도 청주시 청원구 내덕동,사망사고,1,0,0,0,차대차 - 기타,안전운전불이행,건조,맑음,단일로 - 기타,승용,남,47세,상해없음,자전거,남,56세,사망
2016052400100044,2016년 5월 24일 02시,화요일,충청북도 영동군 용산면,부상신고사고,0,0,0,1,차대차 - 추돌,안전운전불이행,건조,맑음,단일로 - 기타,승용,남,62세,부상신고,승용,여,38세,기타불명
2016052400100076,2016년 5월 24일 05시,화요일,충청북도 음성군 음성읍,경상사고,0,0,1,0,차대차 - 추돌,교차로운행방법위반,습기,비,교차로 - 교차로안,승용,남,58세,상해없음,화물,남,53세,상해없음
2016052400100091,2016년 5월 24일 06시,화요일,충청북도 충주시 봉방동,경상사고,0,0,1,0,차대차 - 정면충돌,안전운전불이행,습기,비,단일로 - 기타,승용,남,58세,상해없음,원동기,남,48세,경상
2016052400100092,2016년 5월 24일 06시,화요일,충청북도 청주시 흥덕구 신봉동,경상사고,0,0,1,0,차대사람 - 횡단중,안전운전불이행,습기,비,교차로 - 교차로부근,승합,여,43세,상해없음,보행자,여,65세,경상
2016052400100107,2016년 5월 24일 07시,화요일,충청북도 제천시 강제동,경상사고,0,0,3,0,차대차 - 추돌,신호위반,습기,비,교차로 - 교차로안,승용,여,48세,경상,승용,남,30세,경상
2016052400100135,2016년 5월 24일 08시,화요일,충청북도 청주시 흥덕구 봉명동,경상사고,0,0,2,0,차대차 - 측면직각충돌,교차로운행방법위반,습기,비,교차로 - 교차로안,승용,남,51세,경상,승용,남,26세,경상
2016052400100136,2016년 5월 24일 08시,화요일,충청북도 청주시 서원구 분평동,경상사고,0,0,1,0,차대차 - 측면충돌,교차로운행방법위반,습기,비,교차로 - 교차로안,승용,남,62세,상해없음,승용,여,42세,경상
2016052400100180,2016년 5월 24일 09시,화요일,충청북도 청주시 흥덕구 강내면,경상사고,0,0,1,0,차대차 - 정면충돌,안전거리미확보,습기,비,단일로 - 기타,승용,남,65세,상해없음,승용,남,41세,경상
2016052400100181,2016년 5월 24일 09시,화요일,충청북도 청주시 상당구 서운동,경상사고,0,0,1,0,차대차 - 측면충돌,안전운전불이행,습기,비,교차로 - 교차로부근,승용,여,57세,상해없음,이륜,남,25세,경상
2016052400100227,2016년 5월 24일 10시,화요일,충청북도 충주시 대소원면,경상사고,0,0,1,0,차대차 - 정면충돌,안전거리미확보,건조,맑음,교차로 - 교차로부근,승합,남,54세,상해없음,승용,남,26세,경상
2016052400100253,2016년 5월 24일 11시,화요일,충청북도 단양군 적성면,중상사고,0,1,2,0,차대차 - 정면충돌,안전거리미확보,습기,비,단일로 - 기타,화물,남,37세,상해없음,승용,남,27세,경상
2016052400100254,2016년 5월 24일 11시,화요일,충청북도 충주시 산척면,경상사고,0,0,5,0,차대차 - 정면충돌,안전운전불이행,습기,비,교차로 - 교차로부근,화물,남,74세,경상,화물,남,51세,경상
2016052400100255,2016년 5월 24일 11시,화요일,충청북도 제천시 장락동,경상사고,0,0,2,0,차대차 - 측면충돌,직진우회전진행방해,습기,비,교차로 - 교차로부근,승용,여,47세,경상,승용,여,48세,경상
2016052400100282,2016년 5월 24일 12시,화요일,충청북도 청주시 청원구 율량동,경상사고,0,0,1,0,차대사람 - 기타,안전운전불이행,습기,흐림,단일로 - 기타,승용,여,53세,상해없음,보행자,남,33세,경상
2016052400100283,2016년 5월 24일 12시,화요일,충청북도 청주시 청원구 사천동,경상사고,0,0,2,0,차대차 - 측면충돌,신호위반,습기,비,교차로 - 교차로안,승용,남,25세,경상,승용,남,32세,경상
2016052400100284,2016년 5월 24일 12시,화요일,충청북도 제천시 남천동,경상사고,0,0,3,0,차대차 - 측면직각충돌,교차로운행방법위반,습기,비,교차로 - 교차로안,승용,남,52세,경상,승용,남,40세,경상
2016052400100285,2016년 5월 24일 12시,화요일,충청북도 영동군 학산면,경상사고,0,0,1,0,차대사람 - 차도통행중,안전운전불이행,습기,비,교차로 - 교차로안,화물,여,61세,상해없음,보행자,남,53세,경상
2016052400100286,2016년 5월 24일 12시,화요일,충청북도 옥천군 군북면,경상사고,0,0,4,0,차대차 - 측면충돌,신호위반,습기,비,교차로 - 교차로안,화물,남,30세,기타불명,승용,여,51세,경상
2016052400100287,2016년 5월 24일 12시,화요일,충청북도 진천군 진천읍,경상사고,0,0,1,0,차대차 - 추돌,안전운전불이행,습기,비,단일로 - 기타,화물,여,46세,상해없음,승용,남,29세,경상
2016052400100320,2016년 5월 24일 13시,화요일,충청북도 단양군 매포읍,중상사고,0,1,0,0,차량단독 - 전도전복,안전운전불이행,습기,비,단일로 - 기타,승용,남,60세,중상,,,,
2016052400100348,2016년 5월 24일 14시,화요일,충청북도 청주시 청원구 북이면,경상사고,0,0,1,0,차대차 - 측면직각충돌,신호위반,건조,맑음,교차로 - 교차로안,승용,여,45세,상해없음,승합,남,47세,경상
2016052400100384,2016년 5월 24일 15시,화요일,충청북도 청주시 서원구 사직동,중상사고,0,1,0,0,차대차 - 기타,안전운전불이행,습기,흐림,단일로 - 기타,화물,남,35세,상해없음,이륜,남,34세,중상
2016052400100415,2016년 5월 24일 16시,화요일,충청북도 청주시 청원구 오창읍,경상사고,0,0,1,0,차대차 - 측면직각충돌,교차로운행방법위반,건조,맑음,교차로 - 교차로부근,화물,남,46세,상해없음,이륜,남,26세,경상
2016052400100521,2016년 5월 24일 19시,화요일,충청북도 제천시 명동,경상사고,0,0,3,0,차대차 - 측면직각충돌,차로위반,건조,맑음,교차로 - 교차로부근,화물,남,64세,상해없음,승용,여,37세,경상
2016052400100522,2016년 5월 24일 19시,화요일,충청북도 청주시 흥덕구 강서동,경상사고,0,0,2,0,차대차 - 추돌,안전운전불이행,건조,맑음,교차로 - 교차로부근,승용,남,24세,상해없음,승용,여,40세,경상
2016052400100550,2016년 5월 24일 20시,화요일,충청북도 청주시 청원구 내덕동,경상사고,0,0,1,0,차대차 - 기타,중앙선침범,건조,맑음,단일로 - 기타,이륜,남,18세,상해없음,이륜,남,45세,경상
2016052400100551,2016년 5월 24일 20시,화요일,충청북도 청주시 청원구 내수읍,사망사고,1,0,0,0,차대사람 - 기타,과속,건조,맑음,단일로 - 기타,승용,남,32세,상해없음,보행자,남,68세,사망
2016052400100552,2016년 5월 24일 20시,화요일,충청북도 청주시 흥덕구 오송읍,부상신고사고,0,0,0,1,차량단독 - 전도전복,안전운전불이행,건조,맑음,단일로 - 기타,승용,여,32세,부상신고,,,,
2016052400100586,2016년 5월 24일 21시,화요일,충청북도 청주시 흥덕구 복대동,경상사고,0,0,2,0,차대차 - 정면충돌,안전운전불이행,건조,맑음,교차로 - 교차로안,승용,여,55세,상해없음,승용,남,53세,경상
2016052400100628,2016년 5월 24일 23시,화요일,충청북도 음성군 대소면,경상사고,0,0,1,0,차대차 - 측면충돌,안전거리미확보,건조,맑음,교차로 - 교차로부근,승용,남,48세,상해없음,승용,남,37세,경상
2016052500100012,2016년 5월 25일 00시,수요일,충청북도 충주시 금릉동,경상사고,0,0,1,0,차대차 - 측면충돌,신호위반,건조,맑음,교차로 - 교차로안,승용,남,48세,상해없음,승합,남,47세,경상
2016052500100013,2016년 5월 25일 00시,수요일,충청북도 청주시 흥덕구 복대동,경상사고,0,0,1,0,차대차 - 정면충돌,안전운전불이행,건조,맑음,교차로 - 교차로안,승용,남,48세,상해없음,승용,여,30세,경상
2016052500100081,2016년 5월 25일 07시,수요일,충청북도 제천시 자작동,경상사고,0,0,1,0,차대차 - 측면직각충돌,안전운전불이행,건조,맑음,교차로 - 교차로안,이륜,남,61세,경상,화물,남,50세,상해없음
2016052500100181,2016년 5월 25일 10시,수요일,충청북도 충주시 칠금동,사망사고,1,0,0,0,차대사람 - 횡단중,안전운전불이행,건조,맑음,기타 - 기타,화물,남,26세,상해없음,보행자,여,76세,사망
2016052500100182,2016년 5월 25일 10시,수요일,충청북도 청주시 흥덕구 송정동,경상사고,0,0,2,0,차대차 - 정면충돌,신호위반,건조,맑음,교차로 - 교차로안,승용,남,26세,상해없음,승용,남,41세,경상
2016052500100250,2016년 5월 25일 12시,수요일,충청북도 청주시 흥덕구 봉명동,경상사고,0,0,1,0,차대차 - 측면직각충돌,중앙선침범,건조,맑음,단일로 - 기타,승용,남,61세,상해없음,이륜,남,34세,경상
2016052500100274,2016년 5월 25일 13시,수요일,충청북도 제천시 강제동,경상사고,0,0,1,0,차대차 - 추돌,안전운전불이행,건조,맑음,단일로 - 기타,승용,남,29세,상해없음,화물,남,43세,경상
2016052500100275,2016년 5월 25일 13시,수요일,충청북도 증평군 증평읍,경상사고,0,0,2,0,차대차 - 측면충돌,신호위반,건조,맑음,교차로 - 교차로안,승용,여,63세,경상,승용,남,45세,경상
2016052500100342,2016년 5월 25일 15시,수요일,충청북도 음성군 대소면,경상사고,0,0,3,0,차대차 - 추돌,안전운전불이행,건조,맑음,단일로 - 기타,화물,남,52세,경상,승용,여,44세,경상
2016052500100343,2016년 5월 25일 15시,수요일,충청북도 청주시 흥덕구 가경동,부상신고사고,0,0,0,1,차대차 - 측면직각충돌,중앙선침범,건조,맑음,단일로 - 기타,자전거,남,13세,부상신고,승용,여,34세,상해없음
2016052500100383,2016년 5월 25일 16시,수요일,충청북도 청주시 서원구 사창동,경상사고,0,0,3,0,차대차 - 기타,교차로운행방법위반,건조,맑음,교차로 - 교차로안,화물,남,70세,경상,승용,남,29세,경상
2016052500100384,2016년 5월 25일 16시,수요일,충청북도 충주시 교현동,중상사고,0,1,0,0,차대차 - 측면충돌,직진우회전진행방해,건조,맑음,교차로 - 교차로안,승합,남,60세,상해없음,이륜,남,19세,중상
2016052500100417,2016년 5월 25일 17시,수요일,충청북도 제천시 송학면,경상사고,0,0,2,0,차대차 - 추돌,안전운전불이행,건조,흐림,단일로 - 기타,승용,남,51세,경상,화물,남,46세,경상
2016052500100418,2016년 5월 25일 17시,수요일,충청북도 청주시 흥덕구 송절동,경상사고,0,0,1,0,차대차 - 정면충돌,중앙선침범,건조,맑음,단일로 - 기타,자전거,남,82세,경상,이륜,남,31세,상해없음
2016052500100419,2016년 5월 25일 17시,수요일,충청북도 청주시 상당구 용암동,경상사고,0,0,1,0,차대차 - 정면충돌,안전운전불이행,건조,맑음,교차로 - 교차로부근,승용,여,49세,상해없음,자전거,남,31세,경상
2016052500100468,2016년 5월 25일 18시,수요일,충청북도 청주시 청원구 주중동,중상사고,0,1,1,0,차대차 - 기타,안전운전불이행,건조,맑음,교차로 - 교차로부근,승용,남,29세,상해없음,승용,남,26세,중상
2016052500100469,2016년 5월 25일 18시,수요일,충청북도 청주시 청원구 주중동,경상사고,0,0,2,0,차대차 - 추돌,안전운전불이행,건조,맑음,교차로 - 교차로부근,승용,남,54세,경상,승용,남,46세,상해없음
2016052500100506,2016년 5월 25일 19시,수요일,충청북도 청주시 흥덕구 신봉동,경상사고,0,0,2,0,차대차 - 추돌,안전거리미확보,건조,맑음,단일로 - 기타,승용,남,37세,경상,승용,여,47세,경상
2016052500100536,2016년 5월 25일 20시,수요일,충청북도 충주시 봉방동,경상사고,0,0,1,0,차대차 - 측면충돌,안전운전불이행,건조,맑음,교차로 - 교차로부근,승용,남,18세,상해없음,자전거,여,51세,경상
2016052500100537,2016년 5월 25일 20시,수요일,충청북도 옥천군 옥천읍,경상사고,0,0,1,0,차대차 - 측면직각충돌,안전거리미확보,건조,맑음,교차로 - 교차로부근,승용,여,38세,상해없음,승용,남,55세,상해없음
2016052500100596,2016년 5월 25일 22시,수요일,충청북도 충주시 용산동,중상사고,0,1,0,0,차대차 - 측면충돌,중앙선침범,건조,맑음,단일로 - 기타,승용,남,45세,상해없음,이륜,남,18세,중상
2016052500100621,2016년 5월 25일 23시,수요일,충청북도 충주시 단월동,경상사고,0,0,1,0,차대사람 - 횡단중,안전운전불이행,건조,맑음,교차로 - 교차로안,승용,남,26세,상해없음,보행자,여,21세,경상
2016052500100622,2016년 5월 25일 23시,수요일,충청북도 청주시 흥덕구 옥산면,경상사고,0,0,3,0,차대차 - 기타,신호위반,건조,맑음,교차로 - 교차로안,승용,여,46세,상해없음,승용,남,38세,경상
2016052600100055,2016년 5월 26일 05시,목요일,충청북도 충주시 금릉동,경상사고,0,0,1,0,차대차 - 기타,안전운전불이행,건조,맑음,단일로 - 기타,화물,남,56세,상해없음,승용,여,58세,경상
2016052600100056,2016년 5월 26일 05시,목요일,충청북도 음성군 원남면,중상사고,0,1,0,0,차량단독 - 전도전복,안전운전불이행,건조,맑음,단일로 - 기타,승용,여,52세,중상,,,,
2016052600100057,2016년 5월 26일 05시,목요일,충청북도 청주시 상당구 남일면,중상사고,0,4,1,0,차대차 - 정면충돌,신호위반,건조,맑음,교차로 - 교차로안,화물,남,56세,중상,승용,남,66세,중상
2016052600100113,2016년 5월 26일 08시,목요일,충청북도 제천시 서부동,경상사고,0,0,1,0,차대차 - 추돌,안전거리미확보,건조,흐림,교차로 - 교차로부근,승용,남,43세,상해없음,승용,여,46세,경상
2016052600100114,2016년 5월 26일 08시,목요일,충청북도 제천시 금성면,중상사고,0,1,2,0,차대차 - 정면충돌,중앙선침범,건조,맑음,기타 - 기타,승용,남,74세,경상,특수,남,37세,경상
2016052600100115,2016년 5월 26일 08시,목요일,충청북도 영동군 영동읍,중상사고,0,1,0,0,차대사람 - 횡단중,안전운전불이행,건조,맑음,단일로 - 기타,자전거,남,16세,상해없음,보행자,여,67세,중상
2016052600100116,2016년 5월 26일 08시,목요일,충청북도 청주시 흥덕구 가경동,경상사고,0,0,1,0,차대차 - 측면직각충돌,교차로운행방법위반,건조,맑음,교차로 - 교차로안,승용,남,61세,상해없음,승용,여,46세,경상