사고번호,사고일시,요일,시군구,사고내용,사망자수,중상자수,경상자수,부상신고자수,사고유형,법규위반,노면상태,기상상태,도로형태,가해운전자 차종,가해운전자 성별,가해운전자 연령,가해운전자 상해정도,피해운전자 차종,피해운전자 성별,피해운전자 연령,피해운전자 상해정도
2016061300100567,2016년 6월 13일 21시,월요일,충청북도 제천시 명동,경상사고,0,0,2,0,차대차 - 측면직각충돌,안전운전불이행,건조,맑음,교차로 - 교차로부근,승용,남,52세,상해없음,승용,여,31세,경상
2016061300100568,2016년 6월 13일 21시,월요일,충청북도 청주시 흥덕구 옥산면,경상사고,0,0,2,0,차대차 - 정면충돌,신호위반,건조,맑음,교차로 - 교차로안,승용,남,34세,상해없음,승용,남,45세,경상
2016061300100608,2016년 6월 13일 22시,월요일,충청북도 청주시 흥덕구 복대동,중상사고,0,1,0,0,차대사람 - 횡단중,안전운전불이행,건조,맑음,단일로 - 기타,이륜,남,18세,상해없음,보행자,남,25세,중상
2016061300100609,2016년 6월 13일 22시,월요일,충청북도 청주시 서원구 수곡동,경상사고,0,0,1,0,차대차 - 정면충돌,안전운전불이행,건조,맑음,교차로 - 교차로부근,승용,남,37세,상해없음,이륜,남,17세,경상
2016061300100623,2016년 6월 13일 23시,월요일,충청북도 청주시 서원구 미평동,경상사고,0,0,2,0,차대차 - 측면충돌,안전운전불이행,건조,맑음,단일로 - 기타,승용,남,58세,경상,승용,여,47세,경상
2016061300100624,2016년 6월 13일 23시,월요일,충청북도 청주시 상당구 금천동,경상사고,0,0,1,0,차대차 - 정면충돌,안전운전불이행,건조,맑음,교차로 - 교차로부근,승용,남,23세,상해없음,이륜,남,20세,경상
2016061400100046,2016년 6월 14일 05시,화요일,충청북도 청주시 흥덕구 송절동,경상사고,0,0,1,0,차대차 - 정면충돌,교차로운행방법위반,건조,맑음,교차로 - 교차로안,승용,남,53세,상해없음,승합,남,59세,경상
2016061400100073,2016년 6월 14일 07시,화요일,충청북도 충주시 대소원면,경상사고,0,0,1,0,차대차 - 측면충돌,안전운전불이행,건조,맑음,교차로 - 교차로부근,승용,여,68세,상해없음,화물,남,44세,기타불명
2016061400100117,2016년 6월 14일 08시,화요일,충청북도 청주시 서원구 분평동,경상사고,0,0,1,0,차대사람 - 횡단중,안전운전불이행,건조,맑음,교차로 - 교차로부근,승용,여,49세,상해없음,보행자,여,10세,경상
2016061400100152,2016년 6월 14일 09시,화요일,충청북도 제천시 고암동,경상사고,0,0,1,0,차대사람 - 횡단중,보행자보호의무위반,건조,맑음,교차로 - 교차로부근,승용,여,57세,상해없음,보행자,여,72세,경상
2016061400100153,2016년 6월 14일 09시,화요일,충청북도 청주시 서원구 수곡동,중상사고,0,1,0,0,차량단독 - 기타,안전운전불이행,건조,맑음,교차로 - 교차로부근,승합,남,59세,상해없음,,,,
2016061400100202,2016년 6월 14일 11시,화요일,충청북도 청주시 청원구 우암동,경상사고,0,0,3,0,차대차 - 추돌,안전운전불이행,건조,맑음,교차로 - 교차로안,화물,여,48세,상해없음,승용,여,40세,경상
2016061400100233,2016년 6월 14일 12시,화요일,충청북도 단양군 단양읍,중상사고,0,1,0,0,차대차 - 기타,안전운전불이행,건조,맑음,단일로 - 기타,화물,남,50세,상해없음,화물,남,59세,중상
2016061400100295,2016년 6월 14일 14시,화요일,충청북도 청주시 서원구 산남동,경상사고,0,0,4,0,차대차 - 추돌,안전운전불이행,건조,맑음,단일로 - 기타,화물,남,40세,경상,승용,여,56세,경상
2016061400100330,2016년 6월 14일 15시,화요일,충청북도 충주시 목행동,경상사고,0,0,1,0,차대차 - 측면충돌,기타,건조,맑음,교차로 - 교차로안,화물,남,58세,상해없음,승합,남,53세,상해없음
2016061400100331,2016년 6월 14일 15시,화요일,충청북도 괴산군 청천면,중상사고,0,1,0,1,차대차 - 측면직각충돌,안전운전불이행,건조,맑음,교차로 - 교차로안,승용,여,21세,부상신고,특수,남,45세,중상
2016061400100332,2016년 6월 14일 15시,화요일,충청북도 청주시 흥덕구 가경동,경상사고,0,0,1,0,차대차 - 추돌,안전거리미확보,건조,맑음,교차로 - 교차로부근,승용,여,59세,상해없음,이륜,남,19세,경상
2016061400100366,2016년 6월 14일 16시,화요일,충청북도 청주시 서원구 모충동,경상사고,0,0,1,0,차대차 - 측면충돌,안전운전불이행,건조,맑음,교차로 - 교차로안,승용,남,68세,상해없음,승용,여,50세,경상
2016061400100483,2016년 6월 14일 19시,화요일,충청북도 청주시 흥덕구 지동동,경상사고,0,0,1,0,차대차 - 기타,안전거리미확보,건조,맑음,단일로 - 기타,기타불명,기타불명,기타불명,기타불명,승용,남,25세,경상
2016061400100525,2016년 6월 14일 20시,화요일,충청북도 청주시 청원구 내덕동,중상사고,0,1,0,0,차대사람 - 횡단중,보행자보호의무위반,건조,맑음,단일로 - 횡단보도상,승용,여,48세,상해없음,보행자,남,54세,중상
2016061400100526,2016년 6월 14일 20시,화요일,충청북도 청주시 흥덕구 비하동,중상사고,0,1,0,0,차대차 - 측면직각충돌,안전운전불이행,건조,맑음,교차로 - 교차로부근,이륜,남,38세,중상,승합,남,45세,상해없음
2016061400100555,2016년 6월 14일 21시,화요일,충청북도 충주시 연수동,경상사고,0,0,1,0,차대차 - 측면충돌,안전운전불이행,건조,맑음,단일로 - 기타,승용,여,44세,상해없음,이륜,남,28세,경상
2016061400100556,2016년 6월 14일 21시,화요일,충청북도 제천시 청전동,경상사고,0,0,1,0,차대차 - 측면직각충돌,신호위반,습기,비,교차로 - 교차로안,승용,남,53세,상해없음,승용,남,51세,상해없음
2016061400100557,2016년 6월 14일 21시,화요일,충청북도 옥천군 옥천읍,경상사고,0,0,1,0,차대차 - 측면충돌,직진우회전진행방해,건조,맑음,교차로 - 교차로안,승합,남,47세,상해없음,승용,남,59세,경상
2016061400100558,2016년 6월 14일 21시,화요일,충청북도 청주시 흥덕구 송정동,경상사고,0,0,1,0,차대차 - 측면직각충돌,안전운전불이행,건조,맑음,교차로 - 교차로안,승용,남,31세,상해없음,자전거,남,50세,경상
2016061500100041,2016년 6월 15일 03시,수요일,충청북도 충주시 연수동,경상사고,0,0,2,0,차대사람 - 횡단중,기타,건조,맑음,단일로 - 기타,승용,남,26세,상해없음,보행자,여,24세,경상
2016061500100068,2016년 6월 15일 06시,수요일,충청북도 제천시 천남동,경상사고,0,0,5,0,차대차 - 측면충돌,교차로운행방법위반,건조,맑음,교차로 - 교차로안,승용,남,65세,상해없음,화물,남,58세,경상
2016061500100092,2016년 6월 15일 07시,수요일,충청북도 청주시 상당구 남일면,경상사고,0,0,1,0,차대차 - 측면충돌,안전운전불이행,건조,맑음,단일로 - 기타,이륜,남,23세,경상,승용,남,71세,상해없음
2016061500100093,2016년 6월 15일 07시,수요일,충청북도 청주시 서원구 모충동,경상사고,0,0,1,0,차대차 - 측면충돌,안전운전불이행,건조,맑음,단일로 - 횡단보도상,화물,남,52세,상해없음,자전거,여,74세,경상
2016061500100136,2016년 6월 15일 08시,수요일,충청북도 청주시 서원구 수곡동,경상사고,0,0,1,0,차량단독 - 기타,안전운전불이행,건조,맑음,단일로 - 기타,승합,남,54세,상해없음,,,,
2016061500100189,2016년 6월 15일 09시,수요일,충청북도 제천시 중앙로2가,중상사고,0,1,0,0,차대사람 - 횡단중,안전운전불이행,습기,비,단일로 - 기타,승용,여,32세,상해없음,보행자,여,75세,중상
2016061500100190,2016년 6월 15일 09시,수요일,충청북도 진천군 진천읍,경상사고,0,0,1,0,차대차 - 기타,안전운전불이행,습기,비,단일로 - 기타,건설기계,여,58세,상해없음,화물,남,32세,경상
2016061500100243,2016년 6월 15일 11시,수요일,충청북도 진천군 진천읍,경상사고,0,0,1,0,차대차 - 추돌,안전거리미확보,건조,맑음,단일로 - 기타,승용,남,51세,상해없음,승용,남,37세,경상
2016061500100244,2016년 6월 15일 11시,수요일,충청북도 청주시 흥덕구 옥산면,경상사고,0,0,1,0,차대차 - 정면충돌,교차로운행방법위반,건조,맑음,교차로 - 교차로안,화물,남,50세,상해없음,이륜,남,40세,경상
2016061500100291,2016년 6월 15일 13시,수요일,충청북도 청주시 상당구 서운동,경상사고,0,0,3,0,차대차 - 측면충돌,교차로운행방법위반,건조,흐림,교차로 - 교차로안,승용,여,53세,경상,승용,여,59세,경상
2016061500100322,2016년 6월 15일 14시,수요일,충청북도 청주시 흥덕구 석소동,중상사고,0,1,0,0,차량단독 - 기타,안전운전불이행,건조,맑음,단일로 - 기타,승합,남,46세,상해없음,,,,
2016061500100323,2016년 6월 15일 14시,수요일,충청북도 청주시 상당구 용암동,경상사고,0,0,2,1,차대차 - 추돌,안전운전불이행,건조,흐림,단일로 - 기타,화물,남,28세,부상신고,승용,여,38세,상해없음
2016061500100359,2016년 6월 15일 15시,수요일,충청북도 증평군 도안면,경상사고,0,0,2,0,차대차 - 측면충돌,직진우회전진행방해,건조,맑음,교차로 - 교차로안,승용,여,69세,경상,승용,남,31세,경상
2016061500100392,2016년 6월 15일 16시,수요일,충청북도 청주시 청원구 내덕동,부상신고사고,0,0,0,1,차대사람 - 기타,안전운전불이행,건조,맑음,단일로 - 기타,자전거,기타불명,기타불명,기타불명,보행자,여,77세,부상신고
2016061500100393,2016년 6월 15일 16시,수요일,충청북도 청주시 상당구 용담동,경상사고,0,0,1,0,차대차 - 정면충돌,신호위반,건조,맑음,교차로 - 교차로안,승용,여,25세,상해없음,승용,남,44세,경상
2016061500100463,2016년 6월 15일 18시,수요일,충청북도 충주시 문화동,경상사고,0,0,1,0,차대차 - 정면충돌,안전운전불이행,습기,흐림,단일로 - 기타,기타불명,기타불명,21세,기타불명,자전거,남,66세,경상
2016061500100464,2016년 6월 15일 18시,수요일,충청북도 충주시 성서동,중상사고,0,1,0,0,차대사람 - 횡단중,안전운전불이행,습기,비,교차로 - 교차로안,원동기,남,25세,상해없음,보행자,여,62세,중상
2016061500100465,2016년 6월 15일 18시,수요일,충청북도 진천군 진천읍,경상사고,0,0,1,0,차대차 - 기타,신호위반,건조,맑음,교차로 - 교차로안,이륜,남,31세,경상,승용,남,45세,상해없음
2016061500100466,2016년 6월 15일 18시,수요일,충청북도 청주시 서원구 남이면,부상신고사고,0,0,0,1,차량단독 - 전도전복,안전운전불이행,습기,비,교차로 - 교차로부근,이륜,남,48세,부상신고,,,,
2016061500100498,2016년 6월 15일 19시,수요일,충청북도 청주시 흥덕구 옥산면,경상사고,0,0,1,0,차대차 - 측면직각충돌,교차로운행방법위반,습기,비,교차로 - 교차로안,화물,남,55세,기타불명,승용,남,36세,경상
2016061500100524,2016년 6월 15일 20시,수요일,충청북도 증평군 증평읍,경상사고,0,0,1,0,차대차 - 정면충돌,안전운전불이행,습기,비,교차로 - 교차로안,이륜,남,17세,경상,승용,남,47세,상해없음
2016061500100525,2016년 6월 15일 20시,수요일,충청북도 증평군 증평읍,중상사고,0,1,0,0,차대차 - 기타,신호위반,습기,비,교차로 - 교차로안,이륜,남,23세,상해없음,이륜,남,22세,중상
2016061500100558,2016년 6월 15일 21시,수요일,충청북도 충주시 성남동,중상사고,0,2,0,0,차대차 - 정면충돌,직진우회전진행방해,건조,맑음,교차로 - 교차로안,승용,남,37세,상해없음,승용,남,55세,중상
2016061500100559,2016년 6월 15일 21시,수요일,충청북도 증평군 증평읍,부상신고사고,0,0,0,1,차대차 - 측면충돌,직진우회전진행방해,습기,비,교차로 - 교차로안,이륜,남,20세,부상신고,승용,남,46세,상해없음
2016061500100582,2016년 6월 15일 22시,수요일,충청북도 청주시 서원구 사창동,경상사고,0,0,1,0,차대차 - 추돌,안전운전불이행,건조,맑음,단일로 - 기타,승용,남,19세,상해없음,이륜,남,46세,경상
2016061500100583,2016년 6월 15일 22시,수요일,충청북도 제천시 청전동,경상사고,0,0,3,0,차대차 - 측면충돌,기타,습기,흐림,교차로 - 교차로안,승용,남,25세,상해없음,승용,남,50세,경상
2016061500100584,2016년 6월 15일 22시,수요일,충청북도 청주시 흥덕구 복대동,경상사고,0,0,2,0,차대차 - 정면충돌,안전운전불이행,건조,맑음,단일로 - 기타,화물,남,35세,상해없음,승용,여,44세,경상
2016061500100614,2016년 6월 15일 23시,수요일,충청북도 충주시 금가면,경상사고,0,0,1,0,차대차 - 정면충돌,안전운전불이행,건조,맑음,교차로 - 교차로부근,승용,남,68세,상해없음,화물,남,57세,경상
2016061500100615,2016년 6월 15일 23시,수요일,충청북도 제천시 신백동,경상사고,0,0,2,0,차대차 - 추돌,안전운전불이행,습기,흐림,교차로 - 교차로부근,승용,남,75세,경상,승용,남,57세,경상
2016061500100616,2016년 6월 15일 23시,수요일,충청북도 청주시 흥덕구 휴암동,경상사고,0,0,2,0,차대차 - 정면충돌,안전운전불이행,건조,맑음,단일로 - 기타,승용,남,22세,상해없음,승용,남,38세,경상
2016061600100009,2016년 6월 16일 00시,목요일,충청북도 청주시 상당구 용암동,경상사고,0,0,1,0,차대차 - 측면충돌,안전운전불이행,습기,맑음,단일로 - 기타,승용,여,28세,상해없음,승용,남,43세,상해없음
2016061600100104,2016년 6월 16일 08시,목요일,충청북도 제천시 금성면,중상사고,0,1,2,0,차대차 - 측면충돌,신호위반,건조,맑음,교차로 - 교차로안,승용,여,41세,경상,승용,남,56세,중상
2016061600100105,2016년 6월 16일 08시,목요일,충청북도 보은군 회인면,경상사고,0,0,1,0,차대차 - 추돌,안전운전불이행,건조,맑음,단일로 - 기타,이륜,남,80세,경상,승용,남,54세,상해없음
2016061600100139,2016년 6월 16일 09시,목요일,충청북도 충주시 대소원면,중상사고,0,1,0,0,차대차 - 측면충돌,중앙선침범,건조,맑음,단일로 - 기타,화물,남,61세,상해없음,승용,남,36세,중상
2016061600100140,2016년 6월 16일 09시,목요일,충청북도 청주시 상당구 가덕면,경상사고,0,0,1,0,차대차 - 정면충돌,안전운전불이행,건조,맑음,기타 - 기타,승용,남,70세,상해없음,이륜,남,68세,경상
2016061600100166,2016년 6월 16일 10시,목요일,충청북도 충주시 동량면,경상사고,0,0,1,0,차대사람 - 기타,안전운전불이행,건조,맑음,단일로 - 기타,승합,남,45세,상해없음,보행자,남,67세,경상
2016061600100168,2016년 6월 16일 10시,목요일,충청북도 청주시 흥덕구 강내면,경상사고,0,0,1,0,차대차 - 정면충돌,차로위반,건조,맑음,단일로 - 기타,화물,남,52세,상해없음,승용,남,26세,경상
2016061600100196,2016년 6월 16일 11시,목요일,충청북도 충주시 성남동,경상사고,0,0,2,1,차대차 - 정면충돌,직진우회전진행방해,건조,맑음,교차로 - 교차로안,승용,여,58세,부상신고,승용,남,34세,경상
2016061600100197,2016년 6월 16일 11시,목요일,충청북도 청주시 서원구 분평동,경상사고,0,0,1,0,차대차 - 정면충돌,안전운전불이행,건조,맑음,기타 - 기타,승용,남,64세,상해없음,승용,남,42세,경상
2016061600100243,2016년 6월 16일 13시,목요일,충청북도 청주시 서원구 사직동,경상사고,0,0,2,0,차대차 - 기타,안전운전불이행,건조,맑음,단일로 - 기타,승용,남,33세,상해없음,승용,여,32세,경상
2016061600100245,2016년 6월 16일 13시,목요일,충청북도 음성군 금왕읍,경상사고,0,0,1,0,차대사람 - 횡단중,안전운전불이행,건조,맑음,교차로 - 교차로부근,기타불명,기타불명,기타불명,기타불명,보행자,여,65세,경상
2016061600100246,2016년 6월 16일 13시,목요일,충청북도 청주시 흥덕구 복대동,부상신고사고,0,0,0,1,차대차 - 정면충돌,안전운전불이행,건조,맑음,단일로 - 기타,자전거,남,81세,부상신고,승용,여,33세,상해없음
2016061600100278,2016년 6월 16일 14시,목요일,충청북도 충주시 교현동,부상신고사고,0,0,0,1,차대차 - 측면충돌,안전운전불이행,건조,맑음,단일로 - 기타,자전거,남,25세,부상신고,승용,여,44세,상해없음
2016061600100313,2016년 6월 16일 15시,목요일,충청북도 충주시 목행동,중상사고,0,2,3,1,차량단독 - 전도전복,안전운전불이행,건조,맑음,단일로 - 기타,화물,남,18세,부상신고,,,,
2016061600100346,2016년 6월 16일 16시,목요일,충청북도 충주시 용산동,중상사고,0,1,1,0,차대차 - 측면충돌,중앙선침범,건조,맑음,단일로 - 기타,승용,남,50세,상해없음,승용,남,59세,경상
2016061600100348,2016년 6월 16일 16시,목요일,충청북도 음성군 대소면,중상사고,0,1,0,0,차대사람 - 길가장자리구역통행중,안전운전불이행,건조,맑음,단일로 - 기타,승용,여,56세,상해없음,보행자,여,53세,중상
2016061600100349,2016년 6월 16일 16시,목요일,충청북도 청주시 상당구 금천동,경상사고,0,0,2,0,차대차 - 측면충돌,안전운전불이행,건조,맑음,교차로 - 교차로부근,승용,남,28세,기타불명,승용,여,38세,경상
2016061600100350,2016년 6월 16일 16시,목요일,충청북도 청주시 상당구 남일면,사망사고,1,0,0,0,차량단독 - 전도전복,안전운전불이행,건조,맑음,단일로 - 기타,이륜,남,56세,사망,,,,
2016061600100416,2016년 6월 16일 18시,목요일,충청북도 청주시 흥덕구 송정동,중상사고,0,1,1,0,차대차 - 추돌,교차로운행방법위반,건조,맑음,교차로 - 교차로안,승용,여,49세,경상,승용,여,24세,중상
2016061600100417,2016년 6월 16일 18시,목요일,충청북도 청주시 흥덕구 복대동,경상사고,0,0,1,0,차대차 - 기타,차로위반,건조,맑음,단일로 - 기타,승용,남,84세,상해없음,승용,남,33세,경상
2016061600100453,2016년 6월 16일 19시,목요일,충청북도 청주시 서원구 성화동,경상사고,0,0,1,0,차대사람 - 기타,신호위반,건조,맑음,단일로 - 기타,승용,여,46세,상해없음,보행자,남,35세,경상
2016061600100475,2016년 6월 16일 20시,목요일,충청북도 청주시 서원구 사창동,중상사고,0,1,0,0,차대차 - 기타,신호위반,건조,맑음,단일로 - 횡단보도상,승용,남,47세,상해없음,이륜,남,29세,중상
2016061600100476,2016년 6월 16일 20시,목요일,충청북도 청주시 상당구 용암동,경상사고,0,0,1,0,차대차 - 기타,안전운전불이행,건조,맑음,단일로 - 기타,승용,여,47세,상해없음,자전거,남,8세,경상
2016061600100477,2016년 6월 16일 20시,목요일,충청북도 청주시 상당구 용암동,경상사고,0,0,3,0,차대차 - 기타,안전운전불이행,건조,맑음,단일로 - 기타,승용,남,51세,상해없음,승합,남,34세,상해없음
2016061600100517,2016년 6월 16일 21시,목요일,충청북도 청주시 청원구 내수읍,중상사고,0,1,0,0,차대사람 - 횡단중,안전운전불이행,건조,맑음,단일로 - 기타,승용,여,62세,상해없음,보행자,남,56세,중상
2016061600100518,2016년 6월 16일 21시,목요일,충청북도 제천시 청전동,경상사고,0,0,3,0,차대차 - 측면충돌,직진우회전진행방해,건조,흐림,교차로 - 교차로안,승용,남,50세,경상,승용,남,25세,경상
2016061600100561,2016년 6월 16일 23시,목요일,충청북도 청주시 상당구 영운동,경상사고,0,0,1,0,차대차 - 측면충돌,안전운전불이행,건조,맑음,단일로 - 기타,화물,남,48세,상해없음,이륜,남,24세,경상
2016061600100562,2016년 6월 16일 23시,목요일,충청북도 청주시 서원구 수곡동,경상사고,0,0,1,0,차대차 - 측면직각충돌,안전운전불이행,건조,맑음,교차로 - 교차로안,승용,남,32세,상해없음,승용,남,37세,상해없음
2016061700100006,2016년 6월 17일 00시,금요일,충청북도 제천시 송학면,사망사고,1,0,0,0,차대사람 - 횡단중,안전운전불이행,습기,맑음,기타 - 기타,승용,남,42세,상해없음,보행자,남,39세,사망
2016061700100032,2016년 6월 17일 02시,금요일,충청북도 청주시 서원구 분평동,부상신고사고,0,0,0,1,차량단독 - 공작물충돌,안전운전불이행,건조,맑음,교차로 - 교차로안,승용,여,48세,부상신고,,,,
2016061700100070,2016년 6월 17일 06시,금요일,충청북도 충주시 목행동,중상사고,0,1,0,0,차대차 - 측면충돌,안전운전불이행,건조,맑음,교차로 - 교차로안,승용,남,67세,상해없음,승용,남,65세,중상
2016061700100125,2016년 6월 17일 08시,금요일,충청북도 충주시 문화동,중상사고,0,1,0,0,차대사람 - 횡단중,보행자보호의무위반,건조,맑음,단일로 - 횡단보도상,승용,여,59세,상해없음,보행자,여,19세,중상
2016061700100126,2016년 6월 17일 08시,금요일,충청북도 증평군 증평읍,경상사고,0,0,1,0,차대사람 - 기타,안전운전불이행,건조,맑음,기타 - 기타,승용,여,24세,상해없음,보행자,여,11세,경상
2016061700100164,2016년 6월 17일 09시,금요일,충청북도 음성군 대소면,중상사고,0,2,1,0,차대차 - 기타,안전운전불이행,건조,맑음,교차로 - 교차로안,승용,남,60세,중상,승합,남,55세,중상
2016061700100165,2016년 6월 17일 09시,금요일,충청북도 청주시 서원구 현도면,경상사고,0,0,1,0,차대차 - 기타,교차로운행방법위반,건조,맑음,교차로 - 교차로안,화물,남,35세,상해없음,화물,남,51세,경상
2016061700100221,2016년 6월 17일 11시,금요일,충청북도 영동군 영동읍,사망사고,1,0,0,0,차대사람 - 횡단중,안전운전불이행,건조,맑음,교차로 - 교차로안,화물,남,43세,상해없음,보행자,여,83세,사망
2016061700100222,2016년 6월 17일 11시,금요일,충청북도 청주시 흥덕구 봉명동,경상사고,0,0,1,0,차대차 - 정면충돌,안전운전불이행,건조,맑음,교차로 - 교차로부근,승용,남,78세,상해없음,화물,남,54세,경상
2016061700100242,2016년 6월 17일 12시,금요일,충청북도 제천시 수산면,경상사고,0,0,2,0,차대차 - 측면충돌,중앙선침범,건조,맑음,단일로 - 기타,승합,여,47세,상해없음,화물,남,48세,상해없음
2016061700100243,2016년 6월 17일 12시,금요일,충청북도 청주시 흥덕구 비하동,경상사고,0,0,1,0,차대차 - 기타,교차로운행방법위반,건조,맑음,교차로 - 교차로안,이륜,남,32세,경상,승용,남,51세,상해없음
2016061700100244,2016년 6월 17일 12시,금요일,충청북도 청주시 흥덕구 강서동,경상사고,0,0,1,1,차대차 - 정면충돌,차로위반,건조,맑음,교차로 - 교차로안,승용,남,34세,부상신고,승용,남,57세,경상
2016061700100267,2016년 6월 17일 13시,금요일,충청북도 음성군 금왕읍,중상사고,0,1,0,0,차량단독 - 기타,안전운전불이행,건조,맑음,단일로 - 기타,농기계,남,78세,중상,,,,
2016061700100293,2016년 6월 17일 14시,금요일,충청북도 옥천군 이원면,사망사고,1,0,0,0,차대사람 - 횡단중,안전운전불이행,건조,맑음,교차로 - 교차로부근,승합,남,40세,상해없음,보행자,여,78세,사망
2016061700100294,2016년 6월 17일 14시,금요일,충청북도 청주시 흥덕구 신봉동,경상사고,0,0,2,0,차대차 - 정면충돌,안전운전불이행,건조,맑음,단일로 - 기타,승용,남,58세,상해없음,승용,남,45세,경상
2016061700100328,2016년 6월 17일 15시,금요일,충청북도 청주시 흥덕구 운천동,중상사고,0,2,0,0,차대차 - 정면충돌,신호위반,건조,맑음,교차로 - 교차로안,승용,여,26세,상해없음,승용,남,52세,중상
2016061700100329,2016년 6월 17일 15시,금요일,충청북도 청주시 흥덕구 강내면,경상사고,0,0,1,0,차대사람 - 횡단중,안전운전불이행,건조,맑음,단일로 - 기타,승용,여,62세,상해없음,보행자,남,25세,경상
2016061700100330,2016년 6월 17일 15시,금요일,충청북도 괴산군 장연면,경상사고,0,0,1,2,차대차 - 추돌,안전운전불이행,건조,맑음,단일로 - 기타,화물,남,23세,상해없음,화물,남,60세,경상
2016061700100366,2016년 6월 17일 16시,금요일,충청북도 충주시 연수동,경상사고,0,0,1,0,차대차 - 측면충돌,직진우회전진행방해,건조,맑음,교차로 - 교차로안,승용,여,47세,상해없음,승용,남,67세,경상
2016061700100367,2016년 6월 17일 16시,금요일,충청북도 충주시 봉방동,경상사고,0,0,1,0,차대차 - 정면충돌,안전운전불이행,건조,맑음,단일로 - 기타,승용,여,37세,상해없음,자전거,남,7세,경상
2016061700100368,2016년 6월 17일 16시,금요일,충청북도 청주시 흥덕구 서촌동,중상사고,0,1,0,0,차대사람 - 횡단중,안전운전불이행,건조,맑음,교차로 - 교차로안,화물,남,45세,상해없음,보행자,여,87세,중상
2016061700100369,2016년 6월 17일 16시,금요일,충청북도 청주시 흥덕구 송정동,경상사고,0,0,2,0,차대차 - 정면충돌,교차로운행방법위반,건조,맑음,교차로 - 교차로안,화물,남,49세,상해없음,승용,여,30세,경상
2016061700100411,2016년 6월 17일 17시,금요일,충청북도 충주시 동량면,중상사고,0,1,1,0,차대차 - 정면충돌,기타,건조,맑음,교차로 - 교차로안,승용,여,60세,경상,화물,남,65세,중상
2016061700100463,2016년 6월 17일 18시,금요일,충청북도 제천시 서부동,경상사고,0,0,2,0,차대차 - 측면충돌,직진우회전진행방해,건조,맑음,교차로 - 교차로안,승합,여,59세,경상,승용,여,30세,경상
2016061700100501,2016년 6월 17일 19시,금요일,충청북도 충주시 연수동,경상사고,0,0,1,0,차대차 - 측면충돌,안전운전불이행,건조,맑음,교차로 - 교차로안,승용,남,22세,상해없음,이륜,남,21세,경상
2016061700100502,2016년 6월 17일 19시,금요일,충청북도 충주시 금가면,중상사고,0,1,2,1,차대차 - 정면충돌,안전운전불이행,건조,맑음,단일로 - 기타,승용,여,53세,부상신고,승용,남,47세,경상
2016061700100542,2016년 6월 17일 20시,금요일,충청북도 청주시 청원구 주성동,경상사고,0,0,1,0,차대차 - 측면충돌,안전운전불이행,건조,맑음,교차로 - 교차로부근,승용,여,33세,상해없음,이륜,남,23세,경상
2016061700100543,2016년 6월 17일 20시,금요일,충청북도 청주시 흥덕구 복대동,중상사고,0,1,0,0,차대차 - 기타,교차로운행방법위반,건조,맑음,교차로 - 교차로안,화물,남,61세,상해없음,이륜,남,27세,중상
2016061700100580,2016년 6월 17일 21시,금요일,충청북도 청주시 서원구 사창동,경상사고,0,0,2,0,차대차 - 추돌,안전운전불이행,건조,맑음,교차로 - 교차로안,승용,남,29세,경상,승용,남,23세,상해없음
2016061700100581,2016년 6월 17일 21시,금요일,충청북도 음성군 대소면,중상사고,0,1,3,0,차대차 - 측면충돌,교차로운행방법위반,건조,맑음,교차로 - 교차로안,승용,여,40세,경상,승용,남,45세,경상
2016061700100582,2016년 6월 17일 21시,금요일,충청북도 청주시 서원구 죽림동,중상사고,0,1,2,0,차대차 - 정면충돌,신호위반,건조,맑음,교차로 - 교차로안,승용,남,30세,중상,승용,남,55세,경상
2016061700100615,2016년 6월 17일 22시,금요일,충청북도 충주시 교현동,중상사고,0,1,0,0,차대차 - 측면충돌,신호위반,건조,맑음,교차로 - 교차로안,승용,남,49세,상해없음,원동기,남,19세,중상
2016061700100616,2016년 6월 17일 22시,금요일,충청북도 증평군 증평읍,경상사고,0,0,5,1,차대차 - 측면직각충돌,직진우회전진행방해,건조,맑음,교차로 - 교차로안,승용,남,57세,부상신고,화물,남,25세,경상
2016061700100649,2016년 6월 17일 23시,금요일,충청북도 청주시 청원구 율량동,중상사고,0,1,0,0,차대차 - 측면충돌,신호위반,건조,맑음,교차로 - 교차로안,승용,남,39세,상해없음,승용,여,41세,중상
2016061800100008,2016년 6월 18일 00시,토요일,충청북도 제천시 청전동,중상사고,0,1,0,0,차대사람 - 횡단중,안전운전불이행,건조,맑음,단일로 - 기타,승용,남,53세,상해없음,보행자,남,20세,중상
2016061800100049,2016년 6월 18일 02시,토요일,충청북도 제천시 청전동,경상사고,0,0,2,0,차대차 - 측면충돌,직진우회전진행방해,건조,맑음,교차로 - 교차로부근,승용,남,48세,상해없음,이륜,여,22세,경상
2016061800100077,2016년 6월 18일 05시,토요일,충청북도 청주시 흥덕구 복대동,경상사고,0,0,1,0,차대차 - 정면충돌,신호위반,건조,맑음,교차로 - 교차로안,승용,남,21세,상해없음,승용,남,68세,경상
2016061800100091,2016년 6월 18일 06시,토요일,충청북도 영동군 영동읍,경상사고,0,0,2,0,차대차 - 측면충돌,안전운전불이행,건조,맑음,교차로 - 교차로안,승용,여,56세,경상,승합,남,62세,경상
2016061800100092,2016년 6월 18일 06시,토요일,충청북도 청주시 흥덕구 옥산면,경상사고,0,0,1,0,차대차 - 정면충돌,안전운전불이행,건조,맑음,기타 - 기타,이륜,남,84세,경상,승용,남,60세,상해없음