사고번호,사고일시,요일,시군구,사고내용,사망자수,중상자수,경상자수,부상신고자수,사고유형,법규위반,노면상태,기상상태,도로형태,가해운전자 차종,가해운전자 성별,가해운전자 연령,가해운전자 상해정도,피해운전자 차종,피해운전자 성별,피해운전자 연령,피해운전자 상해정도
2016061800100107,2016년 6월 18일 07시,토요일,충청북도 청주시 흥덕구 강내면,중상사고,0,1,0,0,차대차 - 측면직각충돌,중앙선침범,건조,맑음,단일로 - 기타,승용,남,40세,상해없음,이륜,남,45세,중상
2016061800100123,2016년 6월 18일 08시,토요일,충청북도 제천시 왕암동,중상사고,0,1,1,0,차대차 - 추돌,교차로운행방법위반,건조,맑음,교차로 - 교차로부근,건설기계,남,57세,중상,화물,남,41세,경상
2016061800100151,2016년 6월 18일 09시,토요일,충청북도 청주시 흥덕구 비하동,중상사고,0,1,3,1,차대차 - 정면충돌,안전운전불이행,건조,맑음,교차로 - 교차로안,화물,남,59세,상해없음,승용,남,61세,중상
2016061800100178,2016년 6월 18일 10시,토요일,충청북도 보은군 보은읍,중상사고,0,1,0,0,차대차 - 측면충돌,안전운전불이행,건조,맑음,단일로 - 기타,이륜,남,74세,중상,승용,여,24세,상해없음
2016061800100179,2016년 6월 18일 10시,토요일,충청북도 옥천군 안내면,중상사고,0,1,0,0,차대차 - 측면직각충돌,중앙선침범,건조,맑음,단일로 - 기타,승용,남,65세,기타불명,화물,남,38세,중상
2016061800100243,2016년 6월 18일 12시,토요일,충청북도 청주시 청원구 오창읍,중상사고,0,1,2,0,차대차 - 측면충돌,차로위반,건조,맑음,교차로 - 교차로부근,승용,여,53세,경상,승용,여,62세,중상
2016061800100244,2016년 6월 18일 12시,토요일,충청북도 충주시 목행동,부상신고사고,0,0,0,1,차대차 - 측면충돌,직진우회전진행방해,건조,맑음,교차로 - 교차로안,자전거,여,34세,부상신고,승용,남,43세,상해없음
2016061800100272,2016년 6월 18일 13시,토요일,충청북도 청주시 서원구 분평동,부상신고사고,0,0,0,1,차대차 - 측면직각충돌,기타,건조,맑음,교차로 - 교차로안,이륜,남,15세,부상신고,승용,남,52세,상해없음
2016061800100323,2016년 6월 18일 14시,토요일,충청북도 단양군 단양읍,경상사고,0,0,1,0,차대차 - 측면충돌,안전운전불이행,건조,맑음,단일로 - 기타,자전거,남,17세,경상,화물,남,22세,상해없음
2016061800100324,2016년 6월 18일 14시,토요일,충청북도 청주시 서원구 개신동,경상사고,0,0,1,0,차대차 - 측면직각충돌,교차로운행방법위반,건조,맑음,교차로 - 교차로안,승용,남,48세,상해없음,이륜,남,19세,경상
2016061800100325,2016년 6월 18일 14시,토요일,충청북도 청주시 서원구 수곡동,경상사고,0,0,2,0,차대차 - 정면충돌,안전운전불이행,건조,맑음,교차로 - 교차로부근,건설기계,남,55세,상해없음,승합,남,64세,경상
2016061800100365,2016년 6월 18일 15시,토요일,충청북도 옥천군 옥천읍,경상사고,0,0,1,0,차대차 - 정면충돌,중앙선침범,건조,맑음,단일로 - 기타,승용,남,63세,상해없음,승용,남,37세,상해없음
2016061800100404,2016년 6월 18일 16시,토요일,충청북도 청주시 서원구 분평동,경상사고,0,0,1,0,차대사람 - 횡단중,안전운전불이행,건조,맑음,단일로 - 기타,승용,여,48세,상해없음,보행자,여,4세,경상
2016061800100405,2016년 6월 18일 16시,토요일,충청북도 청주시 상당구 용정동,중상사고,0,1,0,0,차량단독 - 전도전복,안전운전불이행,건조,맑음,교차로 - 교차로안,승합,남,34세,상해없음,,,,
2016061800100442,2016년 6월 18일 17시,토요일,충청북도 청주시 서원구 분평동,경상사고,0,0,1,0,차대차 - 측면충돌,신호위반,건조,맑음,교차로 - 교차로안,이륜,남,83세,상해없음,승용,남,67세,경상
2016061800100489,2016년 6월 18일 18시,토요일,충청북도 제천시 청전동,경상사고,0,0,1,0,차대차 - 기타,안전운전불이행,건조,맑음,단일로 - 기타,승용,남,53세,상해없음,자전거,남,14세,경상
2016061800100490,2016년 6월 18일 18시,토요일,충청북도 단양군 단양읍,경상사고,0,0,1,0,차대차 - 측면충돌,교차로운행방법위반,건조,맑음,교차로 - 교차로안,이륜,남,31세,경상,승용,남,31세,상해없음
2016061800100491,2016년 6월 18일 18시,토요일,충청북도 청주시 서원구 분평동,중상사고,0,2,2,0,차대차 - 정면충돌,안전운전불이행,건조,맑음,단일로 - 기타,승용,남,44세,상해없음,승용,여,62세,중상
2016061800100521,2016년 6월 18일 19시,토요일,충청북도 청주시 청원구 오창읍,중상사고,0,1,1,0,차대차 - 추돌,안전운전불이행,건조,맑음,단일로 - 횡단보도부근,승용,남,48세,상해없음,승용,남,35세,경상
2016061800100545,2016년 6월 18일 20시,토요일,충청북도 청주시 상당구 영동,경상사고,0,0,2,0,차량단독 - 기타,안전운전불이행,건조,맑음,교차로 - 교차로부근,승용,남,37세,상해없음,,,,
2016061800100577,2016년 6월 18일 21시,토요일,충청북도 음성군 소이면,경상사고,0,0,3,0,차대차 - 추돌,안전거리미확보,건조,맑음,단일로 - 기타,승용,남,30세,상해없음,승용,남,37세,경상
2016061800100578,2016년 6월 18일 21시,토요일,충청북도 옥천군 옥천읍,중상사고,0,1,0,0,차대차 - 추돌,안전운전불이행,건조,맑음,단일로 - 기타,기타불명,기타불명,기타불명,기타불명,이륜,여,65세,중상
2016061800100608,2016년 6월 18일 22시,토요일,충청북도 청주시 흥덕구 오송읍,중상사고,0,1,2,0,차대차 - 측면직각충돌,신호위반,건조,맑음,교차로 - 교차로안,승용,남,24세,경상,승용,여,61세,중상
2016061900100006,2016년 6월 19일 00시,일요일,충청북도 청주시 서원구 사창동,중상사고,0,1,0,0,차대차 - 기타,교차로운행방법위반,건조,맑음,교차로 - 교차로안,승용,남,19세,상해없음,이륜,남,18세,중상
2016061900100119,2016년 6월 19일 07시,일요일,충청북도 영동군 영동읍,경상사고,0,0,1,1,차대차 - 측면충돌,중앙선침범,건조,맑음,단일로 - 기타,승용,남,26세,상해없음,화물,남,54세,경상
2016061900100133,2016년 6월 19일 08시,일요일,충청북도 증평군 증평읍,경상사고,0,0,1,0,차대사람 - 기타,안전운전불이행,건조,맑음,교차로 - 교차로안,승용,여,38세,상해없음,보행자,여,47세,경상
2016061900100134,2016년 6월 19일 08시,일요일,충청북도 청주시 흥덕구 석소동,경상사고,0,0,1,0,차대차 - 정면충돌,안전운전불이행,건조,맑음,교차로 - 교차로안,승합,남,50세,상해없음,자전거,남,57세,경상
2016061900100169,2016년 6월 19일 10시,일요일,충청북도 제천시 장락동,경상사고,0,0,1,0,차대차 - 추돌,안전운전불이행,건조,맑음,교차로 - 교차로부근,승용,남,37세,상해없음,이륜,남,71세,경상
2016061900100170,2016년 6월 19일 10시,일요일,충청북도 옥천군 동이면,중상사고,0,2,0,0,차대차 - 측면직각충돌,과속,건조,맑음,교차로 - 교차로안,화물,남,58세,상해없음,농기계,남,81세,중상
2016061900100171,2016년 6월 19일 10시,일요일,충청북도 진천군 백곡면,경상사고,0,0,1,0,차대차 - 기타,안전운전불이행,건조,맑음,단일로 - 기타,승용,남,72세,상해없음,원동기,남,69세,경상
2016061900100172,2016년 6월 19일 10시,일요일,충청북도 청주시 서원구 수곡동,중상사고,0,1,0,0,차대차 - 측면충돌,안전운전불이행,건조,맑음,기타 - 기타,이륜,남,53세,상해없음,자전거,남,78세,중상
2016061900100181,2016년 6월 19일 11시,일요일,충청북도 음성군 삼성면,경상사고,0,0,2,0,차대차 - 정면충돌,안전운전불이행,건조,맑음,교차로 - 교차로안,승용,남,35세,경상,승용,남,31세,경상
2016061900100229,2016년 6월 19일 13시,일요일,충청북도 제천시 중앙로1가,경상사고,0,0,1,0,차대차 - 추돌,안전운전불이행,건조,맑음,단일로 - 기타,승용,남,62세,상해없음,승용,남,52세,상해없음
2016061900100280,2016년 6월 19일 15시,일요일,충청북도 충주시 산척면,중상사고,0,1,1,0,차대차 - 정면충돌,안전거리미확보,건조,맑음,교차로 - 교차로부근,승용,남,62세,상해없음,승용,여,52세,중상
2016061900100312,2016년 6월 19일 16시,일요일,충청북도 청주시 흥덕구 복대동,경상사고,0,0,1,0,차대차 - 정면충돌,안전운전불이행,건조,맑음,교차로 - 교차로안,이륜,남,34세,경상,승용,남,32세,상해없음
2016061900100384,2016년 6월 19일 18시,일요일,충청북도 청주시 상당구 용암동,중상사고,0,1,0,0,차대사람 - 횡단중,보행자보호의무위반,건조,맑음,교차로 - 교차로안,승용,남,59세,상해없음,보행자,여,60세,중상
2016061900100385,2016년 6월 19일 18시,일요일,충청북도 청주시 상당구 용담동,경상사고,0,0,2,0,차대차 - 측면충돌,중앙선침범,건조,맑음,교차로 - 교차로부근,승용,여,55세,상해없음,승용,남,19세,경상
2016061900100408,2016년 6월 19일 19시,일요일,충청북도 제천시 청전동,경상사고,0,0,3,0,차대차 - 추돌,안전거리미확보,건조,맑음,교차로 - 교차로부근,승용,남,67세,상해없음,승용,남,37세,경상
2016061900100410,2016년 6월 19일 19시,일요일,충청북도 청주시 서원구 분평동,경상사고,0,0,1,0,차대차 - 정면충돌,안전운전불이행,건조,맑음,단일로 - 기타,승용,남,51세,상해없음,이륜,남,24세,경상
2016061900100437,2016년 6월 19일 20시,일요일,충청북도 청주시 상당구 용암동,경상사고,0,0,1,0,차대사람 - 횡단중,안전운전불이행,건조,맑음,교차로 - 교차로부근,자전거,기타불명,기타불명,기타불명,보행자,남,6세,경상
2016061900100460,2016년 6월 19일 21시,일요일,충청북도 청주시 청원구 오창읍,경상사고,0,0,1,0,차대차 - 기타,신호위반,건조,맑음,교차로 - 교차로안,승용,남,25세,상해없음,승용,남,23세,경상
2016061900100461,2016년 6월 19일 21시,일요일,충청북도 충주시 수안보면,경상사고,0,0,2,0,차대차 - 정면충돌,안전운전불이행,건조,맑음,단일로 - 기타,승용,남,68세,상해없음,승용,남,53세,경상
2016062000100016,2016년 6월 20일 01시,월요일,충청북도 제천시 송학면,경상사고,0,0,2,0,차량단독 - 전도전복,안전운전불이행,건조,맑음,단일로 - 기타,승용,남,30세,경상,,,,
2016062000100017,2016년 6월 20일 01시,월요일,충청북도 청주시 서원구 개신동,경상사고,0,0,3,0,차대차 - 정면충돌,교차로운행방법위반,건조,맑음,교차로 - 교차로안,승합,남,18세,상해없음,승용,여,47세,경상
2016062000100072,2016년 6월 20일 07시,월요일,충청북도 괴산군 괴산읍,경상사고,0,0,1,0,차대차 - 측면충돌,직진우회전진행방해,건조,맑음,교차로 - 교차로안,승용,남,75세,상해없음,승용,남,27세,경상
2016062000100124,2016년 6월 20일 08시,월요일,충청북도 진천군 진천읍,경상사고,0,0,1,0,차대차 - 측면직각충돌,안전운전불이행,건조,맑음,교차로 - 교차로부근,승용,여,54세,상해없음,자전거,남,21세,경상
2016062000100153,2016년 6월 20일 09시,월요일,충청북도 청주시 흥덕구 비하동,중상사고,0,1,3,0,차대차 - 추돌,안전거리미확보,건조,맑음,단일로 - 기타,화물,남,53세,상해없음,화물,남,54세,중상
2016062000100184,2016년 6월 20일 10시,월요일,충청북도 청주시 청원구 오창읍,경상사고,0,0,1,0,차대차 - 정면충돌,중앙선침범,건조,맑음,단일로 - 기타,화물,남,65세,상해없음,건설기계,남,53세,경상
2016062000100185,2016년 6월 20일 10시,월요일,충청북도 음성군 맹동면,중상사고,0,2,1,0,차대차 - 정면충돌,교차로운행방법위반,건조,맑음,교차로 - 교차로안,화물,남,26세,경상,승용,남,67세,중상
2016062000100217,2016년 6월 20일 11시,월요일,충청북도 청주시 서원구 분평동,부상신고사고,0,0,0,1,차대차 - 측면충돌,신호위반,건조,맑음,교차로 - 교차로부근,승용,남,52세,상해없음,승용,여,58세,부상신고
2016062000100254,2016년 6월 20일 12시,월요일,충청북도 청주시 청원구 사천동,경상사고,0,0,1,0,차대차 - 기타,안전운전불이행,건조,맑음,교차로 - 교차로부근,승용,여,37세,기타불명,승용,남,23세,경상
2016062000100255,2016년 6월 20일 12시,월요일,충청북도 증평군 증평읍,경상사고,0,0,1,0,차대사람 - 기타,안전운전불이행,건조,맑음,단일로 - 기타,승용,여,54세,상해없음,보행자,여,76세,경상
2016062000100256,2016년 6월 20일 12시,월요일,충청북도 청주시 서원구 남이면,경상사고,0,0,3,0,차대차 - 추돌,안전운전불이행,건조,맑음,교차로 - 교차로부근,승용,남,46세,상해없음,승용,여,53세,경상
2016062000100257,2016년 6월 20일 12시,월요일,충청북도 청주시 상당구 용암동,경상사고,0,0,1,0,차대사람 - 횡단중,안전운전불이행,건조,맑음,단일로 - 횡단보도상,화물,남,40세,상해없음,보행자,여,66세,경상
2016062000100292,2016년 6월 20일 13시,월요일,충청북도 청주시 서원구 모충동,경상사고,0,0,1,1,차대차 - 측면충돌,안전운전불이행,건조,맑음,단일로 - 기타,승용,남,54세,부상신고,승합,남,57세,경상
2016062000100384,2016년 6월 20일 15시,월요일,충청북도 청주시 흥덕구 비하동,경상사고,0,0,1,0,차대차 - 측면직각충돌,교차로운행방법위반,건조,맑음,교차로 - 교차로안,승용,여,22세,상해없음,승용,여,40세,경상
2016062000100471,2016년 6월 20일 17시,월요일,충청북도 제천시 의림동,경상사고,0,0,1,0,차대사람 - 횡단중,안전운전불이행,건조,기타,교차로 - 교차로부근,승용,여,42세,상해없음,보행자,여,79세,경상
2016062000100472,2016년 6월 20일 17시,월요일,충청북도 영동군 학산면,경상사고,0,0,2,0,차대차 - 정면충돌,안전운전불이행,건조,맑음,단일로 - 기타,화물,남,80세,경상,승용,남,30세,경상
2016062000100473,2016년 6월 20일 17시,월요일,충청북도 음성군 대소면,중상사고,0,1,1,0,차대차 - 정면충돌,중앙선침범,건조,맑음,단일로 - 기타,화물,남,51세,경상,화물,남,49세,중상
2016062000100553,2016년 6월 20일 19시,월요일,충청북도 옥천군 안내면,경상사고,0,0,4,0,차대차 - 측면직각충돌,교차로운행방법위반,습기,비,교차로 - 교차로안,화물,남,70세,경상,승용,남,52세,상해없음
2016062000100554,2016년 6월 20일 19시,월요일,충청북도 단양군 영춘면,경상사고,0,0,2,0,차대차 - 정면충돌,안전운전불이행,건조,맑음,단일로 - 기타,승용,여,57세,경상,승용,남,78세,경상
2016062000100555,2016년 6월 20일 19시,월요일,충청북도 청주시 흥덕구 가경동,경상사고,0,0,1,0,차대차 - 측면직각충돌,교차로운행방법위반,건조,맑음,교차로 - 교차로안,승용,남,55세,상해없음,이륜,남,21세,경상
2016062000100587,2016년 6월 20일 20시,월요일,충청북도 충주시 살미면,중상사고,0,2,0,0,차대차 - 측면충돌,안전운전불이행,건조,맑음,단일로 - 기타,화물,남,64세,상해없음,화물,남,49세,중상
2016062000100612,2016년 6월 20일 21시,월요일,충청북도 청주시 상당구 남일면,중상사고,0,1,0,0,차량단독 - 전도전복,안전운전불이행,건조,맑음,단일로 - 기타,자전거,남,15세,중상,,,,
2016062000100613,2016년 6월 20일 21시,월요일,충청북도 청주시 상당구 금천동,경상사고,0,0,3,0,차대차 - 정면충돌,차로위반,습기,흐림,교차로 - 교차로부근,승용,남,66세,상해없음,승용,여,41세,경상
2016062000100633,2016년 6월 20일 22시,월요일,충청북도 진천군 진천읍,경상사고,0,0,1,0,차대차 - 추돌,안전운전불이행,건조,맑음,교차로 - 교차로부근,승용,남,21세,상해없음,이륜,남,14세,경상
2016062000100634,2016년 6월 20일 22시,월요일,충청북도 청주시 흥덕구 복대동,경상사고,0,0,2,0,차대차 - 정면충돌,안전운전불이행,건조,맑음,단일로 - 기타,승용,여,47세,상해없음,승용,남,53세,경상
2016062000100659,2016년 6월 20일 23시,월요일,충청북도 청주시 서원구 개신동,경상사고,0,0,1,0,차대사람 - 기타,기타,건조,맑음,교차로 - 교차로부근,기타불명,기타불명,기타불명,기타불명,보행자,남,19세,경상
2016062100100009,2016년 6월 21일 00시,화요일,충청북도 청주시 흥덕구 비하동,중상사고,0,1,1,0,차대차 - 정면충돌,중앙선침범,건조,맑음,교차로 - 교차로부근,승용,남,33세,중상,승용,남,27세,경상
2016062100100010,2016년 6월 21일 00시,화요일,충청북도 진천군 진천읍,중상사고,0,1,1,0,차대차 - 측면직각충돌,안전거리미확보,건조,맑음,단일로 - 터널,승용,남,46세,상해없음,승용,남,59세,경상
2016062100100043,2016년 6월 21일 04시,화요일,충청북도 청주시 청원구 내덕동,중상사고,0,1,1,0,차대차 - 측면직각충돌,과속,건조,맑음,단일로 - 기타,승용,남,30세,경상,승용,남,63세,중상
2016062100100056,2016년 6월 21일 06시,화요일,충청북도 옥천군 청산면,경상사고,0,0,1,0,차대차 - 측면충돌,교차로운행방법위반,건조,맑음,교차로 - 교차로안,화물,남,42세,경상,승합,남,56세,상해없음
2016062100100057,2016년 6월 21일 06시,화요일,충청북도 청주시 흥덕구 가경동,경상사고,0,0,4,0,차대차 - 측면직각충돌,신호위반,건조,맑음,교차로 - 교차로안,승용,여,30세,경상,승용,남,74세,경상
2016062100100083,2016년 6월 21일 07시,화요일,충청북도 청주시 서원구 산남동,경상사고,0,0,1,0,차대차 - 기타,안전운전불이행,건조,맑음,기타 - 기타,승용,남,54세,상해없음,승용,남,42세,경상
2016062100100112,2016년 6월 21일 08시,화요일,충청북도 청주시 청원구 내수읍,중상사고,0,1,5,0,차대차 - 정면충돌,중앙선침범,건조,맑음,단일로 - 기타,화물,남,49세,상해없음,승합,남,55세,경상
2016062100100113,2016년 6월 21일 08시,화요일,충청북도 제천시 신백동,경상사고,0,0,1,0,차대차 - 정면충돌,중앙선침범,건조,맑음,교차로 - 교차로부근,자전거,남,17세,경상,승용,남,61세,상해없음
2016062100100114,2016년 6월 21일 08시,화요일,충청북도 제천시 봉양읍,중상사고,0,1,1,0,차대차 - 기타,중앙선침범,건조,맑음,단일로 - 기타,승용,남,46세,상해없음,승합,남,34세,상해없음
2016062100100115,2016년 6월 21일 08시,화요일,충청북도 영동군 영동읍,중상사고,0,1,0,0,차대차 - 측면충돌,기타,건조,흐림,교차로 - 교차로안,승용,여,57세,상해없음,이륜,남,83세,중상
2016062100100194,2016년 6월 21일 10시,화요일,충청북도 청주시 청원구 율량동,중상사고,0,1,0,0,차량단독 - 기타,안전운전불이행,건조,맑음,단일로 - 기타,승합,남,56세,상해없음,,,,
2016062100100195,2016년 6월 21일 10시,화요일,충청북도 괴산군 괴산읍,경상사고,0,0,2,0,차대차 - 측면충돌,안전거리미확보,건조,맑음,교차로 - 교차로부근,이륜,남,74세,경상,화물,남,48세,상해없음
2016062100100229,2016년 6월 21일 11시,화요일,충청북도 단양군 영춘면,중상사고,0,1,1,1,차량단독 - 전도전복,안전운전불이행,건조,맑음,단일로 - 기타,승용,남,68세,경상,,,,
2016062100100265,2016년 6월 21일 12시,화요일,충청북도 충주시 금릉동,경상사고,0,0,3,0,차대차 - 측면충돌,안전운전불이행,건조,맑음,단일로 - 기타,승용,남,56세,상해없음,승용,여,42세,경상
2016062100100266,2016년 6월 21일 12시,화요일,충청북도 제천시 중앙로1가,경상사고,0,0,3,0,차대차 - 기타,안전운전불이행,건조,흐림,교차로 - 교차로안,승합,남,28세,경상,승용,남,32세,경상
2016062100100267,2016년 6월 21일 12시,화요일,충청북도 옥천군 옥천읍,경상사고,0,0,1,0,차대차 - 추돌,안전운전불이행,건조,맑음,교차로 - 교차로부근,원동기,여,41세,경상,승용,여,24세,상해없음
2016062100100286,2016년 6월 21일 13시,화요일,충청북도 청주시 청원구 율량동,중상사고,0,1,0,0,차량단독 - 전도전복,안전운전불이행,건조,맑음,단일로 - 터널,승용,남,45세,중상,,,,
2016062100100287,2016년 6월 21일 13시,화요일,충청북도 청주시 흥덕구 옥산면,중상사고,0,1,1,0,차대차 - 기타,차로위반,건조,맑음,단일로 - 기타,승용,남,48세,상해없음,승용,남,49세,중상
2016062100100288,2016년 6월 21일 13시,화요일,충청북도 청주시 서원구 산남동,경상사고,0,0,4,0,차대차 - 측면충돌,안전운전불이행,건조,맑음,교차로 - 교차로안,승용,남,63세,상해없음,승용,남,55세,경상
2016062100100390,2016년 6월 21일 16시,화요일,충청북도 청주시 청원구 우암동,경상사고,0,0,1,0,차대차 - 기타,안전운전불이행,건조,맑음,교차로 - 교차로부근,승용,남,46세,상해없음,승용,남,39세,경상
2016062100100391,2016년 6월 21일 16시,화요일,충청북도 청주시 청원구 내덕동,경상사고,0,0,1,0,차대차 - 기타,안전운전불이행,건조,맑음,교차로 - 교차로부근,화물,남,55세,상해없음,승용,여,36세,경상
2016062100100426,2016년 6월 21일 17시,화요일,충청북도 청주시 청원구 우암동,경상사고,0,0,1,0,차대차 - 추돌,신호위반,건조,맑음,교차로 - 교차로부근,승합,남,22세,상해없음,자전거,여,50세,경상
2016062100100427,2016년 6월 21일 17시,화요일,충청북도 청주시 상당구 수동,경상사고,0,0,5,0,차대차 - 측면직각충돌,교차로운행방법위반,건조,맑음,교차로 - 교차로안,승용,남,74세,경상,승용,여,75세,경상
2016062100100428,2016년 6월 21일 17시,화요일,충청북도 청주시 청원구 오창읍,중상사고,0,1,0,0,차대사람 - 횡단중,안전운전불이행,건조,맑음,단일로 - 기타,승합,여,35세,상해없음,보행자,남,3세,중상
2016062100100429,2016년 6월 21일 17시,화요일,충청북도 청주시 서원구 산남동,경상사고,0,0,1,0,차대차 - 정면충돌,안전운전불이행,건조,맑음,단일로 - 기타,승용,남,42세,상해없음,자전거,남,12세,경상
2016062100100476,2016년 6월 21일 18시,화요일,충청북도 청주시 흥덕구 석곡동,경상사고,0,0,3,0,차대차 - 추돌,안전운전불이행,건조,맑음,단일로 - 기타,승용,남,33세,경상,건설기계,남,48세,경상
2016062100100477,2016년 6월 21일 18시,화요일,충청북도 청주시 상당구 용암동,경상사고,0,0,1,0,차대차 - 추돌,안전운전불이행,건조,맑음,교차로 - 교차로부근,승용,남,55세,상해없음,승용,남,31세,경상
2016062100100547,2016년 6월 21일 20시,화요일,충청북도 옥천군 옥천읍,경상사고,0,0,1,0,차대차 - 추돌,안전거리미확보,건조,맑음,교차로 - 교차로안,승용,남,24세,상해없음,이륜,남,57세,경상
2016062100100548,2016년 6월 21일 20시,화요일,충청북도 청주시 흥덕구 복대동,경상사고,0,0,1,0,차대사람 - 횡단중,안전운전불이행,건조,맑음,단일로 - 기타,승용,여,41세,상해없음,보행자,남,45세,경상
2016062100100580,2016년 6월 21일 21시,화요일,충청북도 청주시 흥덕구 복대동,중상사고,0,1,2,0,차대차 - 정면충돌,안전운전불이행,건조,맑음,단일로 - 기타,승용,여,57세,상해없음,승용,여,52세,중상
2016062200100045,2016년 6월 22일 05시,수요일,충청북도 옥천군 옥천읍,경상사고,0,0,1,0,차대차 - 측면충돌,안전운전불이행,건조,맑음,교차로 - 교차로안,승용,남,58세,경상,승용,남,50세,상해없음
2016062200100053,2016년 6월 22일 06시,수요일,충청북도 제천시 청전동,경상사고,0,0,1,0,차대차 - 측면충돌,안전운전불이행,건조,맑음,단일로 - 횡단보도상,승용,남,58세,상해없음,자전거,남,70세,경상
2016062200100108,2016년 6월 22일 08시,수요일,충청북도 제천시 영천동,경상사고,0,0,3,0,차대차 - 추돌,교차로운행방법위반,건조,맑음,교차로 - 교차로안,승용,여,41세,상해없음,승용,여,34세,경상
2016062200100109,2016년 6월 22일 08시,수요일,충청북도 음성군 맹동면,경상사고,0,0,4,0,차대차 - 추돌,안전운전불이행,건조,맑음,단일로 - 기타,승용,여,46세,상해없음,승용,여,39세,경상
2016062200100110,2016년 6월 22일 08시,수요일,충청북도 청주시 흥덕구 오송읍,경상사고,0,0,1,0,차대차 - 기타,안전운전불이행,건조,맑음,교차로 - 교차로안,승용,남,30세,상해없음,승용,여,38세,경상
2016062200100139,2016년 6월 22일 09시,수요일,충청북도 충주시 충의동,경상사고,0,0,1,0,차대사람 - 횡단중,안전운전불이행,건조,맑음,단일로 - 기타,승용,여,67세,기타불명,보행자,여,67세,경상
2016062200100140,2016년 6월 22일 09시,수요일,충청북도 음성군 금왕읍,경상사고,0,0,1,0,차대차 - 측면충돌,안전운전불이행,건조,맑음,단일로 - 기타,승용,여,38세,상해없음,승용,여,32세,경상
2016062200100156,2016년 6월 22일 10시,수요일,충청북도 진천군 이월면,경상사고,0,0,2,0,차대차 - 측면충돌,교차로운행방법위반,건조,맑음,교차로 - 교차로안,승용,남,77세,경상,승용,여,33세,경상
2016062200100177,2016년 6월 22일 11시,수요일,충청북도 청주시 청원구 율량동,경상사고,0,0,1,0,차대차 - 기타,안전운전불이행,건조,맑음,교차로 - 교차로부근,승용,남,38세,상해없음,승용,남,71세,경상
2016062200100178,2016년 6월 22일 11시,수요일,충청북도 제천시 송학면,경상사고,0,0,2,0,차량단독 - 공작물충돌,안전운전불이행,건조,맑음,단일로 - 기타,승용,여,65세,경상,,,,
2016062200100240,2016년 6월 22일 13시,수요일,충청북도 청주시 흥덕구 오송읍,중상사고,0,1,0,0,차대차 - 측면직각충돌,차로위반,건조,맑음,단일로 - 기타,건설기계,남,41세,상해없음,승용,여,41세,중상
2016062200100241,2016년 6월 22일 13시,수요일,충청북도 청주시 흥덕구 봉명동,경상사고,0,0,1,0,차대차 - 측면직각충돌,안전운전불이행,건조,맑음,단일로 - 기타,승용,남,57세,상해없음,승용,여,34세,경상
2016062200100242,2016년 6월 22일 13시,수요일,충청북도 청주시 상당구 문의면,중상사고,0,1,0,0,차대차 - 측면충돌,안전운전불이행,건조,맑음,교차로 - 교차로안,화물,남,52세,상해없음,이륜,남,48세,중상
2016062200100243,2016년 6월 22일 13시,수요일,충청북도 청주시 서원구 장성동,경상사고,0,0,6,0,차대차 - 기타,신호위반,건조,맑음,교차로 - 교차로안,승합,남,34세,경상,승용,여,41세,경상
2016062200100244,2016년 6월 22일 13시,수요일,충청북도 보은군 회인면,사망사고,2,2,2,2,차대차 - 추돌,안전운전불이행,건조,맑음,단일로 - 기타,특수,남,53세,상해없음,화물,남,40세,경상
2016062200100354,2016년 6월 22일 16시,수요일,충청북도 청주시 청원구 율량동,중상사고,0,1,0,0,차대사람 - 횡단중,보행자보호의무위반,건조,맑음,교차로 - 교차로부근,화물,남,47세,상해없음,보행자,여,47세,중상
2016062200100355,2016년 6월 22일 16시,수요일,충청북도 충주시 성서동,중상사고,0,1,0,0,차대사람 - 횡단중,안전운전불이행,건조,맑음,단일로 - 기타,승용,여,42세,상해없음,보행자,남,83세,중상
2016062200100356,2016년 6월 22일 16시,수요일,충청북도 음성군 음성읍,경상사고,0,0,1,0,차대차 - 추돌,안전거리미확보,건조,맑음,단일로 - 기타,승합,남,36세,상해없음,승용,남,52세,경상
2016062200100357,2016년 6월 22일 16시,수요일,충청북도 진천군 초평면,경상사고,0,0,4,0,차대차 - 기타,안전운전불이행,건조,맑음,교차로 - 교차로부근,기타불명,남,21세,상해없음,화물,남,45세,경상
2016062200100359,2016년 6월 22일 16시,수요일,충청북도 청주시 상당구 석교동,경상사고,0,0,2,0,차대차 - 추돌,안전운전불이행,건조,맑음,단일로 - 기타,승용,남,59세,상해없음,승용,남,55세,경상
2016062200100438,2016년 6월 22일 18시,수요일,충청북도 청주시 상당구 월오동,경상사고,0,0,1,0,차대차 - 측면충돌,안전운전불이행,건조,맑음,단일로 - 기타,승용,여,58세,상해없음,승용,여,41세,경상
2016062200100439,2016년 6월 22일 18시,수요일,충청북도 청주시 상당구 남문로1가동,중상사고,0,1,0,0,차대사람 - 기타,안전운전불이행,건조,맑음,단일로 - 기타,승용,남,34세,상해없음,보행자,남,74세,중상
2016062200100473,2016년 6월 22일 19시,수요일,충청북도 제천시 화산동,경상사고,0,0,1,0,차대차 - 기타,교차로운행방법위반,건조,맑음,교차로 - 교차로부근,승용,남,52세,상해없음,승용,남,34세,상해없음
2016062200100505,2016년 6월 22일 20시,수요일,충청북도 보은군 보은읍,경상사고,0,0,1,0,차대차 - 정면충돌,안전운전불이행,건조,맑음,교차로 - 교차로부근,화물,남,65세,상해없음,승용,여,31세,경상