사고번호,사고일시,요일,시군구,사고내용,사망자수,중상자수,경상자수,부상신고자수,사고유형,법규위반,노면상태,기상상태,도로형태,가해운전자 차종,가해운전자 성별,가해운전자 연령,가해운전자 상해정도,피해운전자 차종,피해운전자 성별,피해운전자 연령,피해운전자 상해정도
2016062200100530,2016년 6월 22일 21시,수요일,충청북도 제천시 화산동,경상사고,0,0,2,0,차대차 - 측면충돌,교차로운행방법위반,건조,맑음,교차로 - 교차로안,승용,남,65세,상해없음,승용,여,56세,상해없음
2016062200100531,2016년 6월 22일 21시,수요일,충청북도 제천시 서부동,중상사고,0,2,0,0,차대사람 - 횡단중,보행자보호의무위반,건조,맑음,단일로 - 횡단보도상,승용,남,58세,상해없음,보행자,여,68세,중상
2016062200100532,2016년 6월 22일 21시,수요일,충청북도 음성군 감곡면,중상사고,0,1,0,0,차대사람 - 기타,안전운전불이행,건조,맑음,단일로 - 기타,승용,여,45세,상해없음,보행자,남,55세,중상
2016062200100534,2016년 6월 22일 21시,수요일,충청북도 영동군 황간면,사망사고,1,0,1,0,차대차 - 추돌,안전운전불이행,습기,비,단일로 - 기타,화물,남,37세,사망,화물,남,61세,경상
2016062200100582,2016년 6월 22일 23시,수요일,충청북도 제천시 청전동,경상사고,0,0,1,0,차대차 - 정면충돌,직진우회전진행방해,건조,흐림,교차로 - 교차로안,승용,남,46세,상해없음,이륜,남,22세,경상
2016062300100085,2016년 6월 23일 07시,목요일,충청북도 청주시 흥덕구 서촌동,중상사고,0,1,0,0,차대차 - 측면직각충돌,안전운전불이행,건조,맑음,단일로 - 기타,승용,남,57세,상해없음,자전거,여,71세,중상
2016062300100123,2016년 6월 23일 08시,목요일,충청북도 청주시 흥덕구 복대동,경상사고,0,0,1,0,차대사람 - 기타,안전운전불이행,건조,맑음,기타 - 기타,승합,남,63세,상해없음,보행자,여,21세,경상
2016062300100124,2016년 6월 23일 08시,목요일,충청북도 청주시 흥덕구 신봉동,중상사고,0,1,0,0,차대사람 - 횡단중,보행자보호의무위반,건조,맑음,단일로 - 횡단보도상,승용,여,56세,상해없음,보행자,남,29세,중상
2016062300100238,2016년 6월 23일 12시,목요일,충청북도 청주시 흥덕구 봉명동,경상사고,0,0,2,0,차대차 - 정면충돌,교차로운행방법위반,건조,맑음,교차로 - 교차로안,승용,여,55세,상해없음,승용,여,28세,경상
2016062300100269,2016년 6월 23일 13시,목요일,충청북도 청주시 상당구 서운동,경상사고,0,0,5,0,차대차 - 정면충돌,안전운전불이행,건조,맑음,단일로 - 기타,승용,남,53세,상해없음,승용,여,31세,경상
2016062300100270,2016년 6월 23일 13시,목요일,충청북도 청주시 상당구 서문동,경상사고,0,0,1,0,차대사람 - 길가장자리구역통행중,안전운전불이행,건조,맑음,단일로 - 기타,승용,여,29세,상해없음,보행자,남,75세,경상
2016062300100326,2016년 6월 23일 15시,목요일,충청북도 진천군 광혜원면,중상사고,0,1,0,0,차대차 - 기타,교차로운행방법위반,건조,맑음,교차로 - 교차로안,승용,남,62세,상해없음,자전거,남,56세,중상
2016062300100394,2016년 6월 23일 17시,목요일,충청북도 괴산군 사리면,경상사고,0,0,1,0,차대차 - 측면충돌,차로위반,건조,맑음,단일로 - 기타,승용,남,49세,상해없음,승용,남,46세,경상
2016062300100395,2016년 6월 23일 17시,목요일,충청북도 청주시 흥덕구 문암동,경상사고,0,0,1,0,차대차 - 정면충돌,안전거리미확보,건조,맑음,교차로 - 교차로부근,화물,남,41세,상해없음,승용,남,50세,경상
2016062300100435,2016년 6월 23일 18시,목요일,충청북도 청주시 흥덕구 오송읍,경상사고,0,0,1,0,차대차 - 추돌,안전운전불이행,건조,맑음,단일로 - 기타,승용,남,51세,상해없음,승용,여,52세,경상
2016062300100467,2016년 6월 23일 19시,목요일,충청북도 청주시 흥덕구 복대동,중상사고,0,1,0,0,차대차 - 정면충돌,차로위반,건조,맑음,교차로 - 교차로부근,화물,남,37세,상해없음,이륜,남,42세,중상
2016062300100468,2016년 6월 23일 19시,목요일,충청북도 청주시 서원구 분평동,중상사고,0,1,0,0,차대차 - 기타,안전운전불이행,건조,맑음,단일로 - 기타,승용,여,44세,상해없음,자전거,남,57세,중상
2016062300100488,2016년 6월 23일 20시,목요일,충청북도 진천군 덕산면,경상사고,0,0,2,0,차대차 - 측면직각충돌,안전운전불이행,건조,맑음,단일로 - 기타,승용,남,40세,상해없음,원동기,기타불명,기타불명,기타불명
2016062300100516,2016년 6월 23일 21시,목요일,충청북도 증평군 증평읍,경상사고,0,0,1,0,차대차 - 측면직각충돌,신호위반,건조,흐림,교차로 - 교차로안,이륜,남,19세,경상,승용,남,45세,상해없음
2016062300100517,2016년 6월 23일 21시,목요일,충청북도 음성군 삼성면,경상사고,0,0,1,0,차대차 - 정면충돌,안전운전불이행,건조,맑음,단일로 - 기타,화물,남,42세,상해없음,승용,남,63세,경상
2016062300100518,2016년 6월 23일 21시,목요일,충청북도 청주시 상당구 용암동,경상사고,0,0,3,0,차대차 - 측면충돌,안전운전불이행,습기,비,단일로 - 기타,승용,남,42세,상해없음,승합,남,63세,경상
2016062300100551,2016년 6월 23일 22시,목요일,충청북도 제천시 중앙로2가,경상사고,0,0,1,0,차대차 - 측면충돌,안전운전불이행,건조,맑음,교차로 - 교차로부근,이륜,남,18세,경상,승용,남,40세,기타불명
2016062300100552,2016년 6월 23일 22시,목요일,충청북도 청주시 흥덕구 복대동,중상사고,0,2,0,0,차량단독 - 공작물충돌,안전운전불이행,건조,맑음,단일로 - 기타,승용,여,51세,중상,,,,
2016062400100011,2016년 6월 24일 00시,금요일,충청북도 청주시 서원구 사창동,경상사고,0,0,1,0,차대차 - 추돌,안전운전불이행,습기,비,단일로 - 기타,이륜,남,23세,상해없음,승용,남,34세,상해없음
2016062400100012,2016년 6월 24일 00시,금요일,충청북도 청주시 흥덕구 봉명동,중상사고,0,1,0,0,차대차 - 정면충돌,안전운전불이행,습기,비,교차로 - 교차로부근,승용,남,28세,상해없음,승용,남,47세,중상
2016062400100013,2016년 6월 24일 00시,금요일,충청북도 청주시 상당구 용암동,중상사고,0,1,0,0,차대사람 - 횡단중,안전운전불이행,습기,비,단일로 - 기타,승용,남,45세,상해없음,보행자,남,32세,중상
2016062400100032,2016년 6월 24일 01시,금요일,충청북도 청주시 청원구 율량동,중상사고,0,1,0,0,차대차 - 측면직각충돌,안전운전불이행,습기,비,교차로 - 교차로안,승용,여,27세,상해없음,이륜,남,59세,중상
2016062400100046,2016년 6월 24일 02시,금요일,충청북도 청주시 흥덕구 복대동,경상사고,0,0,3,0,차대차 - 정면충돌,신호위반,습기,비,교차로 - 교차로안,승용,남,39세,상해없음,승용,남,49세,경상
2016062400100064,2016년 6월 24일 04시,금요일,충청북도 청주시 흥덕구 송절동,경상사고,0,0,1,0,차대차 - 기타,안전운전불이행,건조,맑음,교차로 - 교차로부근,승용,남,34세,상해없음,화물,남,63세,경상
2016062400100075,2016년 6월 24일 05시,금요일,충청북도 음성군 대소면,경상사고,0,0,1,0,차량단독 - 공작물충돌,안전운전불이행,습기,비,단일로 - 기타,승용,여,24세,경상,,,,
2016062400100110,2016년 6월 24일 07시,금요일,충청북도 청주시 흥덕구 복대동,경상사고,0,0,1,0,차대차 - 측면직각충돌,기타,습기,비,단일로 - 기타,승용,남,60세,상해없음,승용,여,27세,경상
2016062400100202,2016년 6월 24일 09시,금요일,충청북도 제천시 봉양읍,중상사고,0,1,0,0,차대차 - 측면직각충돌,안전운전불이행,습기,비,단일로 - 기타,화물,남,58세,상해없음,화물,남,61세,상해없음
2016062400100203,2016년 6월 24일 09시,금요일,충청북도 청주시 상당구 금천동,경상사고,0,0,1,0,차대사람 - 횡단중,안전운전불이행,습기,비,단일로 - 횡단보도상,승합,남,76세,상해없음,보행자,여,61세,경상
2016062400100264,2016년 6월 24일 11시,금요일,충청북도 충주시 중앙탑면,부상신고사고,0,0,0,1,차량단독 - 전도전복,안전운전불이행,습기,비,단일로 - 기타,승용,남,33세,부상신고,,,,
2016062400100265,2016년 6월 24일 11시,금요일,충청북도 제천시 의림동,부상신고사고,0,0,0,1,차대차 - 기타,직진우회전진행방해,습기,비,교차로 - 교차로안,승용,여,37세,상해없음,이륜,남,62세,부상신고
2016062400100266,2016년 6월 24일 11시,금요일,충청북도 청주시 서원구 남이면,경상사고,0,0,2,0,차대차 - 정면충돌,안전거리미확보,습기,비,교차로 - 교차로부근,승용,여,48세,상해없음,화물,남,64세,경상
2016062400100287,2016년 6월 24일 12시,금요일,충청북도 증평군 증평읍,중상사고,0,1,0,0,차대차 - 측면충돌,직진우회전진행방해,건조,맑음,교차로 - 교차로안,승용,남,36세,상해없음,이륜,남,18세,중상
2016062400100288,2016년 6월 24일 12시,금요일,충청북도 청주시 흥덕구 오송읍,경상사고,0,0,1,0,차대차 - 정면충돌,안전운전불이행,습기,비,교차로 - 교차로부근,승용,남,25세,상해없음,승합,남,56세,경상
2016062400100323,2016년 6월 24일 13시,금요일,충청북도 제천시 봉양읍,경상사고,0,0,1,0,차대차 - 측면충돌,안전거리미확보,건조,흐림,기타 - 기타,화물,남,55세,상해없음,승용,남,55세,경상
2016062400100324,2016년 6월 24일 13시,금요일,충청북도 단양군 단양읍,중상사고,0,1,0,0,차대사람 - 횡단중,보행자보호의무위반,습기,비,단일로 - 기타,승용,여,50세,상해없음,보행자,여,62세,중상
2016062400100348,2016년 6월 24일 14시,금요일,충청북도 충주시 연수동,중상사고,0,1,0,0,차대사람 - 기타,안전운전불이행,건조,맑음,단일로 - 기타,화물,남,40세,상해없음,보행자,여,61세,중상
2016062400100349,2016년 6월 24일 14시,금요일,충청북도 증평군 증평읍,경상사고,0,0,1,0,차대차 - 추돌,안전거리미확보,건조,맑음,단일로 - 기타,승용,여,58세,상해없음,화물,남,42세,경상
2016062400100378,2016년 6월 24일 15시,금요일,충청북도 청주시 흥덕구 운천동,중상사고,0,1,0,0,차대차 - 정면충돌,중앙선침범,건조,맑음,교차로 - 교차로부근,승용,여,30세,상해없음,이륜,남,35세,중상
2016062400100407,2016년 6월 24일 16시,금요일,충청북도 충주시 신니면,경상사고,0,0,1,0,차대차 - 측면충돌,안전거리미확보,건조,맑음,단일로 - 기타,기타불명,기타불명,23세,기타불명,승용,여,62세,경상
2016062400100486,2016년 6월 24일 18시,금요일,충청북도 제천시 영천동,경상사고,0,0,1,0,차대차 - 정면충돌,직진우회전진행방해,건조,흐림,교차로 - 교차로안,승용,남,56세,상해없음,승용,여,31세,경상
2016062400100520,2016년 6월 24일 19시,금요일,충청북도 증평군 증평읍,경상사고,0,0,1,0,차대사람 - 보도통행중,기타,건조,맑음,단일로 - 기타,이륜,남,41세,상해없음,보행자,여,9세,경상
2016062400100521,2016년 6월 24일 19시,금요일,충청북도 청주시 흥덕구 가경동,경상사고,0,0,1,0,차대차 - 기타,안전운전불이행,건조,맑음,단일로 - 기타,승용,여,47세,상해없음,원동기,남,30세,경상
2016062400100583,2016년 6월 24일 21시,금요일,충청북도 청주시 청원구 사천동,중상사고,0,1,0,0,차대차 - 기타,안전운전불이행,건조,맑음,단일로 - 기타,승용,여,55세,상해없음,화물,남,56세,상해없음
2016062500100128,2016년 6월 25일 07시,토요일,충청북도 청주시 서원구 현도면,경상사고,0,0,1,0,차대차 - 정면충돌,신호위반,건조,맑음,교차로 - 교차로안,화물,남,33세,상해없음,화물,남,49세,경상
2016062500100129,2016년 6월 25일 07시,토요일,충청북도 청주시 상당구 용암동,경상사고,0,0,2,0,차대차 - 정면충돌,안전운전불이행,건조,맑음,교차로 - 교차로부근,화물,남,49세,상해없음,화물,남,40세,상해없음
2016062500100150,2016년 6월 25일 08시,토요일,충청북도 청주시 청원구 내수읍,경상사고,0,0,1,0,차대차 - 측면충돌,안전운전불이행,건조,맑음,단일로 - 기타,승용,남,76세,상해없음,승용,여,56세,경상
2016062500100176,2016년 6월 25일 09시,토요일,충청북도 음성군 음성읍,중상사고,0,1,1,0,차대차 - 측면충돌,차로위반,건조,맑음,단일로 - 기타,화물,남,70세,경상,화물,남,59세,중상
2016062500100177,2016년 6월 25일 09시,토요일,충청북도 진천군 광혜원면,경상사고,0,0,1,0,차대차 - 정면충돌,중앙선침범,건조,맑음,교차로 - 교차로안,승용,남,36세,상해없음,승용,남,40세,경상
2016062500100178,2016년 6월 25일 09시,토요일,충청북도 청주시 서원구 죽림동,경상사고,0,0,2,0,차대차 - 기타,신호위반,건조,맑음,교차로 - 교차로안,승용,여,36세,상해없음,원동기,남,66세,경상
2016062500100210,2016년 6월 25일 10시,토요일,충청북도 음성군 음성읍,부상신고사고,0,0,0,1,차대차 - 측면충돌,안전운전불이행,건조,맑음,단일로 - 기타,이륜,남,48세,부상신고,승용,남,61세,상해없음
2016062500100211,2016년 6월 25일 10시,토요일,충청북도 옥천군 옥천읍,중상사고,0,1,0,0,차대차 - 측면직각충돌,교차로운행방법위반,건조,맑음,교차로 - 교차로안,승용,여,38세,상해없음,원동기,남,66세,중상
2016062500100212,2016년 6월 25일 10시,토요일,충청북도 청주시 서원구 남이면,중상사고,0,1,0,0,차대차 - 측면직각충돌,교차로운행방법위반,건조,맑음,교차로 - 교차로안,건설기계,남,51세,상해없음,이륜,남,75세,중상
2016062500100248,2016년 6월 25일 11시,토요일,충청북도 제천시 봉양읍,경상사고,0,0,3,0,차대차 - 추돌,안전거리미확보,건조,맑음,단일로 - 기타,화물,남,33세,상해없음,승용,남,66세,경상
2016062500100280,2016년 6월 25일 12시,토요일,충청북도 제천시 봉양읍,경상사고,0,0,2,0,차대차 - 측면충돌,직진우회전진행방해,건조,흐림,교차로 - 교차로안,승용,남,48세,경상,화물,남,62세,경상
2016062500100322,2016년 6월 25일 13시,토요일,충청북도 충주시 안림동,경상사고,0,0,3,0,차대차 - 정면충돌,중앙선침범,건조,맑음,교차로 - 교차로부근,승용,여,52세,상해없음,승용,남,62세,경상
2016062500100358,2016년 6월 25일 14시,토요일,충청북도 청주시 상당구 금천동,중상사고,0,1,0,0,차대차 - 측면충돌,안전운전불이행,건조,맑음,교차로 - 교차로안,승용,남,65세,상해없음,이륜,남,35세,중상
2016062500100359,2016년 6월 25일 14시,토요일,충청북도 청주시 상당구 용암동,부상신고사고,0,0,0,1,차량단독 - 전도전복,안전운전불이행,건조,맑음,단일로 - 기타,이륜,남,16세,부상신고,,,,
2016062500100408,2016년 6월 25일 15시,토요일,충청북도 충주시 소태면,경상사고,0,0,1,0,차대차 - 측면충돌,기타,건조,맑음,단일로 - 기타,화물,남,53세,상해없음,승용,남,78세,경상
2016062500100409,2016년 6월 25일 15시,토요일,충청북도 음성군 소이면,중상사고,0,1,0,0,차대차 - 정면충돌,안전운전불이행,건조,맑음,단일로 - 기타,이륜,남,59세,중상,화물,남,21세,상해없음
2016062500100410,2016년 6월 25일 15시,토요일,충청북도 음성군 대소면,중상사고,0,1,0,2,차대차 - 측면충돌,교차로운행방법위반,건조,맑음,교차로 - 교차로안,승용,남,53세,상해없음,승용,남,53세,중상
2016062500100444,2016년 6월 25일 16시,토요일,충청북도 청주시 청원구 오창읍,경상사고,0,0,1,0,차대차 - 측면충돌,교차로운행방법위반,건조,맑음,교차로 - 교차로안,이륜,남,77세,경상,승용,여,65세,상해없음
2016062500100445,2016년 6월 25일 16시,토요일,충청북도 괴산군 사리면,중상사고,0,3,4,0,차대차 - 측면직각충돌,교차로운행방법위반,건조,맑음,교차로 - 교차로안,승용,여,46세,경상,승용,남,35세,중상
2016062500100490,2016년 6월 25일 17시,토요일,충청북도 청주시 흥덕구 복대동,중상사고,0,1,0,0,차대사람 - 횡단중,보행자보호의무위반,건조,맑음,교차로 - 교차로안,승용,남,33세,상해없음,보행자,여,53세,중상
2016062500100529,2016년 6월 25일 18시,토요일,충청북도 제천시 영천동,경상사고,0,0,3,0,차대차 - 추돌,신호위반,건조,맑음,교차로 - 교차로안,승용,남,72세,경상,승용,남,61세,경상
2016062500100530,2016년 6월 25일 18시,토요일,충청북도 제천시 봉양읍,경상사고,0,0,2,0,차대차 - 측면충돌,안전운전불이행,건조,맑음,교차로 - 교차로부근,승용,남,55세,상해없음,승용,남,47세,경상
2016062500100531,2016년 6월 25일 18시,토요일,충청북도 청주시 흥덕구 복대동,사망사고,1,0,0,0,차대사람 - 차도통행중,안전운전불이행,건조,맑음,단일로 - 기타,승용,남,33세,상해없음,보행자,여,90세 이상,사망
2016062500100568,2016년 6월 25일 19시,토요일,충청북도 제천시 고명동,중상사고,0,3,7,0,차대차 - 측면충돌,신호위반,건조,맑음,교차로 - 교차로부근,승용,남,65세,경상,승용,남,60세,경상
2016062500100595,2016년 6월 25일 20시,토요일,충청북도 제천시 청전동,부상신고사고,0,0,0,1,차대차 - 측면충돌,안전운전불이행,건조,흐림,교차로 - 교차로안,승용,남,47세,상해없음,자전거,남,58세,부상신고
2016062500100626,2016년 6월 25일 21시,토요일,충청북도 충주시 칠금동,중상사고,0,1,1,0,차대차 - 측면충돌,신호위반,건조,맑음,교차로 - 교차로안,화물,남,35세,상해없음,승용,여,52세,중상
2016062500100627,2016년 6월 25일 21시,토요일,충청북도 청주시 흥덕구 오송읍,경상사고,0,0,3,0,차대차 - 기타,안전운전불이행,건조,맑음,교차로 - 교차로부근,승용,남,29세,상해없음,승용,남,21세,경상
2016062500100650,2016년 6월 25일 22시,토요일,충청북도 충주시 용산동,경상사고,0,0,1,0,차대차 - 측면충돌,직진우회전진행방해,건조,맑음,교차로 - 교차로안,승용,남,60세,상해없음,승용,남,49세,경상
2016062500100674,2016년 6월 25일 23시,토요일,충청북도 청주시 청원구 율량동,경상사고,0,0,3,0,차대차 - 측면충돌,교차로운행방법위반,건조,맑음,교차로 - 교차로안,승용,남,46세,경상,승용,남,51세,경상
2016062500100675,2016년 6월 25일 23시,토요일,충청북도 청주시 흥덕구 복대동,경상사고,0,0,1,0,차대차 - 기타,안전운전불이행,건조,맑음,교차로 - 교차로안,승용,남,29세,상해없음,승용,여,40세,경상
2016062500100676,2016년 6월 25일 23시,토요일,충청북도 청주시 상당구 문의면,경상사고,0,0,1,0,차대차 - 측면충돌,안전운전불이행,건조,맑음,단일로 - 기타,이륜,남,24세,경상,승용,남,25세,상해없음
2016062600100053,2016년 6월 26일 03시,일요일,충청북도 청주시 흥덕구 옥산면,경상사고,0,0,1,0,차대차 - 정면충돌,안전운전불이행,건조,맑음,단일로 - 기타,승용,남,29세,상해없음,승용,남,37세,경상
2016062600100059,2016년 6월 26일 04시,일요일,충청북도 옥천군 옥천읍,부상신고사고,0,0,0,1,차량단독 - 전도전복,안전운전불이행,건조,맑음,단일로 - 기타,승용,남,17세,부상신고,,,,
2016062600100068,2016년 6월 26일 05시,일요일,충청북도 제천시 모산동,중상사고,0,1,1,0,차량단독 - 전도전복,안전운전불이행,건조,흐림,교차로 - 교차로부근,승용,남,43세,경상,,,,
2016062600100069,2016년 6월 26일 05시,일요일,충청북도 청주시 서원구 수곡동,경상사고,0,0,1,0,차대차 - 측면충돌,신호위반,건조,맑음,교차로 - 교차로안,승용,여,59세,상해없음,승용,여,39세,경상
2016062600100087,2016년 6월 26일 06시,일요일,충청북도 청주시 흥덕구 복대동,경상사고,0,0,1,0,차대사람 - 횡단중,안전운전불이행,건조,맑음,교차로 - 교차로안,승용,남,21세,상해없음,보행자,여,44세,경상
2016062600100115,2016년 6월 26일 08시,일요일,충청북도 음성군 음성읍,중상사고,0,1,0,0,차대차 - 측면충돌,교차로운행방법위반,건조,맑음,교차로 - 교차로안,승용,여,56세,상해없음,화물,남,45세,중상
2016062600100136,2016년 6월 26일 09시,일요일,충청북도 청주시 청원구 우암동,경상사고,0,0,1,0,차대차 - 측면충돌,안전운전불이행,건조,맑음,단일로 - 기타,승용,남,60세,경상,승용,여,57세,상해없음
2016062600100137,2016년 6월 26일 09시,일요일,충청북도 제천시 청전동,중상사고,0,1,0,0,차대차 - 측면충돌,중앙선침범,건조,맑음,기타 - 기타,자전거,남,73세,중상,승용,남,77세,상해없음
2016062600100153,2016년 6월 26일 10시,일요일,충청북도 영동군 영동읍,중상사고,0,1,1,0,차대차 - 정면충돌,안전운전불이행,건조,맑음,교차로 - 교차로안,화물,남,46세,경상,화물,남,56세,중상
2016062600100154,2016년 6월 26일 10시,일요일,충청북도 청주시 상당구 미원면,중상사고,0,1,0,0,차량단독 - 전도전복,안전운전불이행,건조,맑음,단일로 - 기타,승용,여,56세,상해없음,,,,
2016062600100173,2016년 6월 26일 11시,일요일,충청북도 진천군 백곡면,중상사고,0,1,1,0,차대차 - 추돌,안전거리미확보,건조,맑음,단일로 - 기타,이륜,남,36세,중상,이륜,남,28세,경상
2016062600100174,2016년 6월 26일 11시,일요일,충청북도 청주시 상당구 낭성면,중상사고,0,1,4,0,차대차 - 정면충돌,교차로운행방법위반,건조,맑음,교차로 - 교차로안,승용,여,59세,상해없음,승용,여,44세,경상
2016062600100196,2016년 6월 26일 12시,일요일,충청북도 청주시 청원구 내덕동,중상사고,0,1,0,0,차대차 - 추돌,안전운전불이행,건조,맑음,교차로 - 교차로부근,승합,남,49세,상해없음,승용,남,51세,상해없음
2016062600100197,2016년 6월 26일 12시,일요일,충청북도 충주시 수안보면,부상신고사고,0,0,0,1,차량단독 - 전도전복,안전운전불이행,건조,맑음,단일로 - 기타,이륜,남,27세,부상신고,,,,
2016062600100198,2016년 6월 26일 12시,일요일,충청북도 음성군 대소면,중상사고,0,1,1,0,차대차 - 측면충돌,교차로운행방법위반,건조,맑음,교차로 - 교차로안,승용,남,80세,중상,승용,여,53세,경상
2016062600100230,2016년 6월 26일 13시,일요일,충청북도 청주시 서원구 모충동,경상사고,0,0,1,0,차대차 - 정면충돌,안전운전불이행,건조,맑음,교차로 - 교차로안,승용,남,49세,상해없음,이륜,남,36세,경상
2016062600100299,2016년 6월 26일 15시,일요일,충청북도 충주시 봉방동,중상사고,0,1,0,0,차대차 - 정면충돌,안전운전불이행,건조,맑음,교차로 - 교차로부근,승용,남,42세,상해없음,자전거,남,13세,중상
2016062600100321,2016년 6월 26일 16시,일요일,충청북도 청주시 청원구 율량동,경상사고,0,0,2,0,차대차 - 정면충돌,안전운전불이행,건조,맑음,단일로 - 기타,화물,남,44세,경상,승용,남,22세,경상
2016062600100322,2016년 6월 26일 16시,일요일,충청북도 진천군 초평면,경상사고,0,0,1,0,차량단독 - 전도전복,안전운전불이행,건조,맑음,단일로 - 기타,이륜,남,14세,상해없음,,,,
2016062600100419,2016년 6월 26일 20시,일요일,충청북도 제천시 동현동,경상사고,0,0,1,0,차대차 - 측면충돌,안전운전불이행,건조,맑음,단일로 - 기타,화물,남,62세,상해없음,승용,남,31세,경상
2016062600100420,2016년 6월 26일 20시,일요일,충청북도 영동군 양강면,사망사고,1,0,0,0,차량단독 - 전도전복,안전운전불이행,건조,맑음,단일로 - 기타,자전거,남,72세,사망,,,,
2016062600100421,2016년 6월 26일 20시,일요일,충청북도 영동군 황간면,경상사고,0,0,1,0,차대차 - 측면충돌,중앙선침범,건조,맑음,단일로 - 기타,승용,남,64세,상해없음,화물,남,72세,경상
2016062600100422,2016년 6월 26일 20시,일요일,충청북도 청주시 흥덕구 강서동,경상사고,0,0,1,0,차대사람 - 기타,안전운전불이행,건조,맑음,교차로 - 교차로안,승용,여,35세,상해없음,보행자,남,62세,경상
2016062600100447,2016년 6월 26일 21시,일요일,충청북도 청주시 흥덕구 가경동,경상사고,0,0,2,0,차대차 - 기타,차로위반,건조,맑음,교차로 - 교차로부근,기타불명,기타불명,기타불명,기타불명,화물,남,54세,상해없음
2016062700100015,2016년 6월 27일 01시,월요일,충청북도 제천시 장락동,경상사고,0,0,5,0,차대차 - 측면충돌,신호위반,건조,맑음,교차로 - 교차로안,승용,남,42세,경상,승용,여,22세,경상
2016062700100016,2016년 6월 27일 01시,월요일,충청북도 청주시 흥덕구 복대동,경상사고,0,0,1,0,차대차 - 기타,불법유턴,건조,맑음,교차로 - 교차로부근,자전거,남,18세,경상,화물,남,22세,상해없음
2016062700100029,2016년 6월 27일 04시,월요일,충청북도 진천군 진천읍,부상신고사고,0,0,0,1,차량단독 - 기타,안전운전불이행,건조,맑음,단일로 - 기타,승용,남,36세,상해없음,,,,
2016062700100045,2016년 6월 27일 06시,월요일,충청북도 청주시 흥덕구 강서동,경상사고,0,0,3,0,차대차 - 정면충돌,신호위반,건조,맑음,교차로 - 교차로안,승용,남,69세,상해없음,승용,남,41세,경상
2016062700100046,2016년 6월 27일 06시,월요일,충청북도 청주시 서원구 남이면,경상사고,0,0,3,0,차대차 - 기타,교차로운행방법위반,건조,맑음,교차로 - 교차로안,승용,남,64세,상해없음,승용,남,23세,경상
2016062700100065,2016년 6월 27일 07시,월요일,충청북도 청주시 청원구 오창읍,경상사고,0,0,3,0,차대차 - 추돌,안전운전불이행,건조,맑음,단일로 - 기타,화물,남,54세,상해없음,승용,남,32세,경상
2016062700100095,2016년 6월 27일 08시,월요일,충청북도 청주시 청원구 율량동,중상사고,0,1,1,0,차대차 - 기타,신호위반,건조,맑음,단일로 - 횡단보도부근,승용,남,54세,상해없음,승용,여,70세,중상
2016062700100096,2016년 6월 27일 08시,월요일,충청북도 제천시 영천동,중상사고,0,1,0,0,차대차 - 측면직각충돌,과속,건조,맑음,교차로 - 교차로안,승용,여,33세,상해없음,승용,여,23세,중상
2016062700100097,2016년 6월 27일 08시,월요일,충청북도 제천시 금성면,중상사고,0,2,1,0,차대차 - 정면충돌,중앙선침범,건조,맑음,단일로 - 기타,승용,여,50세,경상,승용,여,62세,중상
2016062700100098,2016년 6월 27일 08시,월요일,충청북도 청주시 상당구 용담동,경상사고,0,0,1,0,차대차 - 측면충돌,안전거리미확보,건조,맑음,단일로 - 기타,승용,남,22세,경상,화물,남,35세,상해없음
2016062700100138,2016년 6월 27일 09시,월요일,충청북도 청주시 서원구 성화동,사망사고,1,1,0,1,차대차 - 기타,신호위반,건조,맑음,교차로 - 교차로안,승용,남,39세,부상신고,승용,남,59세,중상
2016062700100139,2016년 6월 27일 09시,월요일,충청북도 청주시 상당구 서문동,중상사고,0,1,0,0,차대차 - 측면충돌,교차로운행방법위반,건조,맑음,교차로 - 교차로안,이륜,남,86세,중상,승용,여,49세,상해없음
2016062700100256,2016년 6월 27일 13시,월요일,충청북도 청주시 흥덕구 운천동,경상사고,0,0,1,0,차대차 - 기타,안전운전불이행,건조,맑음,단일로 - 기타,원동기,남,31세,경상,승용,남,52세,상해없음
2016062700100280,2016년 6월 27일 14시,월요일,충청북도 음성군 삼성면,중상사고,0,1,0,0,차대차 - 측면충돌,신호위반,건조,맑음,교차로 - 교차로안,이륜,남,78세,중상,승용,남,75세,상해없음
2016062700100281,2016년 6월 27일 14시,월요일,충청북도 옥천군 동이면,경상사고,0,0,2,0,차대차 - 측면충돌,안전거리미확보,건조,맑음,교차로 - 교차로안,화물,남,48세,경상,화물,남,40세,경상
2016062700100399,2016년 6월 27일 17시,월요일,충청북도 제천시 남천동,중상사고,0,1,0,0,차대차 - 추돌,안전운전불이행,건조,맑음,단일로 - 기타,승용,남,56세,상해없음,특수,남,37세,중상
2016062700100439,2016년 6월 27일 18시,월요일,충청북도 제천시 영천동,중상사고,0,1,0,0,차대차 - 기타,안전운전불이행,건조,맑음,단일로 - 기타,이륜,남,65세,중상,승용,여,57세,상해없음
2016062700100440,2016년 6월 27일 18시,월요일,충청북도 청주시 흥덕구 비하동,경상사고,0,0,1,0,차대차 - 추돌,안전거리미확보,건조,맑음,교차로 - 교차로부근,승합,남,54세,상해없음,승용,남,33세,경상
2016062700100506,2016년 6월 27일 20시,월요일,충청북도 청주시 상당구 영동,경상사고,0,0,1,0,차대차 - 측면충돌,신호위반,건조,맑음,교차로 - 교차로안,승용,남,22세,상해없음,자전거,여,22세,경상