사고번호,사고일시,요일,시군구,사고내용,사망자수,중상자수,경상자수,부상신고자수,사고유형,법규위반,노면상태,기상상태,도로형태,가해운전자 차종,가해운전자 성별,가해운전자 연령,가해운전자 상해정도,피해운전자 차종,피해운전자 성별,피해운전자 연령,피해운전자 상해정도
2016062700100507,2016년 6월 27일 20시,월요일,충청북도 음성군 소이면,부상신고사고,0,0,0,1,차대차 - 추돌,안전운전불이행,건조,맑음,단일로 - 기타,승용,남,49세,부상신고,농기계,남,66세,상해없음
2016062700100508,2016년 6월 27일 20시,월요일,충청북도 청주시 흥덕구 오송읍,경상사고,0,0,1,0,차대차 - 기타,중앙선침범,건조,맑음,단일로 - 기타,이륜,남,67세,상해없음,승용,남,57세,경상
2016062700100509,2016년 6월 27일 20시,월요일,충청북도 청주시 상당구 금천동,경상사고,0,0,4,0,차대차 - 측면충돌,안전거리미확보,건조,맑음,교차로 - 교차로부근,승용,남,50세,상해없음,승용,남,33세,경상
2016062700100536,2016년 6월 27일 21시,월요일,충청북도 청주시 흥덕구 복대동,경상사고,0,0,3,0,차대차 - 측면충돌,차로위반,건조,맑음,교차로 - 교차로부근,승용,여,50세,경상,승합,남,57세,상해없음
2016062700100590,2016년 6월 27일 23시,월요일,충청북도 제천시 청전동,중상사고,0,1,3,0,차대차 - 추돌,안전운전불이행,건조,맑음,교차로 - 교차로부근,승용,남,27세,경상,승용,남,35세,중상
2016062700100591,2016년 6월 27일 23시,월요일,충청북도 청주시 서원구 미평동,경상사고,0,0,2,0,차대차 - 추돌,안전운전불이행,건조,맑음,교차로 - 교차로부근,화물,남,55세,상해없음,승용,남,46세,경상
2016062800100064,2016년 6월 28일 06시,화요일,충청북도 진천군 진천읍,중상사고,0,1,0,0,차대사람 - 기타,안전운전불이행,건조,맑음,교차로 - 교차로안,승용,여,45세,상해없음,보행자,남,30세,중상
2016062800100109,2016년 6월 28일 08시,화요일,충청북도 괴산군 감물면,중상사고,0,1,1,0,차대차 - 측면충돌,안전운전불이행,건조,맑음,교차로 - 교차로안,승용,남,53세,경상,화물,남,60세,중상
2016062800100139,2016년 6월 28일 09시,화요일,충청북도 증평군 증평읍,경상사고,0,0,1,0,차대차 - 측면직각충돌,직진우회전진행방해,건조,맑음,교차로 - 교차로안,자전거,남,86세,경상,승용,여,38세,상해없음
2016062800100201,2016년 6월 28일 11시,화요일,충청북도 증평군 도안면,경상사고,0,0,1,0,차대차 - 기타,과속,건조,맑음,교차로 - 교차로부근,승용,남,62세,경상,승용,남,40세,상해없음
2016062800100228,2016년 6월 28일 12시,화요일,충청북도 제천시 의림동,중상사고,0,1,0,0,차대사람 - 횡단중,안전운전불이행,건조,맑음,교차로 - 교차로부근,승용,여,34세,상해없음,보행자,여,73세,중상
2016062800100229,2016년 6월 28일 12시,화요일,충청북도 제천시 청전동,경상사고,0,0,1,0,차대차 - 기타,안전거리미확보,건조,맑음,교차로 - 교차로안,화물,남,43세,상해없음,기타불명,기타불명,기타불명,기타불명
2016062800100250,2016년 6월 28일 13시,화요일,충청북도 제천시 청전동,중상사고,0,1,2,1,차대차 - 측면충돌,직진우회전진행방해,건조,맑음,교차로 - 교차로안,승용,여,66세,부상신고,승용,여,29세,경상
2016062800100251,2016년 6월 28일 13시,화요일,충청북도 음성군 음성읍,경상사고,0,0,1,0,차대차 - 정면충돌,안전운전불이행,건조,맑음,단일로 - 기타,화물,남,55세,상해없음,이륜,남,35세,경상
2016062800100252,2016년 6월 28일 13시,화요일,충청북도 청주시 흥덕구 오송읍,경상사고,0,0,1,0,차대차 - 정면충돌,중앙선침범,건조,맑음,단일로 - 기타,승용,남,51세,상해없음,이륜,남,75세,경상
2016062800100310,2016년 6월 28일 15시,화요일,충청북도 진천군 진천읍,경상사고,0,0,1,0,차대차 - 측면충돌,교차로운행방법위반,건조,맑음,교차로 - 교차로안,화물,남,56세,상해없음,자전거,남,11세,경상
2016062800100311,2016년 6월 28일 15시,화요일,충청북도 청주시 흥덕구 강내면,사망사고,1,0,0,0,차대차 - 측면직각충돌,안전운전불이행,건조,맑음,교차로 - 교차로부근,화물,남,48세,상해없음,자전거,남,90세 이상,사망
2016062800100337,2016년 6월 28일 16시,화요일,충청북도 단양군 단양읍,중상사고,0,1,0,0,차대사람 - 기타,보행자보호의무위반,건조,맑음,단일로 - 횡단보도상,승용,여,35세,상해없음,보행자,남,11세,중상
2016062800100338,2016년 6월 28일 16시,화요일,충청북도 청주시 상당구 서문동,경상사고,0,0,1,0,차대사람 - 횡단중,보행자보호의무위반,건조,맑음,단일로 - 횡단보도상,화물,남,47세,상해없음,보행자,남,71세,경상
2016062800100339,2016년 6월 28일 16시,화요일,충청북도 청주시 서원구 분평동,경상사고,0,0,1,0,차대사람 - 횡단중,보행자보호의무위반,건조,맑음,교차로 - 교차로안,승용,남,39세,상해없음,보행자,남,7세,경상
2016062800100342,2016년 6월 28일 16시,화요일,충청북도 청주시 서원구 남이면,경상사고,0,0,1,0,차대차 - 측면직각충돌,차로위반,건조,맑음,단일로 - 기타,승용,남,29세,상해없음,화물,남,54세,경상
2016062800100380,2016년 6월 28일 17시,화요일,충청북도 단양군 단양읍,중상사고,0,1,0,0,차량단독 - 기타,안전운전불이행,건조,맑음,단일로 - 기타,자전거,남,60세,중상,,,,
2016062800100381,2016년 6월 28일 17시,화요일,충청북도 청주시 서원구 현도면,경상사고,0,0,1,0,차대차 - 기타,신호위반,건조,맑음,교차로 - 교차로부근,승용,남,60세,상해없음,승용,남,39세,경상
2016062800100422,2016년 6월 28일 18시,화요일,충청북도 옥천군 옥천읍,경상사고,0,0,1,0,차대사람 - 횡단중,보행자보호의무위반,건조,맑음,교차로 - 교차로안,승용,여,36세,상해없음,보행자,여,24세,경상
2016062800100455,2016년 6월 28일 19시,화요일,충청북도 옥천군 옥천읍,중상사고,0,1,0,0,차대차 - 측면충돌,중앙선침범,건조,맑음,단일로 - 기타,승용,남,22세,상해없음,이륜,남,21세,중상
2016062800100520,2016년 6월 28일 21시,화요일,충청북도 청주시 청원구 오창읍,경상사고,0,0,1,0,차대차 - 기타,안전운전불이행,건조,맑음,단일로 - 기타,승용,남,19세,상해없음,승용,여,41세,경상
2016062800100521,2016년 6월 28일 21시,화요일,충청북도 제천시 장락동,경상사고,0,0,1,0,차대차 - 정면충돌,안전운전불이행,건조,맑음,교차로 - 교차로안,승용,남,19세,상해없음,승용,여,47세,경상
2016062800100548,2016년 6월 28일 22시,화요일,충청북도 진천군 광혜원면,중상사고,0,1,1,0,차대차 - 추돌,안전운전불이행,건조,맑음,단일로 - 기타,승용,남,31세,경상,원동기,남,49세,중상
2016062800100549,2016년 6월 28일 22시,화요일,충청북도 청주시 흥덕구 강내면,경상사고,0,0,1,0,차대차 - 정면충돌,안전운전불이행,건조,맑음,교차로 - 교차로부근,승용,여,44세,상해없음,승용,남,26세,경상
2016062800100576,2016년 6월 28일 23시,화요일,충청북도 청주시 흥덕구 신대동,중상사고,0,2,0,0,차대차 - 정면충돌,안전운전불이행,건조,맑음,단일로 - 기타,자전거,남,54세,중상,자전거,남,46세,중상
2016062900100021,2016년 6월 29일 01시,수요일,충청북도 청주시 청원구 주성동,중상사고,0,1,0,0,차대차 - 측면충돌,신호위반,건조,맑음,교차로 - 교차로안,승용,남,30세,상해없음,이륜,남,34세,중상
2016062900100035,2016년 6월 29일 02시,수요일,충청북도 청주시 흥덕구 비하동,경상사고,0,0,1,0,차대차 - 정면충돌,안전운전불이행,건조,맑음,교차로 - 교차로부근,승용,남,25세,상해없음,승용,남,37세,경상
2016062900100042,2016년 6월 29일 03시,수요일,충청북도 음성군 금왕읍,경상사고,0,0,2,0,차대차 - 추돌,안전운전불이행,건조,맑음,교차로 - 교차로부근,승용,남,56세,상해없음,승용,남,46세,경상
2016062900100061,2016년 6월 29일 06시,수요일,충청북도 청주시 상당구 영운동,경상사고,0,0,2,0,차대차 - 정면충돌,신호위반,건조,맑음,교차로 - 교차로안,승용,남,56세,상해없음,승용,여,61세,경상
2016062900100083,2016년 6월 29일 07시,수요일,충청북도 청주시 서원구 사창동,경상사고,0,0,1,0,차대차 - 기타,신호위반,건조,맑음,교차로 - 교차로안,자전거,남,16세,경상,승용,남,25세,상해없음
2016062900100084,2016년 6월 29일 07시,수요일,충청북도 충주시 교현동,경상사고,0,0,1,0,차대차 - 측면충돌,안전운전불이행,건조,맑음,교차로 - 교차로안,이륜,여,45세,경상,승용,남,34세,상해없음
2016062900100121,2016년 6월 29일 08시,수요일,충청북도 증평군 증평읍,경상사고,0,0,1,0,차대차 - 측면직각충돌,직진우회전진행방해,건조,맑음,교차로 - 교차로안,승용,남,41세,상해없음,자전거,남,18세,경상
2016062900100160,2016년 6월 29일 09시,수요일,충청북도 청주시 서원구 성화동,중상사고,0,1,0,0,차대사람 - 기타,안전운전불이행,건조,맑음,단일로 - 기타,승용,남,37세,상해없음,보행자,여,30세,중상
2016062900100194,2016년 6월 29일 10시,수요일,충청북도 청주시 서원구 분평동,부상신고사고,0,0,0,1,차대차 - 정면충돌,기타,건조,맑음,교차로 - 교차로안,자전거,남,89세,부상신고,기타불명,기타불명,기타불명,기타불명
2016062900100223,2016년 6월 29일 11시,수요일,충청북도 청주시 청원구 사천동,중상사고,0,1,1,0,차대차 - 정면충돌,안전운전불이행,건조,맑음,교차로 - 교차로안,승합,남,44세,경상,화물,남,37세,중상
2016062900100224,2016년 6월 29일 11시,수요일,충청북도 청주시 청원구 율량동,경상사고,0,0,1,0,차대차 - 측면직각충돌,안전운전불이행,건조,맑음,교차로 - 교차로부근,자전거,남,16세,경상,승용,남,25세,상해없음
2016062900100225,2016년 6월 29일 11시,수요일,충청북도 충주시 앙성면,중상사고,0,1,0,0,차대차 - 측면충돌,과속,건조,맑음,교차로 - 교차로안,승용,여,43세,상해없음,이륜,여,72세,중상
2016062900100226,2016년 6월 29일 11시,수요일,충청북도 청주시 서원구 남이면,경상사고,0,0,2,0,차대차 - 측면직각충돌,안전거리미확보,건조,맑음,단일로 - 기타,화물,남,35세,상해없음,승용,남,53세,경상
2016062900100251,2016년 6월 29일 12시,수요일,충청북도 제천시 수산면,중상사고,0,1,0,0,차대차 - 측면직각충돌,안전운전불이행,건조,맑음,교차로 - 교차로부근,이륜,남,76세,중상,승용,여,76세,상해없음
2016062900100252,2016년 6월 29일 12시,수요일,충청북도 청주시 상당구 남일면,중상사고,0,2,1,0,차대차 - 정면충돌,안전운전불이행,건조,맑음,단일로 - 기타,승용,여,49세,경상,승용,남,38세,중상
2016062900100309,2016년 6월 29일 14시,수요일,충청북도 청주시 흥덕구 봉명동,중상사고,0,1,0,0,차대사람 - 횡단중,안전운전불이행,건조,맑음,교차로 - 교차로안,화물,남,39세,상해없음,보행자,남,85세,중상
2016062900100346,2016년 6월 29일 15시,수요일,충청북도 제천시 신백동,중상사고,0,2,0,1,차대차 - 측면충돌,신호위반,건조,맑음,교차로 - 교차로안,승용,남,53세,상해없음,승용,여,34세,중상
2016062900100347,2016년 6월 29일 15시,수요일,충청북도 청주시 흥덕구 옥산면,경상사고,0,0,2,0,차대차 - 정면충돌,교차로운행방법위반,건조,맑음,교차로 - 교차로안,승용,여,36세,경상,승용,남,25세,경상
2016062900100379,2016년 6월 29일 16시,수요일,충청북도 청주시 서원구 사창동,경상사고,0,0,1,0,차대사람 - 기타,안전운전불이행,건조,맑음,교차로 - 교차로부근,승용,남,35세,상해없음,보행자,여,62세,경상
2016062900100413,2016년 6월 29일 17시,수요일,충청북도 제천시 금성면,경상사고,0,0,1,0,차대차 - 추돌,안전거리미확보,건조,맑음,단일로 - 기타,승용,남,24세,상해없음,승용,여,50세,경상
2016062900100414,2016년 6월 29일 17시,수요일,충청북도 증평군 증평읍,중상사고,0,1,1,0,차대차 - 측면직각충돌,교차로운행방법위반,건조,맑음,교차로 - 교차로안,화물,남,58세,상해없음,이륜,남,60세,중상
2016062900100499,2016년 6월 29일 19시,수요일,충청북도 증평군 증평읍,경상사고,0,0,1,0,차대차 - 측면충돌,안전운전불이행,건조,맑음,단일로 - 횡단보도상,승용,여,56세,상해없음,자전거,남,8세,경상
2016062900100500,2016년 6월 29일 19시,수요일,충청북도 청주시 상당구 남일면,부상신고사고,0,0,0,1,차대차 - 정면충돌,안전운전불이행,건조,맑음,단일로 - 기타,이륜,남,20세,부상신고,승합,여,45세,상해없음
2016062900100526,2016년 6월 29일 20시,수요일,충청북도 청주시 흥덕구 석곡동,경상사고,0,0,1,0,차대차 - 기타,안전거리미확보,건조,맑음,단일로 - 기타,승용,남,62세,상해없음,농기계,남,76세,경상
2016062900100606,2016년 6월 29일 23시,수요일,충청북도 청주시 흥덕구 복대동,경상사고,0,0,1,1,차대차 - 추돌,안전운전불이행,건조,맑음,교차로 - 교차로부근,승용,남,41세,상해없음,승용,남,48세,경상
2016063000100051,2016년 6월 30일 05시,목요일,충청북도 청주시 상당구 금천동,사망사고,1,1,1,0,차대차 - 정면충돌,안전운전불이행,건조,맑음,단일로 - 기타,승용,남,41세,중상,승용,남,43세,경상
2016063000100109,2016년 6월 30일 08시,목요일,충청북도 청주시 상당구 용담동,중상사고,0,1,1,0,차대차 - 정면충돌,안전운전불이행,건조,맑음,교차로 - 교차로부근,특수,남,38세,상해없음,승용,여,26세,중상
2016063000100162,2016년 6월 30일 10시,목요일,충청북도 제천시 강제동,경상사고,0,0,1,0,차대차 - 측면충돌,신호위반,건조,맑음,단일로 - 횡단보도상,승용,여,57세,상해없음,자전거,남,66세,경상
2016063000100163,2016년 6월 30일 10시,목요일,충청북도 청주시 흥덕구 오송읍,중상사고,0,1,1,0,차대차 - 정면충돌,안전거리미확보,건조,맑음,교차로 - 교차로부근,건설기계,남,52세,경상,승용,남,60세,중상
2016063000100189,2016년 6월 30일 11시,목요일,충청북도 충주시 교현동,중상사고,0,1,0,0,차대차 - 기타,신호위반,건조,맑음,교차로 - 교차로안,자전거,남,81세,중상,이륜,남,47세,상해없음
2016063000100247,2016년 6월 30일 13시,목요일,충청북도 음성군 삼성면,경상사고,0,0,2,0,차대차 - 측면충돌,교차로운행방법위반,건조,맑음,교차로 - 교차로안,승용,남,44세,기타불명,화물,남,38세,경상
2016063000100272,2016년 6월 30일 14시,목요일,충청북도 청주시 서원구 성화동,중상사고,0,1,0,0,차대차 - 기타,불법유턴,건조,맑음,교차로 - 교차로안,승용,남,52세,상해없음,자전거,남,72세,중상
2016063000100273,2016년 6월 30일 14시,목요일,충청북도 청주시 흥덕구 강내면,경상사고,0,0,1,0,차대차 - 기타,차로위반,건조,맑음,단일로 - 기타,승합,남,48세,상해없음,승용,남,29세,경상
2016063000100304,2016년 6월 30일 15시,목요일,충청북도 청주시 상당구 용암동,중상사고,0,1,1,0,차대차 - 측면충돌,안전거리미확보,건조,맑음,단일로 - 기타,건설기계,남,57세,상해없음,승용,여,53세,중상
2016063000100336,2016년 6월 30일 16시,목요일,충청북도 충주시 교현동,부상신고사고,0,0,0,1,차대차 - 측면충돌,신호위반,건조,맑음,교차로 - 교차로안,원동기,여,69세,부상신고,승용,여,51세,상해없음
2016063000100372,2016년 6월 30일 17시,목요일,충청북도 청주시 청원구 사천동,경상사고,0,0,3,0,차대차 - 측면직각충돌,교차로운행방법위반,건조,맑음,교차로 - 교차로안,승용,여,24세,경상,승합,남,58세,경상
2016063000100410,2016년 6월 30일 18시,목요일,충청북도 충주시 연수동,중상사고,0,1,0,0,차대차 - 측면충돌,신호위반,건조,맑음,교차로 - 교차로부근,승용,남,29세,상해없음,이륜,남,46세,중상
2016063000100411,2016년 6월 30일 18시,목요일,충청북도 제천시 청전동,경상사고,0,0,1,0,차대차 - 측면충돌,직진우회전진행방해,건조,맑음,교차로 - 교차로안,승용,여,44세,상해없음,승용,남,76세,상해없음
2016063000100412,2016년 6월 30일 18시,목요일,충청북도 청주시 흥덕구 신봉동,경상사고,0,0,3,0,차대차 - 기타,신호위반,건조,맑음,교차로 - 교차로안,승용,남,43세,경상,승용,남,61세,경상
2016063000100482,2016년 6월 30일 20시,목요일,충청북도 청주시 청원구 오창읍,경상사고,0,0,5,0,차대차 - 추돌,안전운전불이행,건조,맑음,교차로 - 교차로부근,승용,남,30세,상해없음,승용,남,56세,경상
2016063000100483,2016년 6월 30일 20시,목요일,충청북도 증평군 증평읍,경상사고,0,0,1,0,차대차 - 측면직각충돌,교차로운행방법위반,건조,흐림,교차로 - 교차로안,화물,여,55세,상해없음,승용,남,51세,경상
2016063000100484,2016년 6월 30일 20시,목요일,충청북도 음성군 음성읍,중상사고,0,1,0,0,차대차 - 정면충돌,중앙선침범,건조,맑음,단일로 - 기타,승용,남,56세,상해없음,승용,여,36세,중상
2016063000100519,2016년 6월 30일 21시,목요일,충청북도 제천시 하소동,중상사고,0,1,0,0,차대차 - 측면직각충돌,직진우회전진행방해,건조,맑음,교차로 - 교차로안,승용,여,48세,상해없음,이륜,남,21세,중상
2016063000100520,2016년 6월 30일 21시,목요일,충청북도 청주시 흥덕구 복대동,경상사고,0,0,1,0,차대차 - 측면직각충돌,신호위반,건조,맑음,교차로 - 교차로안,승용,여,47세,상해없음,승용,남,62세,경상
2016063000100545,2016년 6월 30일 22시,목요일,충청북도 청주시 서원구 사창동,경상사고,0,0,1,0,차대차 - 측면충돌,신호위반,건조,흐림,교차로 - 교차로안,원동기,남,15세,경상,승용,남,23세,상해없음
2016063000100546,2016년 6월 30일 22시,목요일,충청북도 제천시 고암동,경상사고,0,0,1,0,차대차 - 기타,직진우회전진행방해,건조,흐림,교차로 - 교차로안,이륜,남,30세,경상,승용,여,36세,상해없음
2016070100100012,2016년 7월 1일 00시,금요일,충청북도 청주시 청원구 내수읍,중상사고,0,1,0,0,차대사람 - 차도통행중,안전운전불이행,건조,맑음,단일로 - 기타,승합,남,49세,상해없음,보행자,남,49세,중상
2016070100100068,2016년 7월 1일 06시,금요일,충청북도 증평군 증평읍,중상사고,0,1,0,0,차대차 - 측면충돌,신호위반,건조,맑음,교차로 - 교차로안,승용,남,51세,상해없음,승용,남,59세,중상
2016070100100096,2016년 7월 1일 08시,금요일,충청북도 음성군 감곡면,경상사고,0,0,2,0,차대차 - 측면충돌,신호위반,습기,비,교차로 - 교차로안,화물,남,74세,경상,승용,남,39세,경상
2016070100100097,2016년 7월 1일 08시,금요일,충청북도 청주시 흥덕구 오송읍,경상사고,0,0,1,0,차대차 - 정면충돌,교차로운행방법위반,건조,맑음,교차로 - 교차로안,승용,남,26세,상해없음,승용,남,61세,상해없음
2016070100100127,2016년 7월 1일 09시,금요일,충청북도 제천시 장락동,중상사고,0,1,0,0,차대사람 - 횡단중,보행자보호의무위반,건조,흐림,교차로 - 교차로부근,승합,여,45세,상해없음,보행자,여,63세,중상
2016070100100128,2016년 7월 1일 09시,금요일,충청북도 음성군 삼성면,경상사고,0,0,2,0,차대차 - 측면충돌,교차로운행방법위반,건조,맑음,교차로 - 교차로안,화물,남,57세,경상,화물,남,55세,경상
2016070100100150,2016년 7월 1일 10시,금요일,충청북도 충주시 충의동,부상신고사고,0,0,0,1,차대차 - 측면충돌,안전운전불이행,건조,맑음,교차로 - 교차로부근,이륜,남,65세,상해없음,승합,남,46세,상해없음
2016070100100151,2016년 7월 1일 10시,금요일,충청북도 청주시 흥덕구 봉명동,경상사고,0,0,1,0,차대사람 - 기타,안전운전불이행,건조,맑음,단일로 - 기타,승용,여,48세,상해없음,보행자,남,44세,경상
2016070100100217,2016년 7월 1일 12시,금요일,충청북도 제천시 하소동,경상사고,0,0,2,0,차대차 - 기타,안전운전불이행,건조,맑음,교차로 - 교차로부근,승용,남,57세,상해없음,승용,여,31세,경상
2016070100100218,2016년 7월 1일 12시,금요일,충청북도 진천군 초평면,중상사고,0,1,1,0,차대차 - 측면충돌,안전운전불이행,건조,맑음,단일로 - 기타,승용,여,43세,중상,승용,남,54세,경상
2016070100100264,2016년 7월 1일 13시,금요일,충청북도 청주시 흥덕구 송정동,경상사고,0,0,1,0,차대차 - 기타,안전운전불이행,습기,비,교차로 - 교차로안,승용,여,30세,상해없음,승용,여,32세,경상
2016070100100310,2016년 7월 1일 14시,금요일,충청북도 제천시 봉양읍,경상사고,0,0,2,0,차대차 - 정면충돌,안전거리미확보,습기,비,단일로 - 기타,승용,남,45세,경상,화물,남,65세,경상
2016070100100311,2016년 7월 1일 14시,금요일,충청북도 청주시 청원구 내덕동,경상사고,0,0,1,0,차대사람 - 기타,안전운전불이행,습기,비,교차로 - 교차로안,승용,남,74세,상해없음,보행자,여,38세,경상
2016070100100312,2016년 7월 1일 14시,금요일,충청북도 음성군 음성읍,경상사고,0,0,2,0,차대차 - 정면충돌,안전운전불이행,습기,비,교차로 - 교차로부근,화물,남,63세,상해없음,승용,여,37세,경상
2016070100100313,2016년 7월 1일 14시,금요일,충청북도 청주시 흥덕구 봉명동,경상사고,0,0,1,0,차대사람 - 길가장자리구역통행중,안전운전불이행,습기,비,교차로 - 교차로안,승용,여,43세,상해없음,보행자,남,63세,경상
2016070100100314,2016년 7월 1일 14시,금요일,충청북도 청주시 흥덕구 옥산면,경상사고,0,0,1,0,차대사람 - 횡단중,안전운전불이행,습기,비,교차로 - 교차로부근,기타불명,기타불명,기타불명,기타불명,보행자,남,8세,경상
2016070100100315,2016년 7월 1일 14시,금요일,충청북도 음성군 금왕읍,경상사고,0,0,1,0,차대차 - 정면충돌,안전거리미확보,습기,비,단일로 - 기타,화물,남,51세,상해없음,화물,남,29세,경상
2016070100100364,2016년 7월 1일 15시,금요일,충청북도 청주시 서원구 사직동,경상사고,0,0,2,0,차대차 - 정면충돌,안전운전불이행,습기,비,교차로 - 교차로안,승용,남,71세,경상,승용,여,55세,경상
2016070100100365,2016년 7월 1일 15시,금요일,충청북도 제천시 수산면,중상사고,0,2,2,0,차대차 - 기타,안전운전불이행,습기,비,단일로 - 기타,화물,남,64세,중상,화물,남,32세,경상
2016070100100366,2016년 7월 1일 15시,금요일,충청북도 청주시 흥덕구 강내면,중상사고,0,1,0,0,차대차 - 추돌,안전운전불이행,습기,비,단일로 - 기타,승용,남,31세,상해없음,승용,여,40세,중상
2016070100100367,2016년 7월 1일 15시,금요일,충청북도 청주시 흥덕구 가경동,경상사고,0,0,1,0,차대차 - 정면충돌,안전운전불이행,습기,비,단일로 - 기타,화물,남,66세,상해없음,승용,여,50세,경상
2016070100100368,2016년 7월 1일 15시,금요일,충청북도 보은군 회인면,경상사고,0,0,2,0,차대차 - 추돌,안전거리미확보,습기,비,단일로 - 기타,승용,남,28세,경상,화물,남,66세,경상
2016070100100415,2016년 7월 1일 16시,금요일,충청북도 청주시 청원구 율량동,경상사고,0,0,3,0,차대차 - 측면충돌,안전운전불이행,습기,비,교차로 - 교차로부근,승용,남,40세,경상,승용,여,43세,경상
2016070100100416,2016년 7월 1일 16시,금요일,충청북도 음성군 감곡면,사망사고,1,0,0,0,차대차 - 기타,안전운전불이행,습기,비,단일로 - 기타,화물,남,57세,사망,화물,여,46세,상해없음
2016070100100475,2016년 7월 1일 17시,금요일,충청북도 음성군 감곡면,경상사고,0,0,1,0,차대사람 - 횡단중,신호위반,습기,비,교차로 - 교차로안,승용,남,39세,상해없음,보행자,남,35세,경상
2016070100100513,2016년 7월 1일 18시,금요일,충청북도 충주시 주덕읍,부상신고사고,0,0,0,1,차대차 - 측면충돌,안전거리미확보,습기,비,교차로 - 교차로부근,승용,남,57세,부상신고,승용,남,54세,상해없음
2016070100100566,2016년 7월 1일 19시,금요일,충청북도 음성군 생극면,중상사고,0,1,0,0,차대차 - 추돌,안전운전불이행,습기,비,단일로 - 기타,화물,남,46세,상해없음,승용,남,41세,중상
2016070100100629,2016년 7월 1일 20시,금요일,충청북도 청주시 청원구 내덕동,사망사고,1,0,0,0,차대사람 - 기타,안전운전불이행,습기,비,교차로 - 교차로부근,승용,남,60세,상해없음,보행자,남,66세,사망
2016070100100630,2016년 7월 1일 20시,금요일,충청북도 청주시 청원구 오창읍,경상사고,0,0,1,0,차대차 - 추돌,안전거리미확보,습기,비,단일로 - 기타,화물,남,52세,상해없음,승용,남,49세,상해없음
2016070100100631,2016년 7월 1일 20시,금요일,충청북도 옥천군 옥천읍,경상사고,0,0,2,0,차대차 - 측면직각충돌,신호위반,습기,비,교차로 - 교차로안,승용,남,24세,상해없음,승용,남,28세,경상
2016070100100632,2016년 7월 1일 20시,금요일,충청북도 청주시 흥덕구 운천동,경상사고,0,0,2,0,차대차 - 추돌,안전거리미확보,습기,비,교차로 - 교차로부근,승용,남,36세,상해없음,승용,여,66세,상해없음
2016070100100633,2016년 7월 1일 20시,금요일,충청북도 청주시 흥덕구 가경동,경상사고,0,0,1,0,차대차 - 정면충돌,안전거리미확보,습기,비,단일로 - 기타,승용,남,51세,상해없음,이륜,남,46세,경상
2016070100100634,2016년 7월 1일 20시,금요일,충청북도 청주시 서원구 분평동,경상사고,0,0,1,1,차대사람 - 횡단중,보행자보호의무위반,습기,비,단일로 - 기타,이륜,남,19세,부상신고,보행자,여,50세,경상
2016070100100683,2016년 7월 1일 21시,금요일,충청북도 청주시 청원구 오창읍,경상사고,0,0,1,0,차대차 - 측면충돌,교차로운행방법위반,습기,비,교차로 - 교차로안,승용,남,52세,상해없음,승용,남,52세,경상
2016070100100684,2016년 7월 1일 21시,금요일,충청북도 음성군 금왕읍,중상사고,0,1,0,0,차대차 - 측면충돌,신호위반,습기,비,교차로 - 교차로안,승용,남,26세,상해없음,승합,남,36세,중상
2016070100100723,2016년 7월 1일 22시,금요일,충청북도 청주시 서원구 사직동,경상사고,0,0,1,0,차대차 - 측면직각충돌,안전운전불이행,습기,비,단일로 - 기타,승용,남,57세,상해없음,승용,남,35세,상해없음
2016070100100724,2016년 7월 1일 22시,금요일,충청북도 청주시 청원구 주중동,경상사고,0,0,1,0,차대차 - 측면충돌,신호위반,습기,비,교차로 - 교차로안,승용,남,21세,상해없음,승용,여,45세,경상
2016070100100725,2016년 7월 1일 22시,금요일,충청북도 제천시 의림동,중상사고,0,2,2,0,차대사람 - 횡단중,중앙선침범,습기,비,교차로 - 교차로부근,승용,남,61세,상해없음,보행자,남,37세,중상
2016070100100726,2016년 7월 1일 22시,금요일,충청북도 청주시 흥덕구 복대동,경상사고,0,0,2,0,차대사람 - 횡단중,안전운전불이행,건조,맑음,단일로 - 기타,이륜,남,16세,경상,보행자,여,15세,경상
2016070100100727,2016년 7월 1일 22시,금요일,충청북도 청주시 상당구 지북동,경상사고,0,0,1,0,차대차 - 정면충돌,안전운전불이행,습기,비,교차로 - 교차로부근,승용,남,53세,상해없음,승용,남,35세,경상
2016070100100771,2016년 7월 1일 23시,금요일,충청북도 청주시 흥덕구 강내면,중상사고,0,1,2,0,차대차 - 추돌,안전운전불이행,습기,비,교차로 - 교차로부근,승용,남,40세,상해없음,승용,남,57세,경상
2016070100100772,2016년 7월 1일 23시,금요일,충청북도 청주시 흥덕구 봉명동,경상사고,0,0,1,0,차대사람 - 기타,안전운전불이행,습기,비,교차로 - 교차로부근,화물,남,47세,상해없음,보행자,남,19세,경상
2016070100100773,2016년 7월 1일 23시,금요일,충청북도 청주시 상당구 용암동,경상사고,0,0,1,0,차대차 - 측면충돌,안전운전불이행,습기,비,교차로 - 교차로부근,승용,남,35세,상해없음,승용,여,30세,경상
2016070200100020,2016년 7월 2일 00시,토요일,충청북도 청주시 청원구 우암동,경상사고,0,0,3,0,차대차 - 추돌,안전운전불이행,습기,비,단일로 - 기타,승용,남,61세,상해없음,승용,남,50세,경상
2016070200100021,2016년 7월 2일 00시,토요일,충청북도 음성군 금왕읍,중상사고,0,1,0,0,차대사람 - 횡단중,안전운전불이행,습기,비,단일로 - 기타,승용,남,46세,상해없음,보행자,남,48세,중상
2016070200100022,2016년 7월 2일 00시,토요일,충청북도 진천군 진천읍,경상사고,0,0,1,0,차대차 - 측면충돌,안전운전불이행,건조,맑음,단일로 - 기타,승용,남,19세,상해없음,이륜,남,18세,경상