사고번호,사고일시,요일,시군구,사고내용,사망자수,중상자수,경상자수,부상신고자수,사고유형,법규위반,노면상태,기상상태,도로형태,가해운전자 차종,가해운전자 성별,가해운전자 연령,가해운전자 상해정도,피해운전자 차종,피해운전자 성별,피해운전자 연령,피해운전자 상해정도
2016070200100023,2016년 7월 2일 00시,토요일,충청북도 청주시 흥덕구 복대동,경상사고,0,0,1,0,차대사람 - 횡단중,안전운전불이행,습기,비,단일로 - 기타,승용,남,29세,상해없음,보행자,여,26세,경상
2016070200100076,2016년 7월 2일 02시,토요일,충청북도 제천시 청전동,중상사고,0,1,3,0,차대차 - 추돌,안전운전불이행,습기,비,교차로 - 교차로안,승용,남,18세,경상,승용,남,30세,경상
2016070200100088,2016년 7월 2일 03시,토요일,충청북도 청주시 흥덕구 봉명동,경상사고,0,0,1,0,차대차 - 측면충돌,신호위반,건조,맑음,교차로 - 교차로안,승용,남,27세,상해없음,승용,남,26세,경상
2016070200100156,2016년 7월 2일 07시,토요일,충청북도 청주시 청원구 북이면,중상사고,0,1,0,0,차대차 - 측면충돌,중앙선침범,건조,맑음,교차로 - 교차로부근,승용,여,22세,상해없음,승용,여,55세,중상
2016070200100171,2016년 7월 2일 08시,토요일,충청북도 증평군 도안면,부상신고사고,0,0,0,1,차대차 - 추돌,안전운전불이행,건조,맑음,교차로 - 교차로부근,화물,남,62세,부상신고,승합,남,45세,상해없음
2016070200100187,2016년 7월 2일 09시,토요일,충청북도 영동군 영동읍,사망사고,1,0,0,0,차대차 - 기타,신호위반,건조,맑음,교차로 - 교차로안,화물,남,46세,상해없음,이륜,남,77세,사망
2016070200100214,2016년 7월 2일 10시,토요일,충청북도 제천시 하소동,중상사고,0,1,0,0,차대사람 - 횡단중,보행자보호의무위반,건조,흐림,교차로 - 교차로부근,승합,남,59세,상해없음,보행자,여,89세,중상
2016070200100244,2016년 7월 2일 11시,토요일,충청북도 충주시 성내동,부상신고사고,0,0,0,1,차대차 - 정면충돌,안전운전불이행,건조,맑음,단일로 - 기타,기타불명,기타불명,기타불명,기타불명,자전거,여,24세,부상신고
2016070200100245,2016년 7월 2일 11시,토요일,충청북도 음성군 맹동면,경상사고,0,0,3,0,차대차 - 측면충돌,교차로운행방법위반,건조,맑음,교차로 - 교차로안,승용,여,55세,경상,승용,여,38세,경상
2016070200100246,2016년 7월 2일 11시,토요일,충청북도 청주시 흥덕구 옥산면,중상사고,0,2,0,0,차대차 - 측면직각충돌,교차로운행방법위반,건조,맑음,교차로 - 교차로안,승용,남,23세,상해없음,승용,남,69세,중상
2016070200100278,2016년 7월 2일 12시,토요일,충청북도 음성군 생극면,중상사고,0,1,1,0,차대차 - 추돌,안전운전불이행,건조,맑음,교차로 - 교차로부근,화물,남,58세,상해없음,승합,여,47세,경상
2016070200100303,2016년 7월 2일 13시,토요일,충청북도 옥천군 옥천읍,경상사고,0,0,1,0,차대차 - 측면직각충돌,교차로운행방법위반,건조,맑음,교차로 - 교차로안,승용,남,67세,경상,승용,여,44세,상해없음
2016070200100348,2016년 7월 2일 14시,토요일,충청북도 청주시 서원구 사창동,중상사고,0,1,0,0,차대차 - 측면직각충돌,안전운전불이행,건조,맑음,교차로 - 교차로안,자전거,남,11세,중상,승용,남,76세,상해없음
2016070200100381,2016년 7월 2일 15시,토요일,충청북도 청주시 청원구 내덕동,경상사고,0,0,1,0,차대사람 - 기타,안전운전불이행,건조,맑음,단일로 - 기타,승합,남,40세,상해없음,보행자,남,75세,경상
2016070200100382,2016년 7월 2일 15시,토요일,충청북도 제천시 명동,중상사고,0,1,1,0,차대차 - 측면충돌,안전운전불이행,건조,맑음,교차로 - 교차로안,승용,남,56세,경상,승용,여,47세,중상
2016070200100383,2016년 7월 2일 15시,토요일,충청북도 청주시 상당구 북문로1가동,경상사고,0,0,1,0,차대차 - 측면충돌,안전거리미확보,건조,맑음,교차로 - 교차로안,이륜,여,55세,경상,승용,남,52세,상해없음
2016070200100422,2016년 7월 2일 16시,토요일,충청북도 괴산군 청천면,사망사고,1,0,2,0,차대차 - 측면충돌,안전운전불이행,건조,맑음,교차로 - 교차로부근,승용,남,46세,경상,승용,남,44세,경상
2016070200100423,2016년 7월 2일 16시,토요일,충청북도 청주시 상당구 용암동,경상사고,0,0,1,0,차대사람 - 기타,안전운전불이행,건조,맑음,기타 - 기타,화물,남,26세,상해없음,보행자,남,86세,경상
2016070200100455,2016년 7월 2일 17시,토요일,충청북도 청주시 흥덕구 복대동,부상신고사고,0,0,0,1,차대차 - 측면직각충돌,안전운전불이행,건조,맑음,단일로 - 기타,이륜,남,24세,부상신고,승용,남,35세,상해없음
2016070200100476,2016년 7월 2일 18시,토요일,충청북도 청주시 서원구 사창동,중상사고,0,1,0,0,차대사람 - 기타,안전운전불이행,건조,맑음,단일로 - 기타,자전거,남,61세,중상,보행자,여,33세,상해없음
2016070200100477,2016년 7월 2일 18시,토요일,충청북도 충주시 안림동,경상사고,0,0,1,0,차대차 - 측면충돌,기타,건조,흐림,교차로 - 교차로부근,화물,남,47세,상해없음,원동기,남,16세,경상
2016070200100478,2016년 7월 2일 18시,토요일,충청북도 충주시 금가면,중상사고,0,1,0,0,차대차 - 측면충돌,기타,건조,맑음,교차로 - 교차로안,승용,남,58세,상해없음,원동기,남,76세,중상
2016070200100586,2016년 7월 2일 22시,토요일,충청북도 음성군 대소면,경상사고,0,0,1,0,차대차 - 기타,교차로운행방법위반,건조,맑음,교차로 - 교차로안,승용,남,40세,상해없음,승용,남,39세,경상
2016070200100587,2016년 7월 2일 22시,토요일,충청북도 진천군 진천읍,중상사고,0,1,1,0,차대차 - 기타,중앙선침범,건조,맑음,단일로 - 기타,승용,여,59세,중상,승용,여,31세,상해없음
2016070200100609,2016년 7월 2일 23시,토요일,충청북도 진천군 진천읍,경상사고,0,0,1,0,차대차 - 측면충돌,기타,습기,비,교차로 - 교차로안,원동기,남,16세,경상,승용,남,60세,상해없음
2016070300100007,2016년 7월 3일 00시,일요일,충청북도 청주시 청원구 내덕동,경상사고,0,0,1,0,차대차 - 기타,교차로운행방법위반,건조,맑음,교차로 - 교차로부근,승용,여,49세,상해없음,승용,남,49세,상해없음
2016070300100090,2016년 7월 3일 08시,일요일,충청북도 청주시 흥덕구 강내면,경상사고,0,0,2,0,차대차 - 정면충돌,안전운전불이행,건조,맑음,단일로 - 기타,원동기,남,25세,경상,승합,남,43세,상해없음
2016070300100091,2016년 7월 3일 08시,일요일,충청북도 청주시 흥덕구 오송읍,경상사고,0,0,1,0,차대차 - 정면충돌,안전운전불이행,건조,맑음,교차로 - 교차로부근,승용,여,31세,기타불명,승용,여,30세,경상
2016070300100099,2016년 7월 3일 09시,일요일,충청북도 충주시 신니면,경상사고,0,0,1,0,차량단독 - 전도전복,안전운전불이행,건조,맑음,단일로 - 기타,이륜,남,42세,경상,,,,
2016070300100112,2016년 7월 3일 10시,일요일,충청북도 제천시 명동,경상사고,0,0,1,0,차대차 - 추돌,직진우회전진행방해,건조,맑음,교차로 - 교차로안,화물,남,44세,상해없음,이륜,남,73세,경상
2016070300100113,2016년 7월 3일 10시,일요일,충청북도 음성군 원남면,중상사고,0,1,0,0,차대차 - 정면충돌,중앙선침범,건조,맑음,단일로 - 기타,승용,남,56세,기타불명,승용,남,67세,중상
2016070300100188,2016년 7월 3일 13시,일요일,충청북도 충주시 호암동,경상사고,0,0,1,0,차대차 - 정면충돌,안전운전불이행,건조,흐림,단일로 - 기타,화물,남,55세,상해없음,승용,여,52세,경상
2016070300100189,2016년 7월 3일 13시,일요일,충청북도 청주시 흥덕구 오송읍,경상사고,0,0,5,0,차대차 - 정면충돌,안전운전불이행,습기,비,교차로 - 교차로부근,승용,남,65세,상해없음,승용,여,31세,경상
2016070300100217,2016년 7월 3일 14시,일요일,충청북도 제천시 화산동,중상사고,0,1,0,0,차대사람 - 횡단중,안전운전불이행,습기,비,단일로 - 기타,승합,남,49세,상해없음,보행자,여,70세,중상
2016070300100218,2016년 7월 3일 14시,일요일,충청북도 청주시 상당구 문의면,중상사고,0,4,2,0,차대차 - 정면충돌,중앙선침범,습기,비,단일로 - 기타,승용,남,73세,경상,승용,남,78세,중상
2016070300100244,2016년 7월 3일 15시,일요일,충청북도 제천시 중앙로2가,중상사고,0,1,0,0,차대사람 - 횡단중,안전운전불이행,건조,맑음,교차로 - 교차로안,승용,남,19세,상해없음,보행자,남,23세,중상
2016070300100245,2016년 7월 3일 15시,일요일,충청북도 제천시 봉양읍,경상사고,0,0,6,0,차대차 - 측면충돌,직진우회전진행방해,건조,맑음,교차로 - 교차로안,승용,남,40세,경상,승용,남,60세,경상
2016070300100246,2016년 7월 3일 15시,일요일,충청북도 청주시 흥덕구 복대동,경상사고,0,0,1,0,차대차 - 정면충돌,안전운전불이행,건조,맑음,단일로 - 기타,이륜,남,41세,경상,승용,남,30세,상해없음
2016070300100274,2016년 7월 3일 16시,일요일,충청북도 충주시 수안보면,경상사고,0,0,3,0,차대차 - 측면충돌,직진우회전진행방해,습기,흐림,교차로 - 교차로안,승용,남,66세,상해없음,승용,여,47세,경상
2016070300100275,2016년 7월 3일 16시,일요일,충청북도 보은군 탄부면,중상사고,0,1,0,0,차량단독 - 전도전복,안전운전불이행,습기,비,단일로 - 기타,승용,남,77세,중상,,,,
2016070300100297,2016년 7월 3일 17시,일요일,충청북도 청주시 흥덕구 가경동,경상사고,0,0,1,0,차대차 - 측면충돌,교차로운행방법위반,건조,맑음,교차로 - 교차로부근,승용,남,25세,상해없음,이륜,남,31세,경상
2016070300100321,2016년 7월 3일 18시,일요일,충청북도 증평군 증평읍,경상사고,0,0,1,0,차대차 - 측면직각충돌,직진우회전진행방해,습기,흐림,교차로 - 교차로안,이륜,남,18세,경상,승용,여,38세,상해없음
2016070300100322,2016년 7월 3일 18시,일요일,충청북도 괴산군 청천면,경상사고,0,0,1,0,차대차 - 측면충돌,중앙선침범,습기,비,단일로 - 기타,화물,남,63세,상해없음,승용,여,51세,경상
2016070300100323,2016년 7월 3일 18시,일요일,충청북도 음성군 감곡면,경상사고,0,0,4,0,차대차 - 정면충돌,안전운전불이행,건조,맑음,단일로 - 기타,승용,남,51세,상해없음,승용,남,35세,경상
2016070300100324,2016년 7월 3일 18시,일요일,충청북도 청주시 흥덕구 복대동,경상사고,0,0,1,0,차대차 - 측면직각충돌,안전운전불이행,건조,맑음,교차로 - 교차로안,승용,남,23세,상해없음,자전거,남,45세,경상
2016070300100325,2016년 7월 3일 18시,일요일,충청북도 청주시 상당구 북문로1가동,중상사고,0,1,0,0,차대차 - 측면충돌,안전운전불이행,건조,맑음,단일로 - 기타,승용,여,43세,상해없음,승용,여,47세,중상
2016070300100390,2016년 7월 3일 21시,일요일,충청북도 청주시 서원구 분평동,부상신고사고,0,0,0,1,차대차 - 기타,안전운전불이행,습기,비,교차로 - 교차로안,승용,남,33세,상해없음,이륜,남,60세,부상신고
2016070300100407,2016년 7월 3일 22시,일요일,충청북도 괴산군 소수면,중상사고,0,2,0,0,차대차 - 측면충돌,중앙선침범,건조,맑음,단일로 - 기타,승용,남,65세,상해없음,화물,남,44세,중상
2016070300100408,2016년 7월 3일 22시,일요일,충청북도 진천군 백곡면,경상사고,0,0,3,0,차대차 - 측면직각충돌,중앙선침범,건조,맑음,교차로 - 교차로부근,승용,남,46세,상해없음,승용,남,25세,경상
2016070300100409,2016년 7월 3일 22시,일요일,충청북도 청주시 상당구 석교동,경상사고,0,0,1,0,차대사람 - 횡단중,안전운전불이행,습기,비,교차로 - 교차로안,승용,여,44세,상해없음,보행자,여,53세,경상
2016070300100436,2016년 7월 3일 23시,일요일,충청북도 청주시 서원구 사직동,중상사고,0,1,0,0,차대사람 - 횡단중,안전운전불이행,건조,흐림,단일로 - 기타,승용,남,29세,상해없음,보행자,남,60세,중상
2016070300100437,2016년 7월 3일 23시,일요일,충청북도 청주시 청원구 내덕동,경상사고,0,0,2,0,차대차 - 측면직각충돌,안전운전불이행,습기,비,교차로 - 교차로안,승용,여,44세,경상,승용,남,42세,경상
2016070300100438,2016년 7월 3일 23시,일요일,충청북도 진천군 이월면,중상사고,0,1,0,0,차대차 - 추돌,안전운전불이행,건조,맑음,단일로 - 기타,승용,여,27세,상해없음,화물,남,59세,중상
2016070400100018,2016년 7월 4일 02시,월요일,충청북도 청주시 흥덕구 복대동,중상사고,0,1,0,0,차대차 - 추돌,안전운전불이행,습기,비,교차로 - 교차로안,승용,남,26세,기타불명,승용,남,25세,상해없음
2016070400100048,2016년 7월 4일 06시,월요일,충청북도 청주시 청원구 율량동,경상사고,0,0,1,0,차량단독 - 기타,기타,습기,비,단일로 - 기타,승합,남,56세,상해없음,,,,
2016070400100096,2016년 7월 4일 08시,월요일,충청북도 제천시 고암동,경상사고,0,0,1,0,차대차 - 측면직각충돌,안전거리미확보,습기,비,단일로 - 기타,승용,여,44세,기타불명,승용,남,33세,경상
2016070400100097,2016년 7월 4일 08시,월요일,충청북도 청주시 흥덕구 오송읍,경상사고,0,0,3,0,차대차 - 정면충돌,교차로운행방법위반,습기,비,교차로 - 교차로안,승용,남,38세,상해없음,승용,여,34세,경상
2016070400100098,2016년 7월 4일 08시,월요일,충청북도 청주시 흥덕구 운천동,경상사고,0,0,1,0,차대사람 - 횡단중,보행자보호의무위반,습기,비,단일로 - 횡단보도상,화물,남,47세,상해없음,보행자,여,8세,경상
2016070400100099,2016년 7월 4일 08시,월요일,충청북도 청주시 서원구 모충동,경상사고,0,0,2,0,차대차 - 정면충돌,안전거리미확보,습기,비,교차로 - 교차로부근,승용,여,51세,경상,승용,남,51세,경상
2016070400100129,2016년 7월 4일 09시,월요일,충청북도 충주시 금릉동,경상사고,0,0,1,0,차대사람 - 횡단중,보행자보호의무위반,습기,비,교차로 - 교차로안,화물,남,55세,상해없음,보행자,여,39세,경상
2016070400100130,2016년 7월 4일 09시,월요일,충청북도 음성군 소이면,사망사고,1,0,0,0,차대차 - 측면직각충돌,중앙선침범,습기,비,단일로 - 기타,화물,남,59세,상해없음,자전거,남,77세,사망
2016070400100131,2016년 7월 4일 09시,월요일,충청북도 청주시 서원구 모충동,경상사고,0,0,7,0,차대차 - 측면충돌,교차로운행방법위반,건조,맑음,교차로 - 교차로안,승용,남,55세,경상,승용,남,73세,경상
2016070400100161,2016년 7월 4일 10시,월요일,충청북도 청주시 청원구 내덕동,중상사고,0,1,0,0,차대사람 - 기타,안전운전불이행,습기,비,교차로 - 교차로부근,화물,남,41세,상해없음,보행자,남,78세,중상
2016070400100162,2016년 7월 4일 10시,월요일,충청북도 충주시 봉방동,부상신고사고,0,0,0,1,차량단독 - 공작물충돌,안전운전불이행,습기,비,단일로 - 기타,승용,남,26세,부상신고,,,,
2016070400100163,2016년 7월 4일 10시,월요일,충청북도 진천군 광혜원면,경상사고,0,0,1,0,차대차 - 기타,교차로운행방법위반,습기,비,교차로 - 교차로안,화물,남,50세,경상,화물,남,46세,상해없음
2016070400100243,2016년 7월 4일 13시,월요일,충청북도 충주시 성내동,경상사고,0,0,1,0,차대차 - 측면충돌,안전운전불이행,습기,비,단일로 - 기타,승용,여,46세,상해없음,승용,남,59세,경상
2016070400100244,2016년 7월 4일 13시,월요일,충청북도 괴산군 괴산읍,부상신고사고,0,0,0,1,차대차 - 정면충돌,불법유턴,습기,비,단일로 - 기타,승용,남,25세,상해없음,승용,여,58세,부상신고
2016070400100268,2016년 7월 4일 14시,월요일,충청북도 청주시 서원구 사창동,경상사고,0,0,4,0,차대차 - 기타,안전운전불이행,건조,맑음,단일로 - 기타,승용,남,40세,경상,승용,남,32세,경상
2016070400100306,2016년 7월 4일 15시,월요일,충청북도 청주시 상당구 용암동,경상사고,0,0,1,0,차대차 - 측면충돌,중앙선침범,건조,맑음,교차로 - 교차로부근,승용,남,67세,상해없음,승용,남,34세,경상
2016070400100337,2016년 7월 4일 16시,월요일,충청북도 청주시 청원구 오창읍,경상사고,0,0,1,0,차대차 - 추돌,안전운전불이행,습기,비,교차로 - 교차로안,승용,여,65세,상해없음,승용,남,30세,경상
2016070400100399,2016년 7월 4일 18시,월요일,충청북도 청주시 서원구 사직동,경상사고,0,0,2,0,차대차 - 측면직각충돌,교차로운행방법위반,습기,비,교차로 - 교차로안,승용,남,25세,상해없음,승용,여,60세,경상
2016070400100476,2016년 7월 4일 20시,월요일,충청북도 청주시 청원구 오창읍,경상사고,0,0,2,0,차대차 - 기타,안전운전불이행,습기,비,교차로 - 교차로안,승용,남,52세,상해없음,승용,남,51세,경상
2016070400100477,2016년 7월 4일 20시,월요일,충청북도 진천군 광혜원면,경상사고,0,0,1,1,차대차 - 정면충돌,교차로운행방법위반,습기,비,교차로 - 교차로안,승용,남,57세,상해없음,승용,여,31세,경상
2016070400100517,2016년 7월 4일 21시,월요일,충청북도 제천시 청전동,경상사고,0,0,1,0,차대사람 - 횡단중,안전운전불이행,습기,비,교차로 - 교차로안,원동기,남,22세,기타불명,보행자,남,60세,경상
2016070400100604,2016년 7월 4일 23시,월요일,충청북도 청주시 서원구 사창동,경상사고,0,0,5,0,차대차 - 기타,안전운전불이행,습기,비,교차로 - 교차로부근,승용,남,26세,상해없음,승용,남,31세,경상
2016070500100045,2016년 7월 5일 03시,화요일,충청북도 옥천군 옥천읍,경상사고,0,0,1,0,차량단독 - 전도전복,안전운전불이행,습기,흐림,단일로 - 기타,승용,남,27세,경상,,,,
2016070500100052,2016년 7월 5일 04시,화요일,충청북도 청주시 흥덕구 오송읍,중상사고,0,1,0,0,차대차 - 정면충돌,안전운전불이행,건조,맑음,단일로 - 기타,화물,남,55세,상해없음,이륜,남,71세,중상
2016070500100109,2016년 7월 5일 08시,화요일,충청북도 음성군 삼성면,경상사고,0,0,2,0,차대차 - 측면충돌,교차로운행방법위반,습기,안개,교차로 - 교차로안,승용,남,27세,경상,화물,남,72세,경상
2016070500100110,2016년 7월 5일 08시,화요일,충청북도 진천군 진천읍,중상사고,0,1,0,0,차대차 - 정면충돌,안전운전불이행,습기,비,교차로 - 교차로부근,승합,남,62세,상해없음,승용,여,30세,중상
2016070500100111,2016년 7월 5일 08시,화요일,충청북도 진천군 진천읍,경상사고,0,0,1,0,차대차 - 측면충돌,안전운전불이행,건조,맑음,교차로 - 교차로부근,승용,여,36세,상해없음,승용,여,41세,경상
2016070500100112,2016년 7월 5일 08시,화요일,충청북도 청주시 서원구 남이면,경상사고,0,0,2,0,차대차 - 추돌,안전운전불이행,건조,맑음,단일로 - 기타,승용,남,45세,경상,승용,남,34세,경상
2016070500100113,2016년 7월 5일 08시,화요일,충청북도 청주시 흥덕구 복대동,경상사고,0,0,1,0,차대차 - 추돌,안전운전불이행,건조,맑음,교차로 - 교차로부근,승용,남,27세,상해없음,승용,여,23세,경상
2016070500100170,2016년 7월 5일 10시,화요일,충청북도 진천군 진천읍,경상사고,0,0,1,0,차량단독 - 전도전복,안전운전불이행,습기,비,단일로 - 기타,승합,남,31세,경상,,,,
2016070500100221,2016년 7월 5일 12시,화요일,충청북도 충주시 봉방동,중상사고,0,1,0,0,차대사람 - 횡단중,안전운전불이행,건조,맑음,단일로 - 기타,승용,남,48세,상해없음,보행자,여,82세,중상
2016070500100249,2016년 7월 5일 13시,화요일,충청북도 제천시 화산동,경상사고,0,0,1,0,차대차 - 측면충돌,직진우회전진행방해,습기,비,교차로 - 교차로안,특수,남,26세,상해없음,이륜,남,17세,경상
2016070500100250,2016년 7월 5일 13시,화요일,충청북도 청주시 흥덕구 신봉동,경상사고,0,0,1,0,차대차 - 정면충돌,중앙선침범,건조,맑음,단일로 - 기타,자전거,남,12세,경상,승합,남,42세,상해없음
2016070500100284,2016년 7월 5일 14시,화요일,충청북도 청주시 청원구 오창읍,중상사고,0,1,0,0,차대차 - 추돌,안전운전불이행,습기,맑음,교차로 - 교차로부근,승용,남,58세,상해없음,승용,여,30세,중상
2016070500100285,2016년 7월 5일 14시,화요일,충청북도 충주시 문화동,부상신고사고,0,0,0,1,차대사람 - 횡단중,안전운전불이행,습기,비,교차로 - 교차로부근,승용,남,47세,상해없음,보행자,여,44세,부상신고
2016070500100286,2016년 7월 5일 14시,화요일,충청북도 음성군 음성읍,중상사고,0,1,0,0,차대차 - 측면충돌,신호위반,습기,비,교차로 - 교차로안,승용,여,39세,기타불명,화물,여,37세,중상
2016070500100287,2016년 7월 5일 14시,화요일,충청북도 청주시 흥덕구 복대동,경상사고,0,0,4,0,차대차 - 측면충돌,교차로운행방법위반,습기,비,교차로 - 교차로안,화물,남,55세,상해없음,승용,여,31세,경상
2016070500100353,2016년 7월 5일 16시,화요일,충청북도 괴산군 청안면,중상사고,0,1,0,0,차대사람 - 기타,안전운전불이행,습기,비,단일로 - 기타,화물,남,51세,상해없음,보행자,남,86세,중상
2016070500100380,2016년 7월 5일 17시,화요일,충청북도 진천군 문백면,경상사고,0,0,2,0,차대차 - 기타,직진우회전진행방해,건조,맑음,교차로 - 교차로안,승합,여,52세,경상,승용,남,43세,경상
2016070500100381,2016년 7월 5일 17시,화요일,충청북도 청주시 흥덕구 봉명동,경상사고,0,0,1,0,차대차 - 기타,중앙선침범,건조,맑음,단일로 - 기타,승용,남,68세,상해없음,승용,남,45세,경상
2016070500100382,2016년 7월 5일 17시,화요일,충청북도 청주시 상당구 용암동,경상사고,0,0,2,0,차대차 - 측면충돌,교차로운행방법위반,건조,맑음,교차로 - 교차로안,승용,여,27세,경상,승용,남,22세,경상
2016070500100383,2016년 7월 5일 17시,화요일,충청북도 청주시 상당구 영운동,중상사고,0,1,0,0,차대사람 - 기타,안전운전불이행,건조,맑음,단일로 - 기타,이륜,남,35세,상해없음,보행자,여,90세 이상,중상
2016070500100428,2016년 7월 5일 18시,화요일,충청북도 증평군 증평읍,경상사고,0,0,1,0,차대차 - 측면직각충돌,교차로운행방법위반,습기,비,교차로 - 교차로안,승용,여,40세,상해없음,승용,남,48세,경상
2016070500100429,2016년 7월 5일 18시,화요일,충청북도 청주시 흥덕구 봉명동,경상사고,0,0,1,0,차대사람 - 횡단중,안전운전불이행,건조,맑음,단일로 - 기타,승용,남,64세,상해없음,보행자,여,21세,경상
2016070500100470,2016년 7월 5일 19시,화요일,충청북도 충주시 교현동,중상사고,0,1,1,0,차대사람 - 횡단중,안전운전불이행,결빙,비,단일로 - 기타,이륜,남,21세,경상,보행자,여,77세,중상
2016070500100471,2016년 7월 5일 19시,화요일,충청북도 충주시 연수동,경상사고,0,0,5,0,차대차 - 기타,안전운전불이행,습기,비,교차로 - 교차로부근,승용,남,53세,상해없음,승용,남,34세,경상
2016070500100472,2016년 7월 5일 19시,화요일,충청북도 음성군 금왕읍,경상사고,0,0,1,0,차대차 - 정면충돌,안전운전불이행,건조,맑음,교차로 - 교차로안,승용,남,42세,경상,화물,남,66세,상해없음
2016070500100473,2016년 7월 5일 19시,화요일,충청북도 청주시 상당구 서운동,중상사고,0,1,0,0,차대차 - 측면충돌,안전운전불이행,습기,비,교차로 - 교차로부근,승합,남,46세,상해없음,이륜,남,59세,중상
2016070500100503,2016년 7월 5일 20시,화요일,충청북도 청주시 서원구 분평동,중상사고,0,1,0,0,차대사람 - 횡단중,신호위반,습기,비,단일로 - 횡단보도상,이륜,남,39세,상해없음,보행자,남,54세,중상
2016070500100504,2016년 7월 5일 20시,화요일,충청북도 청주시 상당구 명암동,경상사고,0,0,1,0,차량단독 - 전도전복,안전운전불이행,건조,흐림,단일로 - 기타,승용,남,36세,경상,,,,
2016070500100607,2016년 7월 5일 23시,화요일,충청북도 충주시 연수동,경상사고,0,0,1,0,차대차 - 측면충돌,안전운전불이행,습기,흐림,교차로 - 교차로부근,화물,남,37세,상해없음,원동기,남,19세,경상
2016070500100608,2016년 7월 5일 23시,화요일,충청북도 청주시 흥덕구 복대동,경상사고,0,0,1,0,차대차 - 정면충돌,안전운전불이행,습기,비,단일로 - 기타,승용,남,35세,상해없음,승용,남,51세,경상
2016070500100609,2016년 7월 5일 23시,화요일,충청북도 청주시 흥덕구 복대동,경상사고,0,0,3,0,차대차 - 추돌,안전운전불이행,습기,흐림,단일로 - 기타,승용,남,34세,상해없음,승용,여,47세,경상
2016070500100610,2016년 7월 5일 23시,화요일,충청북도 청주시 흥덕구 강서동,경상사고,0,0,1,0,차대차 - 추돌,안전거리미확보,건조,맑음,단일로 - 기타,승용,남,26세,상해없음,화물,남,55세,경상
2016070600100012,2016년 7월 6일 00시,수요일,충청북도 청주시 상당구 용암동,중상사고,0,1,0,0,차대사람 - 횡단중,신호위반,건조,맑음,교차로 - 교차로안,승용,남,44세,상해없음,보행자,남,47세,중상
2016070600100082,2016년 7월 6일 06시,수요일,충청북도 청주시 흥덕구 복대동,경상사고,0,0,1,0,차대사람 - 횡단중,안전운전불이행,건조,맑음,단일로 - 기타,승용,남,57세,상해없음,보행자,남,21세,경상
2016070600100132,2016년 7월 6일 08시,수요일,충청북도 옥천군 옥천읍,경상사고,0,0,1,0,차대차 - 측면충돌,안전운전불이행,습기,비,교차로 - 교차로안,승용,남,37세,기타불명,승용,남,28세,경상
2016070600100133,2016년 7월 6일 08시,수요일,충청북도 청주시 흥덕구 가경동,경상사고,0,0,1,0,차대차 - 측면직각충돌,신호위반,습기,비,교차로 - 교차로안,화물,남,59세,상해없음,승용,여,43세,경상
2016070600100275,2016년 7월 6일 13시,수요일,충청북도 청주시 서원구 사창동,경상사고,0,0,1,0,차량단독 - 기타,안전운전불이행,건조,맑음,교차로 - 교차로부근,승합,남,48세,기타불명,,,,
2016070600100276,2016년 7월 6일 13시,수요일,충청북도 충주시 중앙탑면,중상사고,0,1,0,0,차대차 - 측면충돌,신호위반,건조,맑음,교차로 - 교차로안,승용,남,80세,상해없음,화물,남,48세,중상
2016070600100302,2016년 7월 6일 14시,수요일,충청북도 청주시 상당구 영운동,중상사고,0,1,0,0,차량단독 - 전도전복,안전거리미확보,건조,맑음,교차로 - 교차로부근,이륜,남,38세,중상,,,,
2016070600100330,2016년 7월 6일 15시,수요일,충청북도 청주시 서원구 분평동,경상사고,0,0,1,0,차대사람 - 횡단중,안전운전불이행,건조,맑음,단일로 - 기타,승용,여,43세,상해없음,보행자,여,59세,경상
2016070600100331,2016년 7월 6일 15시,수요일,충청북도 청주시 상당구 석교동,중상사고,0,1,0,0,차대사람 - 기타,안전운전불이행,건조,맑음,단일로 - 기타,승합,남,52세,상해없음,보행자,여,81세,중상
2016070600100372,2016년 7월 6일 16시,수요일,충청북도 진천군 진천읍,중상사고,0,1,0,0,차대차 - 정면충돌,중앙선침범,건조,맑음,단일로 - 기타,화물,남,62세,상해없음,승용,여,54세,중상
2016070600100483,2016년 7월 6일 19시,수요일,충청북도 충주시 호암동,경상사고,0,0,1,0,차대차 - 측면충돌,안전운전불이행,건조,맑음,교차로 - 교차로부근,승용,남,50세,상해없음,승용,여,42세,경상
2016070600100484,2016년 7월 6일 19시,수요일,충청북도 충주시 목행동,경상사고,0,0,1,0,차대차 - 기타,교차로운행방법위반,습기,비,교차로 - 교차로안,승용,여,48세,상해없음,승용,여,47세,경상
2016070600100533,2016년 7월 6일 21시,수요일,충청북도 제천시 남천동,경상사고,0,0,1,0,차대차 - 정면충돌,신호위반,건조,맑음,교차로 - 교차로안,승용,남,40세,상해없음,화물,남,61세,경상
2016070600100534,2016년 7월 6일 21시,수요일,충청북도 청주시 흥덕구 가경동,경상사고,0,0,1,0,차대차 - 정면충돌,안전운전불이행,습기,비,교차로 - 교차로부근,승용,남,47세,상해없음,이륜,남,49세,경상
2016070600100554,2016년 7월 6일 22시,수요일,충청북도 충주시 교현동,경상사고,0,0,1,0,차대차 - 정면충돌,안전운전불이행,습기,비,교차로 - 교차로부근,승용,남,40세,상해없음,이륜,남,17세,경상
2016070600100555,2016년 7월 6일 22시,수요일,충청북도 증평군 증평읍,경상사고,0,0,1,0,차대사람 - 횡단중,안전운전불이행,건조,맑음,교차로 - 교차로부근,승용,여,41세,상해없음,보행자,남,47세,경상