사고번호,사고일시,요일,시군구,사고내용,사망자수,중상자수,경상자수,부상신고자수,사고유형,법규위반,노면상태,기상상태,도로형태,가해운전자 차종,가해운전자 성별,가해운전자 연령,가해운전자 상해정도,피해운전자 차종,피해운전자 성별,피해운전자 연령,피해운전자 상해정도
2016071100100624,2016년 7월 11일 23시,월요일,충청북도 충주시 연수동,경상사고,0,0,4,0,차대차 - 측면충돌,안전거리미확보,건조,맑음,교차로 - 교차로부근,승용,남,38세,상해없음,승용,남,26세,경상
2016071100100625,2016년 7월 11일 23시,월요일,충청북도 청주시 상당구 용암동,경상사고,0,0,1,0,차대차 - 측면충돌,신호위반,건조,맑음,교차로 - 교차로안,승용,여,49세,상해없음,승용,여,50세,경상
2016071100100626,2016년 7월 11일 23시,월요일,충청북도 청주시 상당구 용암동,경상사고,0,0,1,0,차대사람 - 기타,안전운전불이행,건조,맑음,단일로 - 기타,승용,남,36세,상해없음,보행자,남,60세,경상
2016071200100009,2016년 7월 12일 00시,화요일,충청북도 충주시 호암동,중상사고,0,1,0,0,차대차 - 측면충돌,안전운전불이행,건조,맑음,단일로 - 기타,승용,남,42세,상해없음,승용,여,46세,중상
2016071200100024,2016년 7월 12일 01시,화요일,충청북도 청주시 서원구 성화동,경상사고,0,0,1,1,차량단독 - 공작물충돌,안전운전불이행,건조,맑음,단일로 - 기타,승용,여,22세,경상,,,,
2016071200100034,2016년 7월 12일 02시,화요일,충청북도 청주시 흥덕구 복대동,부상신고사고,0,0,0,1,차대차 - 기타,교차로운행방법위반,건조,맑음,교차로 - 교차로안,승용,여,53세,상해없음,이륜,남,16세,부상신고
2016071200100062,2016년 7월 12일 04시,화요일,충청북도 청주시 상당구 용암동,경상사고,0,0,1,0,차대차 - 측면충돌,신호위반,건조,맑음,교차로 - 교차로안,승용,남,48세,상해없음,승용,남,50세,경상
2016071200100075,2016년 7월 12일 05시,화요일,충청북도 충주시 용두동,중상사고,0,1,0,1,차대차 - 정면충돌,신호위반,습기,비,교차로 - 교차로안,승용,남,51세,부상신고,승용,남,51세,중상
2016071200100188,2016년 7월 12일 10시,화요일,충청북도 청주시 흥덕구 봉명동,중상사고,0,1,0,0,차대차 - 측면직각충돌,신호위반,건조,맑음,교차로 - 교차로안,화물,남,62세,상해없음,이륜,남,37세,중상
2016071200100288,2016년 7월 12일 14시,화요일,충청북도 제천시 영천동,경상사고,0,0,2,0,차대차 - 기타,교차로운행방법위반,건조,맑음,교차로 - 교차로안,승용,여,35세,상해없음,승용,남,48세,경상
2016071200100395,2016년 7월 12일 17시,화요일,충청북도 충주시 대소원면,경상사고,0,0,4,0,차대차 - 정면충돌,안전운전불이행,건조,맑음,단일로 - 기타,승용,남,49세,경상,승용,여,59세,경상
2016071200100396,2016년 7월 12일 17시,화요일,충청북도 음성군 금왕읍,부상신고사고,0,0,0,1,차대차 - 추돌,안전운전불이행,건조,맑음,단일로 - 기타,화물,남,49세,부상신고,화물,남,55세,상해없음
2016071200100441,2016년 7월 12일 18시,화요일,충청북도 제천시 봉양읍,경상사고,0,0,2,1,차대차 - 기타,안전운전불이행,건조,맑음,기타 - 기타,승용,여,63세,상해없음,화물,남,29세,상해없음
2016071200100442,2016년 7월 12일 18시,화요일,충청북도 음성군 대소면,경상사고,0,0,1,0,차대차 - 측면충돌,차로위반,건조,맑음,교차로 - 교차로안,승용,남,28세,경상,승용,남,50세,상해없음
2016071200100482,2016년 7월 12일 19시,화요일,충청북도 청주시 상당구 용암동,중상사고,0,1,0,0,차대차 - 기타,안전운전불이행,습기,흐림,단일로 - 기타,승합,남,46세,상해없음,이륜,남,38세,중상
2016071200100507,2016년 7월 12일 20시,화요일,충청북도 제천시 화산동,경상사고,0,0,1,0,차대차 - 측면충돌,직진우회전진행방해,건조,맑음,교차로 - 교차로안,승용,여,62세,상해없음,승용,남,53세,상해없음
2016071200100508,2016년 7월 12일 20시,화요일,충청북도 제천시 동현동,경상사고,0,0,1,0,차대차 - 측면직각충돌,과속,건조,흐림,교차로 - 교차로부근,이륜,남,17세,경상,화물,남,56세,상해없음
2016071200100587,2016년 7월 12일 23시,화요일,충청북도 청주시 흥덕구 비하동,중상사고,0,1,0,0,차대사람 - 기타,안전운전불이행,건조,맑음,단일로 - 기타,승용,여,46세,상해없음,보행자,남,46세,중상
2016071300100045,2016년 7월 13일 03시,수요일,충청북도 영동군 용산면,경상사고,0,0,1,0,차량단독 - 전도전복,안전운전불이행,건조,맑음,단일로 - 기타,승용,남,35세,경상,,,,
2016071300100046,2016년 7월 13일 03시,수요일,충청북도 옥천군 동이면,사망사고,1,0,0,0,차대사람 - 기타,안전운전불이행,습기,안개,단일로 - 기타,승용,남,42세,상해없음,보행자,여,87세,사망
2016071300100047,2016년 7월 13일 03시,수요일,충청북도 청주시 흥덕구 송정동,경상사고,0,0,3,0,차대차 - 정면충돌,신호위반,건조,맑음,교차로 - 교차로안,승용,남,58세,상해없음,승용,남,49세,경상
2016071300100063,2016년 7월 13일 05시,수요일,충청북도 청주시 흥덕구 강내면,중상사고,0,1,0,0,차대차 - 추돌,안전운전불이행,건조,맑음,단일로 - 기타,승합,남,41세,상해없음,이륜,남,56세,중상
2016071300100099,2016년 7월 13일 07시,수요일,충청북도 청주시 청원구 주중동,경상사고,0,0,1,0,차대차 - 추돌,안전운전불이행,건조,흐림,단일로 - 기타,화물,남,51세,상해없음,승용,여,52세,경상
2016071300100129,2016년 7월 13일 08시,수요일,충청북도 증평군 증평읍,경상사고,0,0,1,0,차대차 - 추돌,안전운전불이행,건조,맑음,교차로 - 교차로부근,승합,남,48세,상해없음,화물,남,59세,경상
2016071300100130,2016년 7월 13일 08시,수요일,충청북도 청주시 서원구 남이면,중상사고,0,1,1,0,차대차 - 정면충돌,안전거리미확보,건조,맑음,교차로 - 교차로안,승용,남,38세,경상,화물,남,47세,중상
2016071300100131,2016년 7월 13일 08시,수요일,충청북도 청주시 흥덕구 상신동,경상사고,0,0,3,0,차대차 - 정면충돌,안전거리미확보,건조,맑음,교차로 - 교차로부근,승용,남,28세,상해없음,승용,남,36세,경상
2016071300100132,2016년 7월 13일 08시,수요일,충청북도 청주시 상당구 석교동,중상사고,0,1,0,0,차대사람 - 횡단중,안전운전불이행,건조,맑음,교차로 - 교차로안,승합,여,35세,상해없음,보행자,여,88세,중상
2016071300100181,2016년 7월 13일 09시,수요일,충청북도 괴산군 칠성면,중상사고,0,3,0,0,차대차 - 측면직각충돌,직진우회전진행방해,건조,맑음,교차로 - 교차로안,화물,남,52세,상해없음,화물,남,52세,중상
2016071300100208,2016년 7월 13일 10시,수요일,충청북도 단양군 단양읍,중상사고,0,1,7,0,차대차 - 추돌,안전운전불이행,건조,맑음,단일로 - 기타,건설기계,남,55세,상해없음,승용,남,58세,경상
2016071300100245,2016년 7월 13일 11시,수요일,충청북도 청주시 청원구 율량동,경상사고,0,0,1,0,차대차 - 기타,교차로운행방법위반,건조,맑음,교차로 - 교차로안,이륜,남,37세,경상,승용,남,64세,상해없음
2016071300100283,2016년 7월 13일 12시,수요일,충청북도 제천시 명동,경상사고,0,0,1,0,차대차 - 측면직각충돌,교차로운행방법위반,건조,흐림,교차로 - 교차로안,승용,여,54세,상해없음,이륜,남,18세,경상
2016071300100313,2016년 7월 13일 13시,수요일,충청북도 청주시 청원구 오창읍,중상사고,0,1,0,0,차대차 - 기타,중앙선침범,건조,맑음,단일로 - 기타,이륜,남,76세,중상,승합,남,56세,상해없음
2016071300100314,2016년 7월 13일 13시,수요일,충청북도 제천시 중앙로1가,경상사고,0,0,1,0,차대차 - 기타,기타,건조,맑음,단일로 - 기타,승용,남,55세,상해없음,이륜,남,60세,경상
2016071300100315,2016년 7월 13일 13시,수요일,충청북도 음성군 원남면,중상사고,0,2,0,0,차대차 - 측면충돌,신호위반,건조,맑음,교차로 - 교차로안,특수,남,48세,중상,화물,남,65세,중상
2016071300100316,2016년 7월 13일 13시,수요일,충청북도 청주시 흥덕구 봉명동,경상사고,0,0,1,0,차대사람 - 횡단중,안전운전불이행,건조,맑음,교차로 - 교차로안,승용,여,50세,상해없음,보행자,여,57세,경상
2016071300100350,2016년 7월 13일 14시,수요일,충청북도 충주시 연수동,경상사고,0,0,1,0,차대차 - 측면충돌,안전운전불이행,건조,맑음,교차로 - 교차로부근,승합,남,62세,상해없음,자전거,남,50세,경상
2016071300100351,2016년 7월 13일 14시,수요일,충청북도 음성군 생극면,경상사고,0,0,1,0,차대차 - 정면충돌,중앙선침범,건조,맑음,단일로 - 기타,화물,남,57세,상해없음,승용,남,45세,경상
2016071300100412,2016년 7월 13일 16시,수요일,충청북도 단양군 매포읍,경상사고,0,0,2,0,차대차 - 측면충돌,안전거리미확보,건조,맑음,단일로 - 기타,화물,남,46세,상해없음,승용,여,20세,경상
2016071300100413,2016년 7월 13일 16시,수요일,충청북도 청주시 상당구 용암동,경상사고,0,0,1,0,차대차 - 기타,기타,건조,맑음,단일로 - 기타,승용,남,38세,상해없음,승용,여,30세,경상
2016071300100461,2016년 7월 13일 17시,수요일,충청북도 청주시 서원구 현도면,경상사고,0,0,1,0,차대차 - 기타,안전거리미확보,건조,맑음,단일로 - 기타,특수,남,61세,기타불명,승용,여,35세,경상
2016071300100462,2016년 7월 13일 17시,수요일,충청북도 청주시 상당구 석교동,중상사고,0,1,0,0,차대사람 - 횡단중,안전운전불이행,건조,맑음,단일로 - 횡단보도부근,화물,남,56세,상해없음,보행자,여,78세,중상
2016071300100508,2016년 7월 13일 18시,수요일,충청북도 제천시 영천동,중상사고,0,1,0,0,차대사람 - 보도통행중,기타,건조,맑음,단일로 - 기타,승용,남,61세,상해없음,보행자,남,63세,중상
2016071300100509,2016년 7월 13일 18시,수요일,충청북도 음성군 대소면,경상사고,0,0,1,0,차대차 - 정면충돌,안전운전불이행,건조,맑음,단일로 - 기타,승용,여,41세,상해없음,화물,남,55세,경상
2016071300100510,2016년 7월 13일 18시,수요일,충청북도 진천군 진천읍,경상사고,0,0,1,0,차대사람 - 기타,안전운전불이행,건조,맑음,단일로 - 기타,자전거,남,17세,상해없음,보행자,여,35세,경상
2016071300100555,2016년 7월 13일 19시,수요일,충청북도 충주시 봉방동,중상사고,0,1,0,0,차대사람 - 횡단중,안전운전불이행,건조,맑음,단일로 - 기타,승용,남,65세,상해없음,보행자,여,10세,중상
2016071300100556,2016년 7월 13일 19시,수요일,충청북도 청주시 서원구 분평동,중상사고,0,1,0,0,차대차 - 측면충돌,안전운전불이행,건조,맑음,단일로 - 기타,승용,여,61세,상해없음,승용,남,75세,중상
2016071300100662,2016년 7월 13일 22시,수요일,충청북도 청주시 흥덕구 봉명동,중상사고,0,1,1,0,차대차 - 추돌,안전운전불이행,건조,맑음,단일로 - 기타,승용,여,50세,경상,승용,남,51세,상해없음
2016071400100028,2016년 7월 14일 01시,목요일,충청북도 청주시 흥덕구 오송읍,경상사고,0,0,5,0,차대차 - 추돌,안전운전불이행,건조,맑음,교차로 - 교차로부근,승용,여,63세,상해없음,승용,남,44세,경상
2016071400100127,2016년 7월 14일 08시,목요일,충청북도 청주시 서원구 수곡동,중상사고,0,1,3,0,차대차 - 측면충돌,중앙선침범,건조,맑음,단일로 - 기타,이륜,여,58세,중상,승용,남,29세,경상
2016071400100160,2016년 7월 14일 09시,목요일,충청북도 옥천군 옥천읍,경상사고,0,0,2,0,차대차 - 측면충돌,직진우회전진행방해,건조,맑음,교차로 - 교차로안,승용,남,74세,경상,승용,남,68세,상해없음
2016071400100161,2016년 7월 14일 09시,목요일,충청북도 청주시 서원구 산남동,경상사고,0,0,2,0,차대차 - 측면충돌,안전거리미확보,건조,맑음,단일로 - 기타,승용,여,49세,상해없음,승용,남,37세,경상
2016071400100198,2016년 7월 14일 10시,목요일,충청북도 청주시 서원구 사직동,경상사고,0,0,1,0,차대차 - 추돌,안전운전불이행,건조,맑음,단일로 - 기타,승용,남,67세,상해없음,이륜,남,36세,경상
2016071400100199,2016년 7월 14일 10시,목요일,충청북도 음성군 감곡면,중상사고,0,2,0,0,차대차 - 측면충돌,신호위반,건조,맑음,교차로 - 교차로안,승용,남,30세,중상,승용,여,61세,중상
2016071400100233,2016년 7월 14일 11시,목요일,충청북도 청주시 흥덕구 가경동,경상사고,0,0,1,0,차대사람 - 횡단중,안전운전불이행,건조,맑음,단일로 - 기타,승용,남,62세,상해없음,보행자,남,51세,경상
2016071400100234,2016년 7월 14일 11시,목요일,충청북도 청주시 흥덕구 지동동,경상사고,0,0,1,0,차대차 - 추돌,안전운전불이행,건조,맑음,단일로 - 기타,화물,남,58세,상해없음,승용,남,51세,경상
2016071400100266,2016년 7월 14일 12시,목요일,충청북도 청주시 상당구 문화동,중상사고,0,1,0,0,차대사람 - 횡단중,안전운전불이행,건조,맑음,교차로 - 교차로부근,승합,남,54세,상해없음,보행자,남,84세,중상
2016071400100296,2016년 7월 14일 13시,목요일,충청북도 청주시 흥덕구 복대동,중상사고,0,1,0,0,차대차 - 기타,안전거리미확보,건조,맑음,단일로 - 기타,승용,여,47세,상해없음,승합,남,40세,상해없음
2016071400100297,2016년 7월 14일 13시,목요일,충청북도 청주시 서원구 남이면,경상사고,0,0,1,0,차대차 - 정면충돌,안전운전불이행,건조,맑음,단일로 - 기타,이륜,남,56세,상해없음,화물,남,59세,경상
2016071400100348,2016년 7월 14일 15시,목요일,충청북도 청주시 흥덕구 가경동,중상사고,0,1,0,0,차대사람 - 보도통행중,기타,건조,맑음,단일로 - 기타,화물,남,58세,상해없음,보행자,남,62세,중상
2016071400100388,2016년 7월 14일 16시,목요일,충청북도 청주시 흥덕구 향정동,경상사고,0,0,3,0,차대차 - 정면충돌,중앙선침범,건조,맑음,교차로 - 교차로부근,승용,남,43세,경상,승합,남,38세,경상
2016071400100389,2016년 7월 14일 16시,목요일,충청북도 음성군 감곡면,중상사고,0,1,2,0,차대차 - 기타,안전운전불이행,건조,맑음,단일로 - 기타,승용,여,64세,상해없음,승용,남,58세,경상
2016071400100432,2016년 7월 14일 17시,목요일,충청북도 음성군 삼성면,경상사고,0,0,1,0,차대차 - 측면충돌,기타,건조,맑음,교차로 - 교차로안,승용,여,47세,상해없음,승용,여,57세,경상
2016071400100479,2016년 7월 14일 18시,목요일,충청북도 음성군 감곡면,중상사고,0,1,0,0,차대사람 - 길가장자리구역통행중,안전운전불이행,건조,맑음,단일로 - 기타,승용,여,57세,상해없음,보행자,여,44세,중상
2016071400100515,2016년 7월 14일 19시,목요일,충청북도 청주시 서원구 성화동,경상사고,0,0,2,0,차대차 - 기타,안전운전불이행,건조,맑음,교차로 - 교차로안,승용,여,30세,상해없음,승용,여,36세,경상
2016071400100516,2016년 7월 14일 19시,목요일,충청북도 청주시 흥덕구 가경동,경상사고,0,0,1,0,차대차 - 측면직각충돌,안전운전불이행,건조,맑음,단일로 - 기타,승용,남,51세,상해없음,자전거,남,8세,경상
2016071400100517,2016년 7월 14일 19시,목요일,충청북도 청주시 흥덕구 복대동,부상신고사고,0,0,0,1,차량단독 - 전도전복,안전운전불이행,건조,맑음,교차로 - 교차로부근,승합,남,57세,상해없음,,,,
2016071400100546,2016년 7월 14일 20시,목요일,충청북도 청주시 청원구 우암동,중상사고,0,1,0,0,차대차 - 측면직각충돌,안전운전불이행,건조,맑음,교차로 - 교차로안,승용,여,42세,상해없음,자전거,여,59세,중상
2016071400100547,2016년 7월 14일 20시,목요일,충청북도 청주시 서원구 장성동,경상사고,0,0,2,0,차대차 - 측면충돌,안전운전불이행,건조,맑음,단일로 - 기타,승용,남,31세,상해없음,화물,남,31세,경상
2016071500100054,2016년 7월 15일 05시,금요일,충청북도 충주시 산척면,경상사고,0,0,1,1,차대차 - 측면충돌,안전운전불이행,건조,흐림,교차로 - 교차로안,승용,남,32세,부상신고,화물,남,67세,경상
2016071500100085,2016년 7월 15일 07시,금요일,충청북도 청주시 청원구 오창읍,경상사고,0,0,1,0,차대차 - 측면직각충돌,안전운전불이행,건조,맑음,단일로 - 기타,승용,남,53세,상해없음,화물,남,42세,경상
2016071500100086,2016년 7월 15일 07시,금요일,충청북도 증평군 도안면,중상사고,0,1,0,0,차대차 - 측면충돌,신호위반,건조,맑음,교차로 - 교차로안,화물,남,49세,상해없음,자전거,남,55세,중상
2016071500100116,2016년 7월 15일 08시,금요일,충청북도 청주시 서원구 사창동,경상사고,0,0,1,0,차대차 - 추돌,안전운전불이행,건조,맑음,단일로 - 기타,승용,여,32세,상해없음,승용,남,33세,경상
2016071500100150,2016년 7월 15일 09시,금요일,충청북도 청주시 서원구 개신동,경상사고,0,0,2,0,차대차 - 측면직각충돌,차로위반,건조,맑음,교차로 - 교차로안,승용,남,26세,상해없음,승용,여,43세,경상
2016071500100180,2016년 7월 15일 10시,금요일,충청북도 제천시 명동,중상사고,0,2,0,0,차대차 - 측면충돌,신호위반,건조,맑음,교차로 - 교차로안,승용,남,42세,상해없음,승용,여,64세,중상
2016071500100181,2016년 7월 15일 10시,금요일,충청북도 청주시 흥덕구 봉명동,중상사고,0,1,0,0,차대사람 - 기타,안전운전불이행,건조,맑음,단일로 - 기타,승용,남,42세,상해없음,보행자,남,58세,중상
2016071500100228,2016년 7월 15일 11시,금요일,충청북도 청주시 청원구 사천동,경상사고,0,0,1,0,차대차 - 측면충돌,교차로운행방법위반,건조,맑음,교차로 - 교차로안,승용,여,44세,상해없음,승용,남,61세,경상
2016071500100229,2016년 7월 15일 11시,금요일,충청북도 충주시 봉방동,경상사고,0,0,1,0,차대차 - 측면충돌,안전운전불이행,건조,맑음,단일로 - 기타,화물,남,32세,기타불명,자전거,여,60세,경상
2016071500100260,2016년 7월 15일 12시,금요일,충청북도 충주시 앙성면,경상사고,0,0,4,0,차량단독 - 공작물충돌,과속,건조,흐림,단일로 - 기타,승용,남,19세,경상,,,,
2016071500100261,2016년 7월 15일 12시,금요일,충청북도 청주시 상당구 남문로2가동,경상사고,0,0,6,0,차대차 - 정면충돌,안전운전불이행,건조,맑음,단일로 - 기타,승용,남,60세,상해없음,승용,여,35세,경상
2016071500100296,2016년 7월 15일 13시,금요일,충청북도 제천시 남천동,경상사고,0,0,1,0,차대차 - 정면충돌,안전운전불이행,건조,맑음,기타 - 기타,승용,남,24세,상해없음,화물,남,56세,경상
2016071500100297,2016년 7월 15일 13시,금요일,충청북도 청주시 상당구 용담동,중상사고,0,1,0,0,차대사람 - 횡단중,안전운전불이행,건조,맑음,교차로 - 교차로안,승용,여,58세,상해없음,보행자,남,75세,중상
2016071500100333,2016년 7월 15일 14시,금요일,충청북도 음성군 감곡면,중상사고,0,3,0,0,차대차 - 정면충돌,중앙선침범,건조,맑음,단일로 - 기타,화물,남,57세,상해없음,승용,여,47세,중상
2016071500100447,2016년 7월 15일 17시,금요일,충청북도 청주시 상당구 금천동,중상사고,0,1,1,0,차대차 - 측면충돌,교차로운행방법위반,건조,맑음,교차로 - 교차로안,이륜,남,75세,중상,승용,여,35세,경상
2016071500100617,2016년 7월 15일 21시,금요일,충청북도 제천시 신백동,경상사고,0,0,1,0,차대차 - 추돌,안전운전불이행,건조,맑음,단일로 - 기타,승용,남,33세,상해없음,승용,남,56세,경상
2016071500100658,2016년 7월 15일 22시,금요일,충청북도 청주시 서원구 사창동,경상사고,0,0,1,0,차대차 - 기타,교차로운행방법위반,건조,맑음,교차로 - 교차로안,승용,남,52세,상해없음,자전거,남,58세,경상
2016071500100659,2016년 7월 15일 22시,금요일,충청북도 청주시 서원구 성화동,경상사고,0,0,1,0,차대차 - 기타,안전운전불이행,건조,맑음,교차로 - 교차로안,기타불명,기타불명,기타불명,기타불명,자전거,남,15세,경상
2016071500100697,2016년 7월 15일 23시,금요일,충청북도 청주시 청원구 율량동,중상사고,0,1,0,0,차대차 - 추돌,안전운전불이행,습기,비,교차로 - 교차로부근,화물,남,36세,상해없음,승용,여,39세,중상
2016071500100698,2016년 7월 15일 23시,금요일,충청북도 청주시 상당구 용정동,중상사고,0,1,0,0,차대차 - 측면충돌,안전운전불이행,건조,흐림,단일로 - 기타,화물,남,54세,상해없음,이륜,남,16세,중상
2016071600100019,2016년 7월 16일 00시,토요일,충청북도 청주시 서원구 사창동,경상사고,0,0,1,0,차대차 - 추돌,안전운전불이행,습기,비,단일로 - 기타,승용,남,24세,상해없음,이륜,남,기타불명,기타불명
2016071600100020,2016년 7월 16일 00시,토요일,충청북도 충주시 금릉동,부상신고사고,0,0,0,1,차량단독 - 전도전복,안전운전불이행,습기,비,교차로 - 교차로안,이륜,남,15세,부상신고,,,,
2016071600100021,2016년 7월 16일 00시,토요일,충청북도 청주시 흥덕구 가경동,경상사고,0,0,1,0,차대차 - 추돌,안전운전불이행,습기,비,교차로 - 교차로부근,승용,남,53세,상해없음,이륜,남,29세,경상
2016071600100022,2016년 7월 16일 00시,토요일,충청북도 청주시 흥덕구 가경동,경상사고,0,0,2,0,차대차 - 추돌,안전운전불이행,건조,맑음,교차로 - 교차로부근,승용,여,32세,상해없음,승용,남,61세,경상
2016071600100084,2016년 7월 16일 03시,토요일,충청북도 청주시 상당구 서문동,중상사고,0,1,0,0,차대사람 - 길가장자리구역통행중,안전운전불이행,건조,맑음,단일로 - 기타,기타불명,기타불명,20세,기타불명,보행자,남,49세,중상
2016071600100106,2016년 7월 16일 04시,토요일,충청북도 음성군 음성읍,중상사고,0,3,3,0,차량단독 - 전도전복,안전운전불이행,습기,비,단일로 - 기타,승합,남,65세,경상,,,,
2016071600100128,2016년 7월 16일 05시,토요일,충청북도 청주시 상당구 용암동,경상사고,0,0,1,0,차대차 - 정면충돌,신호위반,습기,비,교차로 - 교차로안,화물,남,43세,상해없음,화물,남,56세,경상
2016071600100210,2016년 7월 16일 09시,토요일,충청북도 제천시 청전동,경상사고,0,0,3,0,차대차 - 측면충돌,직진우회전진행방해,습기,비,교차로 - 교차로안,화물,남,51세,경상,승용,남,57세,경상
2016071600100294,2016년 7월 16일 12시,토요일,충청북도 제천시 청전동,중상사고,0,1,0,0,차대사람 - 횡단중,안전운전불이행,습기,비,단일로 - 기타,승용,남,62세,상해없음,보행자,여,43세,중상
2016071600100331,2016년 7월 16일 13시,토요일,충청북도 증평군 증평읍,경상사고,0,0,2,1,차대차 - 측면직각충돌,신호위반,습기,비,교차로 - 교차로안,승용,여,48세,부상신고,승용,남,67세,경상
2016071600100404,2016년 7월 16일 15시,토요일,충청북도 청주시 서원구 개신동,경상사고,0,0,1,0,차대차 - 측면직각충돌,안전운전불이행,습기,흐림,교차로 - 교차로부근,승합,남,49세,상해없음,이륜,남,51세,경상
2016071600100405,2016년 7월 16일 15시,토요일,충청북도 청주시 흥덕구 신봉동,경상사고,0,0,1,0,차대차 - 기타,안전운전불이행,건조,맑음,교차로 - 교차로부근,승용,여,68세,기타불명,승용,남,28세,경상
2016071600100440,2016년 7월 16일 16시,토요일,충청북도 청주시 흥덕구 가경동,경상사고,0,0,1,0,차대차 - 측면직각충돌,안전운전불이행,습기,비,단일로 - 기타,승합,남,32세,상해없음,화물,남,43세,경상
2016071600100441,2016년 7월 16일 16시,토요일,충청북도 청주시 흥덕구 운천동,경상사고,0,0,2,0,차대차 - 정면충돌,안전운전불이행,건조,맑음,교차로 - 교차로안,승용,남,36세,상해없음,승용,여,38세,경상
2016071600100471,2016년 7월 16일 17시,토요일,충청북도 청주시 흥덕구 옥산면,경상사고,0,0,1,0,차대차 - 정면충돌,안전운전불이행,습기,흐림,교차로 - 교차로안,승용,남,48세,상해없음,승용,여,27세,경상
2016071600100505,2016년 7월 16일 18시,토요일,충청북도 청주시 흥덕구 복대동,경상사고,0,0,4,0,차대차 - 측면직각충돌,중앙선침범,건조,맑음,단일로 - 기타,승용,남,22세,상해없음,승용,남,37세,경상
2016071600100532,2016년 7월 16일 19시,토요일,충청북도 청주시 상당구 용암동,경상사고,0,0,2,0,차대차 - 정면충돌,안전운전불이행,습기,비,교차로 - 교차로안,승용,남,55세,상해없음,승용,남,19세,경상
2016071600100568,2016년 7월 16일 20시,토요일,충청북도 증평군 증평읍,중상사고,0,1,1,0,차대사람 - 횡단중,안전운전불이행,건조,맑음,교차로 - 교차로안,자전거,남,52세,상해없음,보행자,여,50세,중상
2016071600100569,2016년 7월 16일 20시,토요일,충청북도 청주시 흥덕구 봉명동,경상사고,0,0,1,0,차대차 - 추돌,안전운전불이행,건조,맑음,단일로 - 기타,승용,남,41세,상해없음,승용,여,43세,경상
2016071600100601,2016년 7월 16일 21시,토요일,충청북도 청주시 흥덕구 복대동,경상사고,0,0,2,0,차대차 - 측면직각충돌,교차로운행방법위반,건조,맑음,교차로 - 교차로안,승용,남,55세,상해없음,승용,남,53세,경상
2016071600100631,2016년 7월 16일 22시,토요일,충청북도 청주시 흥덕구 복대동,경상사고,0,0,1,0,차대사람 - 횡단중,보행자보호의무위반,건조,맑음,단일로 - 횡단보도상,승용,남,49세,상해없음,보행자,여,23세,경상
2016071600100632,2016년 7월 16일 22시,토요일,충청북도 청주시 흥덕구 비하동,경상사고,0,0,3,0,차대차 - 정면충돌,안전운전불이행,건조,맑음,단일로 - 기타,승용,남,26세,상해없음,승용,남,22세,경상
2016071600100665,2016년 7월 16일 23시,토요일,충청북도 청주시 청원구 내덕동,경상사고,0,0,1,0,차대차 - 측면충돌,교차로운행방법위반,건조,맑음,교차로 - 교차로안,이륜,남,40세,경상,승용,남,64세,상해없음
2016071600100666,2016년 7월 16일 23시,토요일,충청북도 충주시 교현동,경상사고,0,0,6,0,차대차 - 측면충돌,신호위반,건조,흐림,교차로 - 교차로안,승용,남,47세,상해없음,승용,남,55세,경상
2016071700100016,2016년 7월 17일 00시,일요일,충청북도 청주시 상당구 영운동,부상신고사고,0,0,0,1,차량단독 - 전도전복,안전운전불이행,건조,맑음,교차로 - 교차로부근,승합,남,59세,부상신고,,,,
2016071700100017,2016년 7월 17일 00시,일요일,충청북도 청주시 상당구 금천동,경상사고,0,0,5,0,차대차 - 정면충돌,안전운전불이행,습기,비,교차로 - 교차로부근,승용,남,33세,상해없음,승용,남,60세,경상
2016071700100055,2016년 7월 17일 02시,일요일,충청북도 청주시 흥덕구 가경동,경상사고,0,0,1,0,차대차 - 측면직각충돌,안전운전불이행,건조,맑음,단일로 - 기타,화물,남,49세,상해없음,승용,남,31세,경상
2016071700100056,2016년 7월 17일 02시,일요일,충청북도 청주시 흥덕구 봉명동,경상사고,0,0,1,0,차대사람 - 길가장자리구역통행중,안전운전불이행,건조,맑음,단일로 - 기타,승용,남,24세,상해없음,보행자,남,22세,경상
2016071700100070,2016년 7월 17일 03시,일요일,충청북도 청주시 흥덕구 원평동,중상사고,0,1,0,0,차대사람 - 기타,안전운전불이행,건조,맑음,단일로 - 기타,승용,남,53세,상해없음,보행자,남,28세,중상
2016071700100187,2016년 7월 17일 12시,일요일,충청북도 청주시 흥덕구 복대동,경상사고,0,0,1,0,차대차 - 기타,안전운전불이행,건조,맑음,교차로 - 교차로부근,승용,여,39세,상해없음,원동기,남,40세,경상
2016071700100246,2016년 7월 17일 14시,일요일,충청북도 음성군 감곡면,경상사고,0,0,3,0,차대차 - 추돌,안전거리미확보,건조,맑음,단일로 - 기타,승용,남,26세,상해없음,승용,남,31세,경상
2016071700100273,2016년 7월 17일 15시,일요일,충청북도 제천시 청풍면,중상사고,0,1,0,0,차대차 - 측면충돌,안전운전불이행,건조,맑음,기타 - 기타,화물,남,51세,상해없음,이륜,남,29세,중상
2016071700100276,2016년 7월 17일 15시,일요일,충청북도 청주시 흥덕구 석소동,경상사고,0,0,7,0,차대차 - 추돌,안전운전불이행,건조,맑음,단일로 - 기타,승용,남,41세,상해없음,승용,여,43세,경상
2016071700100277,2016년 7월 17일 15시,일요일,충청북도 청주시 흥덕구 석소동,경상사고,0,0,3,0,차대차 - 추돌,안전운전불이행,건조,맑음,단일로 - 기타,승합,남,61세,상해없음,승합,남,50세,경상