사고번호,사고일시,요일,시군구,사고내용,사망자수,중상자수,경상자수,부상신고자수,사고유형,법규위반,노면상태,기상상태,도로형태,가해운전자 차종,가해운전자 성별,가해운전자 연령,가해운전자 상해정도,피해운전자 차종,피해운전자 성별,피해운전자 연령,피해운전자 상해정도
2016072600100348,2016년 7월 26일 15시,화요일,충청북도 충주시 수안보면,경상사고,0,0,1,0,차대차 - 기타,중앙선침범,건조,맑음,단일로 - 기타,승합,남,45세,상해없음,승용,남,42세,경상
2016072600100349,2016년 7월 26일 15시,화요일,충청북도 청주시 서원구 분평동,경상사고,0,0,1,0,차대사람 - 기타,안전운전불이행,건조,맑음,단일로 - 기타,승용,남,49세,상해없음,보행자,남,7세,경상
2016072600100369,2016년 7월 26일 16시,화요일,충청북도 진천군 진천읍,경상사고,0,0,1,0,차대차 - 추돌,안전운전불이행,건조,맑음,교차로 - 교차로부근,화물,남,71세,상해없음,승용,여,47세,경상
2016072600100408,2016년 7월 26일 17시,화요일,충청북도 청주시 청원구 율량동,경상사고,0,0,1,0,차대차 - 기타,안전운전불이행,건조,맑음,단일로 - 기타,승용,남,58세,상해없음,승합,남,55세,상해없음
2016072600100409,2016년 7월 26일 17시,화요일,충청북도 충주시 연수동,경상사고,0,0,4,1,차대차 - 측면충돌,안전운전불이행,건조,맑음,교차로 - 교차로부근,승용,남,52세,부상신고,승용,남,67세,경상
2016072600100410,2016년 7월 26일 17시,화요일,충청북도 보은군 보은읍,중상사고,0,1,0,0,차대차 - 측면충돌,교차로운행방법위반,건조,맑음,교차로 - 교차로안,승용,여,64세,상해없음,승용,남,47세,중상
2016072600100448,2016년 7월 26일 18시,화요일,충청북도 제천시 봉양읍,사망사고,1,0,0,0,차대차 - 정면충돌,중앙선침범,건조,흐림,단일로 - 기타,이륜,남,49세,사망,승용,남,55세,상해없음
2016072600100449,2016년 7월 26일 18시,화요일,충청북도 제천시 하소동,경상사고,0,0,5,0,차대차 - 측면충돌,직진우회전진행방해,건조,맑음,교차로 - 교차로안,승용,남,39세,경상,승용,남,25세,경상
2016072600100450,2016년 7월 26일 18시,화요일,충청북도 청주시 서원구 모충동,경상사고,0,0,1,0,차대차 - 정면충돌,안전운전불이행,건조,맑음,단일로 - 기타,승용,여,52세,상해없음,승용,여,36세,상해없음
2016072600100491,2016년 7월 26일 19시,화요일,충청북도 청주시 서원구 남이면,경상사고,0,0,1,0,차대차 - 정면충돌,안전운전불이행,건조,맑음,단일로 - 기타,승용,남,49세,상해없음,농기계,남,76세,경상
2016072600100492,2016년 7월 26일 19시,화요일,충청북도 청주시 상당구 용암동,경상사고,0,0,1,0,차대사람 - 기타,안전운전불이행,건조,맑음,단일로 - 기타,승용,남,51세,상해없음,보행자,남,49세,경상
2016072600100524,2016년 7월 26일 20시,화요일,충청북도 진천군 진천읍,중상사고,0,1,0,0,차대차 - 측면충돌,직진우회전진행방해,건조,맑음,교차로 - 교차로안,승용,남,45세,상해없음,이륜,여,67세,중상
2016072600100562,2016년 7월 26일 21시,화요일,충청북도 청주시 상당구 용암동,경상사고,0,0,1,0,차대차 - 측면직각충돌,안전운전불이행,건조,맑음,단일로 - 기타,승용,남,54세,상해없음,승용,남,52세,경상
2016072600100593,2016년 7월 26일 22시,화요일,충청북도 충주시 봉방동,중상사고,0,1,0,0,차대사람 - 횡단중,안전운전불이행,건조,맑음,교차로 - 교차로부근,승용,남,61세,상해없음,보행자,남,57세,중상
2016072700100007,2016년 7월 27일 00시,수요일,충청북도 청주시 상당구 용암동,경상사고,0,0,1,0,차대차 - 측면충돌,안전운전불이행,건조,맑음,교차로 - 교차로부근,승용,남,47세,상해없음,자전거,남,16세,경상
2016072700100044,2016년 7월 27일 04시,수요일,충청북도 청주시 흥덕구 옥산면,중상사고,0,1,2,0,차대차 - 측면직각충돌,신호위반,건조,맑음,교차로 - 교차로안,승용,남,50세,중상,승용,남,56세,경상
2016072700100070,2016년 7월 27일 06시,수요일,충청북도 청주시 흥덕구 비하동,경상사고,0,0,1,0,차대차 - 측면충돌,신호위반,건조,맑음,교차로 - 교차로안,승용,남,80세,상해없음,화물,남,59세,경상
2016072700100071,2016년 7월 27일 06시,수요일,충청북도 청주시 흥덕구 봉명동,경상사고,0,0,1,0,차대차 - 기타,교차로운행방법위반,건조,맑음,교차로 - 교차로안,승용,남,30세,상해없음,승용,남,58세,경상
2016072700100072,2016년 7월 27일 06시,수요일,충청북도 청주시 상당구 방서동,경상사고,0,0,1,0,차대차 - 기타,안전운전불이행,건조,맑음,교차로 - 교차로부근,기타불명,남,72세,경상,승용,남,52세,상해없음
2016072700100073,2016년 7월 27일 06시,수요일,충청북도 청주시 흥덕구 옥산면,중상사고,0,1,0,0,차대차 - 추돌,안전운전불이행,건조,맑음,기타 - 기타,화물,남,49세,상해없음,화물,남,53세,상해없음
2016072700100090,2016년 7월 27일 07시,수요일,충청북도 영동군 매곡면,사망사고,1,0,0,0,차대차 - 정면충돌,중앙선침범,건조,맑음,단일로 - 기타,자전거,남,62세,사망,화물,남,55세,상해없음
2016072700100240,2016년 7월 27일 12시,수요일,충청북도 증평군 증평읍,경상사고,0,0,3,0,차대차 - 측면충돌,신호위반,건조,맑음,교차로 - 교차로안,화물,남,34세,경상,승용,남,69세,경상
2016072700100302,2016년 7월 27일 14시,수요일,충청북도 청주시 서원구 개신동,경상사고,0,0,1,0,차대차 - 추돌,안전운전불이행,건조,맑음,교차로 - 교차로안,이륜,여,42세,경상,승용,남,50세,상해없음
2016072700100340,2016년 7월 27일 15시,수요일,충청북도 음성군 금왕읍,경상사고,0,0,1,0,차대차 - 추돌,안전운전불이행,건조,흐림,단일로 - 기타,화물,남,56세,상해없음,승용,남,34세,경상
2016072700100405,2016년 7월 27일 17시,수요일,충청북도 제천시 봉양읍,경상사고,0,0,2,3,차량단독 - 공작물충돌,안전운전불이행,습기,비,단일로 - 기타,승용,남,27세,상해없음,,,,
2016072700100406,2016년 7월 27일 17시,수요일,충청북도 청주시 청원구 오창읍,경상사고,0,0,1,0,차대차 - 기타,신호위반,건조,맑음,교차로 - 교차로안,승용,남,55세,상해없음,승용,여,64세,상해없음
2016072700100407,2016년 7월 27일 17시,수요일,충청북도 청주시 상당구 석교동,경상사고,0,0,1,0,차대차 - 측면충돌,안전운전불이행,건조,맑음,교차로 - 교차로부근,승용,남,66세,상해없음,승용,남,39세,상해없음
2016072700100408,2016년 7월 27일 17시,수요일,충청북도 청주시 상당구 용암동,경상사고,0,0,1,0,차대차 - 정면충돌,안전운전불이행,건조,맑음,교차로 - 교차로부근,자전거,남,23세,경상,승용,남,55세,상해없음
2016072700100446,2016년 7월 27일 18시,수요일,충청북도 충주시 교현동,경상사고,0,0,3,0,차대차 - 측면충돌,안전운전불이행,건조,맑음,교차로 - 교차로부근,승용,남,27세,경상,원동기,남,16세,경상
2016072700100447,2016년 7월 27일 18시,수요일,충청북도 제천시 봉양읍,부상신고사고,0,0,0,1,차대차 - 측면충돌,안전운전불이행,건조,맑음,단일로 - 기타,화물,남,57세,상해없음,자전거,남,13세,부상신고
2016072700100448,2016년 7월 27일 18시,수요일,충청북도 옥천군 옥천읍,중상사고,0,1,1,0,차대차 - 측면직각충돌,안전운전불이행,건조,맑음,교차로 - 교차로안,이륜,남,41세,중상,승용,남,21세,경상
2016072700100494,2016년 7월 27일 19시,수요일,충청북도 보은군 보은읍,경상사고,0,0,1,0,차대사람 - 기타,안전운전불이행,건조,맑음,단일로 - 횡단보도부근,기타불명,기타불명,90세 이상,기타불명,보행자,여,28세,경상
2016072700100495,2016년 7월 27일 19시,수요일,충청북도 음성군 삼성면,경상사고,0,0,1,0,차대차 - 측면충돌,교차로운행방법위반,건조,맑음,교차로 - 교차로안,승용,남,29세,상해없음,승용,남,45세,경상
2016072700100526,2016년 7월 27일 20시,수요일,충청북도 청주시 흥덕구 복대동,경상사고,0,0,1,0,차대사람 - 횡단중,안전운전불이행,건조,맑음,교차로 - 교차로부근,승용,남,30세,상해없음,보행자,남,83세,경상
2016072700100560,2016년 7월 27일 21시,수요일,충청북도 청주시 서원구 사창동,경상사고,0,0,2,0,차대차 - 추돌,안전거리미확보,건조,맑음,단일로 - 기타,승합,남,43세,경상,승용,남,45세,경상
2016072700100561,2016년 7월 27일 21시,수요일,충청북도 충주시 산척면,중상사고,0,1,0,0,차대차 - 측면충돌,안전거리미확보,건조,맑음,교차로 - 교차로부근,승용,남,56세,상해없음,화물,남,41세,중상
2016072700100596,2016년 7월 27일 22시,수요일,충청북도 청주시 흥덕구 오송읍,경상사고,0,0,2,0,차대차 - 기타,신호위반,건조,맑음,교차로 - 교차로안,승용,남,24세,상해없음,승합,남,53세,경상
2016072800100047,2016년 7월 28일 04시,목요일,충청북도 청주시 청원구 내수읍,사망사고,1,0,0,0,차량단독 - 전도전복,안전운전불이행,건조,흐림,단일로 - 기타,농기계,남,45세,사망,,,,
2016072800100084,2016년 7월 28일 07시,목요일,충청북도 음성군 맹동면,경상사고,0,0,1,0,차대차 - 측면충돌,교차로운행방법위반,건조,맑음,교차로 - 교차로안,승용,여,58세,상해없음,승용,남,40세,경상
2016072800100106,2016년 7월 28일 08시,목요일,충청북도 충주시 칠금동,경상사고,0,0,1,0,차대차 - 기타,안전운전불이행,건조,맑음,단일로 - 기타,승용,남,57세,상해없음,자전거,여,43세,경상
2016072800100162,2016년 7월 28일 10시,목요일,충청북도 충주시 연수동,중상사고,0,1,0,0,차대차 - 측면충돌,안전거리미확보,건조,맑음,교차로 - 교차로부근,승용,남,68세,상해없음,승용,여,49세,중상
2016072800100194,2016년 7월 28일 11시,목요일,충청북도 충주시 앙성면,사망사고,1,0,0,0,차량단독 - 전도전복,안전운전불이행,건조,맑음,단일로 - 교량,이륜,남,77세,사망,,,,
2016072800100222,2016년 7월 28일 12시,목요일,충청북도 제천시 장락동,중상사고,0,1,0,0,차대차 - 측면충돌,안전거리미확보,건조,맑음,교차로 - 교차로부근,승합,여,45세,상해없음,승용,남,57세,중상
2016072800100244,2016년 7월 28일 13시,목요일,충청북도 제천시 왕암동,중상사고,0,1,1,0,차대차 - 측면충돌,직진우회전진행방해,건조,맑음,교차로 - 교차로안,승용,여,39세,중상,승용,남,72세,경상
2016072800100245,2016년 7월 28일 13시,목요일,충청북도 영동군 황간면,경상사고,0,0,1,0,차대차 - 측면충돌,안전운전불이행,건조,맑음,기타 - 기타,승용,남,46세,상해없음,이륜,여,44세,경상
2016072800100246,2016년 7월 28일 13시,목요일,충청북도 청주시 흥덕구 강내면,경상사고,0,0,1,0,차대차 - 추돌,안전운전불이행,건조,맑음,단일로 - 기타,승용,남,28세,상해없음,승용,여,23세,경상
2016072800100293,2016년 7월 28일 14시,목요일,충청북도 청주시 서원구 사창동,경상사고,0,0,4,0,차대차 - 측면직각충돌,신호위반,건조,맑음,교차로 - 교차로부근,승용,여,30세,상해없음,승용,여,33세,경상
2016072800100294,2016년 7월 28일 14시,목요일,충청북도 충주시 목행동,경상사고,0,0,1,0,차대차 - 측면충돌,안전운전불이행,건조,맑음,기타 - 기타,승용,여,53세,상해없음,자전거,남,7세,경상
2016072800100295,2016년 7월 28일 14시,목요일,충청북도 제천시 하소동,중상사고,0,1,0,0,차대차 - 측면충돌,안전운전불이행,건조,맑음,교차로 - 교차로부근,화물,남,60세,상해없음,원동기,남,79세,중상
2016072800100319,2016년 7월 28일 15시,목요일,충청북도 음성군 대소면,경상사고,0,0,1,0,차대차 - 측면충돌,안전운전불이행,건조,맑음,단일로 - 기타,승용,여,56세,경상,승용,여,54세,상해없음
2016072800100345,2016년 7월 28일 16시,목요일,충청북도 청주시 서원구 사창동,경상사고,0,0,1,0,차대차 - 기타,교차로운행방법위반,건조,맑음,교차로 - 교차로안,승용,남,36세,상해없음,이륜,남,22세,경상
2016072800100346,2016년 7월 28일 16시,목요일,충청북도 진천군 진천읍,경상사고,0,0,1,0,차대사람 - 길가장자리구역통행중,안전운전불이행,건조,맑음,단일로 - 기타,승용,여,66세,상해없음,보행자,여,49세,경상
2016072800100347,2016년 7월 28일 16시,목요일,충청북도 청주시 흥덕구 동막동,경상사고,0,0,1,0,차대차 - 기타,안전운전불이행,건조,맑음,단일로 - 기타,화물,남,31세,상해없음,승용,남,61세,경상
2016072800100348,2016년 7월 28일 16시,목요일,충청북도 청주시 서원구 분평동,중상사고,0,1,0,0,차대차 - 정면충돌,안전운전불이행,건조,맑음,기타 - 기타,승용,여,32세,상해없음,승용,남,36세,중상
2016072800100394,2016년 7월 28일 17시,목요일,충청북도 제천시 남천동,경상사고,0,0,1,0,차대차 - 측면직각충돌,안전거리미확보,건조,맑음,교차로 - 교차로부근,승용,여,45세,상해없음,승용,여,47세,상해없음
2016072800100395,2016년 7월 28일 17시,목요일,충청북도 음성군 감곡면,사망사고,1,0,0,0,차대차 - 측면충돌,교차로운행방법위반,건조,맑음,교차로 - 교차로안,화물,남,64세,상해없음,이륜,남,75세,사망
2016072800100396,2016년 7월 28일 17시,목요일,충청북도 옥천군 동이면,중상사고,0,1,0,0,차대차 - 측면충돌,신호위반,건조,맑음,교차로 - 교차로안,화물,남,64세,상해없음,이륜,남,33세,중상
2016072800100397,2016년 7월 28일 17시,목요일,충청북도 청주시 서원구 현도면,경상사고,0,0,1,0,차대차 - 기타,안전운전불이행,건조,맑음,교차로 - 교차로부근,승용,남,50세,상해없음,승용,남,31세,경상
2016072800100398,2016년 7월 28일 17시,목요일,충청북도 청주시 흥덕구 복대동,경상사고,0,0,2,0,차대차 - 기타,교차로운행방법위반,건조,맑음,교차로 - 교차로안,승용,남,47세,상해없음,승용,남,78세,경상
2016072800100436,2016년 7월 28일 18시,목요일,충청북도 음성군 맹동면,경상사고,0,0,1,0,차대차 - 측면충돌,교차로운행방법위반,건조,맑음,교차로 - 교차로안,화물,남,60세,상해없음,승합,남,27세,상해없음
2016072800100474,2016년 7월 28일 19시,목요일,충청북도 청주시 흥덕구 오송읍,경상사고,0,0,3,0,차대차 - 정면충돌,안전운전불이행,건조,맑음,교차로 - 교차로안,승용,남,49세,경상,승용,남,49세,경상
2016072800100475,2016년 7월 28일 19시,목요일,충청북도 청주시 상당구 방서동,경상사고,0,0,1,0,차대차 - 정면충돌,안전운전불이행,건조,맑음,교차로 - 교차로부근,승합,남,54세,상해없음,승용,남,48세,경상
2016072800100507,2016년 7월 28일 20시,목요일,충청북도 청주시 상당구 미원면,경상사고,0,0,2,0,차대차 - 정면충돌,안전거리미확보,건조,맑음,단일로 - 기타,화물,남,59세,상해없음,승용,남,27세,경상
2016072800100541,2016년 7월 28일 21시,목요일,충청북도 음성군 대소면,경상사고,0,0,2,0,차대차 - 정면충돌,중앙선침범,건조,맑음,교차로 - 교차로안,승합,남,58세,상해없음,승용,여,49세,경상
2016072900100011,2016년 7월 29일 00시,금요일,충청북도 제천시 중앙로2가,경상사고,0,0,6,0,차대차 - 추돌,안전거리미확보,건조,맑음,교차로 - 교차로안,이륜,남,17세,경상,승용,남,49세,경상
2016072900100012,2016년 7월 29일 00시,금요일,충청북도 청주시 서원구 수곡동,경상사고,0,0,2,0,차대차 - 정면충돌,안전거리미확보,건조,맑음,교차로 - 교차로부근,승용,남,45세,상해없음,이륜,남,16세,경상
2016072900100013,2016년 7월 29일 00시,금요일,충청북도 청주시 상당구 용암동,중상사고,0,1,0,0,차대차 - 측면충돌,안전운전불이행,건조,맑음,단일로 - 기타,승용,남,41세,중상,화물,남,61세,상해없음
2016072900100028,2016년 7월 29일 01시,금요일,충청북도 증평군 증평읍,중상사고,0,1,0,0,차대차 - 기타,신호위반,건조,맑음,교차로 - 교차로안,화물,남,61세,상해없음,승용,여,24세,중상
2016072900100029,2016년 7월 29일 01시,금요일,충청북도 청주시 상당구 영운동,중상사고,0,1,0,0,차대사람 - 기타,안전운전불이행,건조,맑음,단일로 - 기타,승용,여,56세,상해없음,보행자,남,34세,중상
2016072900100038,2016년 7월 29일 02시,금요일,충청북도 청주시 서원구 개신동,경상사고,0,0,1,0,차대차 - 측면직각충돌,신호위반,건조,맑음,교차로 - 교차로안,승용,여,24세,상해없음,승용,남,49세,경상
2016072900100074,2016년 7월 29일 05시,금요일,충청북도 충주시 성남동,경상사고,0,0,1,1,차대차 - 정면충돌,안전거리미확보,건조,맑음,단일로 - 기타,승용,남,84세,부상신고,승용,남,49세,상해없음
2016072900100075,2016년 7월 29일 05시,금요일,충청북도 음성군 음성읍,중상사고,0,1,0,0,차대차 - 측면충돌,안전운전불이행,건조,맑음,단일로 - 기타,승용,남,39세,상해없음,농기계,남,64세,중상
2016072900100133,2016년 7월 29일 08시,금요일,충청북도 청주시 서원구 사창동,경상사고,0,0,1,0,차대사람 - 기타,안전운전불이행,건조,맑음,단일로 - 기타,자전거,여,40세,상해없음,보행자,여,46세,경상
2016072900100134,2016년 7월 29일 08시,금요일,충청북도 충주시 문화동,경상사고,0,0,2,0,차대차 - 정면충돌,안전운전불이행,건조,맑음,교차로 - 교차로안,승용,남,63세,상해없음,승용,여,37세,경상
2016072900100135,2016년 7월 29일 08시,금요일,충청북도 음성군 감곡면,경상사고,0,0,2,0,차대차 - 측면충돌,안전운전불이행,건조,맑음,단일로 - 기타,화물,남,34세,상해없음,승용,남,60세,경상
2016072900100167,2016년 7월 29일 09시,금요일,충청북도 청주시 상당구 탑동,경상사고,0,0,1,0,차대차 - 측면충돌,교차로운행방법위반,건조,맑음,교차로 - 교차로안,승용,여,46세,상해없음,자전거,남,11세,경상
2016072900100168,2016년 7월 29일 09시,금요일,충청북도 청주시 상당구 미원면,경상사고,0,0,3,0,차대차 - 측면충돌,차로위반,건조,맑음,단일로 - 기타,승용,여,56세,경상,화물,남,42세,경상
2016072900100230,2016년 7월 29일 11시,금요일,충청북도 괴산군 괴산읍,경상사고,0,0,2,0,차대차 - 추돌,안전운전불이행,습기,비,단일로 - 기타,승용,남,41세,상해없음,승용,여,52세,경상
2016072900100261,2016년 7월 29일 12시,금요일,충청북도 음성군 음성읍,중상사고,0,2,0,0,차대차 - 측면충돌,안전운전불이행,습기,비,단일로 - 기타,승용,남,21세,중상,승용,남,52세,중상
2016072900100262,2016년 7월 29일 12시,금요일,충청북도 음성군 금왕읍,경상사고,0,0,1,0,차대차 - 추돌,안전운전불이행,습기,비,단일로 - 기타,화물,남,22세,경상,화물,남,52세,상해없음
2016072900100263,2016년 7월 29일 12시,금요일,충청북도 청주시 상당구 용암동,경상사고,0,0,1,0,차량단독 - 전도전복,안전운전불이행,습기,비,교차로 - 교차로안,건설기계,남,63세,경상,,,,
2016072900100290,2016년 7월 29일 13시,금요일,충청북도 청주시 흥덕구 복대동,경상사고,0,0,1,0,차대차 - 기타,안전운전불이행,건조,맑음,단일로 - 기타,이륜,남,34세,경상,승용,남,42세,상해없음
2016072900100291,2016년 7월 29일 13시,금요일,충청북도 청주시 상당구 용암동,경상사고,0,0,1,0,차대차 - 측면충돌,안전운전불이행,습기,비,교차로 - 교차로부근,이륜,남,37세,경상,승용,남,37세,상해없음
2016072900100332,2016년 7월 29일 14시,금요일,충청북도 충주시 금릉동,경상사고,0,0,1,0,차대차 - 측면충돌,신호위반,건조,맑음,교차로 - 교차로안,승용,여,61세,상해없음,승용,남,46세,경상
2016072900100333,2016년 7월 29일 14시,금요일,충청북도 청주시 흥덕구 송정동,중상사고,0,1,0,0,차대차 - 정면충돌,교차로운행방법위반,습기,비,교차로 - 교차로안,승용,남,32세,상해없음,이륜,남,45세,중상
2016072900100371,2016년 7월 29일 15시,금요일,충청북도 충주시 엄정면,중상사고,0,1,0,0,차대차 - 측면충돌,안전운전불이행,건조,맑음,교차로 - 교차로안,화물,남,58세,상해없음,승용,남,30세,중상
2016072900100372,2016년 7월 29일 15시,금요일,충청북도 음성군 삼성면,중상사고,0,1,1,0,차대차 - 측면충돌,교차로운행방법위반,건조,맑음,교차로 - 교차로안,승용,여,19세,상해없음,승용,남,37세,경상
2016072900100373,2016년 7월 29일 15시,금요일,충청북도 청주시 흥덕구 석소동,경상사고,0,0,1,0,차대차 - 기타,안전운전불이행,건조,맑음,교차로 - 교차로안,승용,남,63세,상해없음,화물,남,45세,경상
2016072900100374,2016년 7월 29일 15시,금요일,충청북도 청주시 상당구 북문로1가동,경상사고,0,0,1,0,차대사람 - 기타,안전운전불이행,건조,흐림,단일로 - 기타,승용,여,34세,상해없음,보행자,남,65세,경상
2016072900100404,2016년 7월 29일 16시,금요일,충청북도 청주시 서원구 사창동,경상사고,0,0,1,0,차대차 - 기타,안전운전불이행,습기,비,단일로 - 기타,승용,여,33세,상해없음,승용,여,49세,경상
2016072900100405,2016년 7월 29일 16시,금요일,충청북도 청주시 흥덕구 송정동,경상사고,0,0,2,0,차대차 - 정면충돌,안전운전불이행,건조,맑음,교차로 - 교차로부근,승용,여,58세,상해없음,화물,남,30세,경상
2016072900100495,2016년 7월 29일 18시,금요일,충청북도 청주시 서원구 사창동,중상사고,0,1,2,0,차대차 - 측면직각충돌,안전운전불이행,건조,맑음,교차로 - 교차로안,승용,여,36세,경상,승용,여,48세,경상
2016072900100496,2016년 7월 29일 18시,금요일,충청북도 제천시 백운면,중상사고,0,1,0,0,차대차 - 기타,안전운전불이행,건조,흐림,단일로 - 기타,화물,남,61세,상해없음,이륜,남,47세,중상
2016072900100497,2016년 7월 29일 18시,금요일,충청북도 청주시 상당구 남문로2가동,경상사고,0,0,1,0,차대사람 - 횡단중,안전운전불이행,건조,맑음,단일로 - 기타,자전거,남,64세,경상,보행자,여,23세,상해없음
2016072900100568,2016년 7월 29일 20시,금요일,충청북도 음성군 음성읍,경상사고,0,0,2,0,차대차 - 측면충돌,중앙선침범,습기,비,단일로 - 기타,승합,여,58세,경상,승합,남,54세,경상
2016072900100610,2016년 7월 29일 21시,금요일,충청북도 청주시 흥덕구 신봉동,경상사고,0,0,2,0,차대차 - 측면직각충돌,안전운전불이행,건조,맑음,교차로 - 교차로부근,승용,남,25세,경상,승용,남,35세,경상
2016072900100640,2016년 7월 29일 22시,금요일,충청북도 청주시 청원구 내덕동,중상사고,0,1,1,0,차대차 - 측면직각충돌,신호위반,건조,맑음,교차로 - 교차로안,이륜,남,16세,경상,승합,여,58세,상해없음
2016072900100641,2016년 7월 29일 22시,금요일,충청북도 청주시 청원구 율량동,경상사고,0,0,1,0,차량단독 - 전도전복,안전운전불이행,습기,비,단일로 - 기타,원동기,남,18세,경상,,,,
2016072900100676,2016년 7월 29일 23시,금요일,충청북도 청주시 청원구 내덕동,경상사고,0,0,1,0,차대사람 - 기타,안전운전불이행,건조,맑음,교차로 - 교차로부근,이륜,남,16세,상해없음,보행자,여,19세,경상
2016073000100066,2016년 7월 30일 03시,토요일,충청북도 청주시 서원구 산남동,경상사고,0,0,3,0,차대차 - 측면충돌,안전운전불이행,건조,맑음,교차로 - 교차로부근,승용,남,46세,상해없음,승용,남,69세,상해없음
2016073000100080,2016년 7월 30일 04시,토요일,충청북도 충주시 교현동,경상사고,0,0,1,0,차대차 - 측면직각충돌,안전운전불이행,건조,맑음,단일로 - 기타,승용,남,73세,상해없음,자전거,여,73세,경상
2016073000100091,2016년 7월 30일 05시,토요일,충청북도 청주시 청원구 오창읍,경상사고,0,0,2,0,차대차 - 측면직각충돌,신호위반,건조,맑음,교차로 - 교차로안,승용,남,59세,상해없음,화물,남,44세,경상
2016073000100092,2016년 7월 30일 05시,토요일,충청북도 진천군 진천읍,중상사고,0,1,0,0,차대차 - 측면직각충돌,신호위반,건조,맑음,교차로 - 교차로안,승용,여,45세,상해없음,자전거,남,75세,중상
2016073000100110,2016년 7월 30일 06시,토요일,충청북도 제천시 금성면,경상사고,0,0,2,0,차대차 - 측면충돌,신호위반,건조,흐림,교차로 - 교차로안,화물,남,55세,상해없음,승용,남,56세,경상
2016073000100111,2016년 7월 30일 06시,토요일,충청북도 제천시 장락동,중상사고,0,1,2,0,차대차 - 측면충돌,신호위반,건조,맑음,교차로 - 교차로안,승용,남,26세,중상,승용,남,45세,경상
2016073000100112,2016년 7월 30일 06시,토요일,충청북도 단양군 가곡면,중상사고,0,2,0,0,차대차 - 측면직각충돌,안전운전불이행,건조,맑음,단일로 - 기타,건설기계,남,63세,상해없음,화물,남,60세,중상
2016073000100142,2016년 7월 30일 08시,토요일,충청북도 청주시 상당구 월오동,중상사고,0,1,3,0,차대차 - 측면충돌,안전운전불이행,건조,맑음,단일로 - 기타,승용,여,45세,상해없음,승용,남,38세,경상
2016073000100167,2016년 7월 30일 09시,토요일,충청북도 옥천군 옥천읍,경상사고,0,0,2,0,차대차 - 측면직각충돌,교차로운행방법위반,건조,맑음,교차로 - 교차로안,화물,남,53세,상해없음,승용,여,21세,경상
2016073000100193,2016년 7월 30일 10시,토요일,충청북도 청주시 청원구 오창읍,경상사고,0,0,1,0,차대차 - 추돌,안전운전불이행,건조,맑음,단일로 - 기타,승용,남,49세,상해없음,화물,남,42세,경상
2016073000100194,2016년 7월 30일 10시,토요일,충청북도 충주시 칠금동,중상사고,0,1,0,0,차대사람 - 횡단중,보행자보호의무위반,건조,맑음,교차로 - 교차로안,승용,여,56세,상해없음,보행자,여,2세,중상
2016073000100195,2016년 7월 30일 10시,토요일,충청북도 청주시 흥덕구 문암동,경상사고,0,0,3,0,차대차 - 추돌,안전거리미확보,건조,맑음,교차로 - 교차로부근,승용,남,57세,상해없음,승용,남,40세,경상
2016073000100218,2016년 7월 30일 11시,토요일,충청북도 충주시 연수동,중상사고,0,1,0,0,차대차 - 측면충돌,안전운전불이행,습기,비,교차로 - 교차로부근,승용,남,34세,상해없음,자전거,남,64세,중상
2016073000100219,2016년 7월 30일 11시,토요일,충청북도 청주시 흥덕구 신봉동,경상사고,0,0,1,0,차대차 - 기타,안전운전불이행,건조,맑음,교차로 - 교차로안,승용,남,71세,기타불명,자전거,여,55세,경상
2016073000100282,2016년 7월 30일 13시,토요일,충청북도 충주시 연수동,경상사고,0,0,1,0,차대사람 - 횡단중,안전운전불이행,건조,맑음,교차로 - 교차로안,이륜,남,33세,상해없음,보행자,여,79세,경상
2016073000100283,2016년 7월 30일 13시,토요일,충청북도 청주시 흥덕구 옥산면,경상사고,0,0,3,0,차대차 - 정면충돌,중앙선침범,건조,맑음,단일로 - 기타,화물,남,58세,상해없음,승용,남,50세,경상
2016073000100331,2016년 7월 30일 14시,토요일,충청북도 괴산군 괴산읍,경상사고,0,0,1,0,차대차 - 추돌,안전운전불이행,건조,맑음,교차로 - 교차로부근,승용,남,55세,상해없음,자전거,남,75세,경상
2016073000100332,2016년 7월 30일 14시,토요일,충청북도 음성군 원남면,중상사고,0,2,1,0,차대차 - 측면충돌,안전운전불이행,습기,비,단일로 - 기타,승용,남,52세,경상,승용,남,24세,중상
2016073000100333,2016년 7월 30일 14시,토요일,충청북도 청주시 흥덕구 운천동,중상사고,0,1,0,0,차대차 - 측면직각충돌,교차로운행방법위반,건조,맑음,교차로 - 교차로안,승용,여,43세,상해없음,자전거,여,61세,중상
2016073000100360,2016년 7월 30일 15시,토요일,충청북도 청주시 청원구 내수읍,경상사고,0,0,1,0,차대차 - 기타,신호위반,습기,비,교차로 - 교차로부근,이륜,남,69세,경상,승용,남,30세,상해없음
2016073000100361,2016년 7월 30일 15시,토요일,충청북도 제천시 강제동,부상신고사고,0,0,0,1,차대사람 - 횡단중,안전운전불이행,건조,맑음,기타 - 기타,승용,남,36세,상해없음,보행자,여,37세,부상신고
2016073000100389,2016년 7월 30일 16시,토요일,충청북도 청주시 청원구 율량동,경상사고,0,0,1,0,차대차 - 정면충돌,안전운전불이행,건조,맑음,교차로 - 교차로부근,자전거,남,6세,경상,이륜,남,32세,상해없음
2016073000100390,2016년 7월 30일 16시,토요일,충청북도 충주시 소태면,경상사고,0,0,2,1,차대차 - 측면충돌,안전운전불이행,건조,맑음,단일로 - 기타,화물,남,74세,부상신고,화물,남,61세,경상