사고번호,사고일시,요일,시군구,사고내용,사망자수,중상자수,경상자수,부상신고자수,사고유형,법규위반,노면상태,기상상태,도로형태,가해운전자 차종,가해운전자 성별,가해운전자 연령,가해운전자 상해정도,피해운전자 차종,피해운전자 성별,피해운전자 연령,피해운전자 상해정도
2016080400100198,2016년 8월 4일 11시,목요일,충청북도 충주시 금릉동,경상사고,0,0,1,0,차대차 - 측면충돌,안전운전불이행,건조,맑음,교차로 - 교차로부근,승용,남,53세,상해없음,승용,여,47세,경상
2016080400100199,2016년 8월 4일 11시,목요일,충청북도 충주시 산척면,경상사고,0,0,2,2,차대차 - 측면충돌,안전운전불이행,건조,맑음,교차로 - 교차로부근,화물,남,58세,상해없음,승용,남,41세,경상
2016080400100228,2016년 8월 4일 12시,목요일,충청북도 진천군 진천읍,중상사고,0,1,1,0,차대차 - 추돌,안전운전불이행,건조,맑음,미분류 - 미분류,승용,여,55세,경상,화물,남,65세,중상
2016080400100264,2016년 8월 4일 13시,목요일,충청북도 제천시 고암동,경상사고,0,0,1,0,차대차 - 추돌,안전운전불이행,건조,맑음,단일로 - 기타,화물,남,63세,상해없음,승용,남,39세,경상
2016080400100265,2016년 8월 4일 13시,목요일,충청북도 음성군 원남면,경상사고,0,0,2,0,차대차 - 측면충돌,신호위반,건조,맑음,교차로 - 교차로안,화물,남,69세,경상,화물,남,51세,경상
2016080400100300,2016년 8월 4일 14시,목요일,충청북도 청주시 흥덕구 수의동,경상사고,0,0,1,0,차대차 - 기타,차로위반,건조,맑음,교차로 - 교차로안,승용,남,31세,상해없음,승용,남,47세,경상
2016080400100357,2016년 8월 4일 16시,목요일,충청북도 충주시 용관동,경상사고,0,0,3,0,차대차 - 추돌,안전거리미확보,건조,맑음,단일로 - 기타,승용,남,60세,상해없음,승용,남,41세,경상
2016080400100358,2016년 8월 4일 16시,목요일,충청북도 제천시 중앙로2가,중상사고,0,1,0,0,차대사람 - 기타,안전운전불이행,건조,맑음,교차로 - 교차로안,화물,남,58세,상해없음,보행자,여,72세,중상
2016080400100359,2016년 8월 4일 16시,목요일,충청북도 청주시 흥덕구 지동동,중상사고,0,1,2,1,차대차 - 정면충돌,교차로운행방법위반,건조,맑음,교차로 - 교차로안,승용,남,46세,부상신고,승용,여,33세,중상
2016080400100396,2016년 8월 4일 17시,목요일,충청북도 청주시 청원구 내덕동,중상사고,0,1,0,0,차대사람 - 횡단중,안전운전불이행,건조,맑음,교차로 - 교차로안,승용,여,26세,상해없음,보행자,여,81세,중상
2016080400100429,2016년 8월 4일 18시,목요일,충청북도 제천시 장락동,경상사고,0,0,2,0,차대차 - 측면충돌,직진우회전진행방해,건조,맑음,교차로 - 교차로안,승용,남,35세,경상,승용,여,44세,경상
2016080400100430,2016년 8월 4일 18시,목요일,충청북도 증평군 증평읍,경상사고,0,0,1,0,차대차 - 측면직각충돌,직진우회전진행방해,건조,맑음,교차로 - 교차로안,이륜,남,43세,경상,승합,여,42세,상해없음
2016080400100487,2016년 8월 4일 20시,목요일,충청북도 진천군 광혜원면,경상사고,0,0,1,0,차량단독 - 전도전복,안전운전불이행,건조,맑음,교차로 - 교차로안,승용,여,32세,경상,,,,
2016080400100488,2016년 8월 4일 20시,목요일,충청북도 진천군 문백면,중상사고,0,1,2,0,차대차 - 측면충돌,차로위반,건조,맑음,단일로 - 기타,화물,남,55세,경상,승용,남,43세,중상
2016080400100489,2016년 8월 4일 20시,목요일,충청북도 청주시 상당구 영운동,중상사고,0,1,0,0,차대사람 - 횡단중,보행자보호의무위반,건조,맑음,단일로 - 기타,승용,남,53세,상해없음,보행자,남,64세,중상
2016080400100490,2016년 8월 4일 20시,목요일,충청북도 청주시 서원구 모충동,중상사고,0,1,0,0,차대차 - 측면충돌,신호위반,건조,맑음,단일로 - 기타,승용,남,59세,상해없음,이륜,남,23세,중상
2016080400100516,2016년 8월 4일 21시,목요일,충청북도 청주시 흥덕구 오송읍,중상사고,0,1,1,0,차대차 - 추돌,안전운전불이행,건조,맑음,교차로 - 교차로부근,화물,남,57세,상해없음,승용,남,44세,경상
2016080400100517,2016년 8월 4일 21시,목요일,충청북도 청주시 상당구 용암동,경상사고,0,0,1,0,차대차 - 측면충돌,안전운전불이행,건조,맑음,교차로 - 교차로안,승용,남,39세,상해없음,승용,남,37세,경상
2016080400100543,2016년 8월 4일 22시,목요일,충청북도 청주시 흥덕구 오송읍,사망사고,1,1,1,0,차대차 - 정면충돌,안전운전불이행,건조,맑음,단일로 - 기타,화물,남,61세,상해없음,승용,남,60세,중상
2016080400100558,2016년 8월 4일 23시,목요일,충청북도 청주시 서원구 현도면,경상사고,0,0,1,0,차대차 - 추돌,안전운전불이행,건조,맑음,단일로 - 기타,승용,남,38세,상해없음,화물,남,46세,경상
2016080500100025,2016년 8월 5일 01시,금요일,충청북도 청주시 상당구 북문로2가동,경상사고,0,0,1,0,차대사람 - 기타,안전운전불이행,건조,맑음,단일로 - 기타,승용,남,55세,상해없음,보행자,여,37세,경상
2016080500100090,2016년 8월 5일 07시,금요일,충청북도 청주시 청원구 오창읍,중상사고,0,1,0,0,차대차 - 측면충돌,안전운전불이행,건조,맑음,교차로 - 교차로부근,화물,남,51세,상해없음,승용,남,57세,중상
2016080500100091,2016년 8월 5일 07시,금요일,충청북도 충주시 문화동,경상사고,0,0,1,0,차대차 - 정면충돌,신호위반,건조,맑음,교차로 - 교차로안,승용,남,64세,상해없음,승용,남,48세,상해없음
2016080500100117,2016년 8월 5일 08시,금요일,충청북도 청주시 청원구 율량동,경상사고,0,0,2,0,차대차 - 측면직각충돌,안전운전불이행,건조,맑음,단일로 - 기타,승용,여,49세,경상,화물,남,37세,경상
2016080500100118,2016년 8월 5일 08시,금요일,충청북도 제천시 의림동,중상사고,0,1,0,0,차대차 - 정면충돌,안전운전불이행,건조,흐림,교차로 - 교차로안,승용,여,44세,상해없음,자전거,남,23세,중상
2016080500100119,2016년 8월 5일 08시,금요일,충청북도 괴산군 감물면,경상사고,0,0,1,0,차대차 - 기타,안전운전불이행,건조,맑음,단일로 - 기타,승용,남,43세,상해없음,화물,남,47세,상해없음
2016080500100120,2016년 8월 5일 08시,금요일,충청북도 청주시 상당구 용담동,중상사고,0,1,0,0,차대차 - 정면충돌,안전운전불이행,건조,맑음,단일로 - 기타,건설기계,남,57세,상해없음,승용,여,39세,중상
2016080500100172,2016년 8월 5일 10시,금요일,충청북도 청주시 흥덕구 오송읍,중상사고,0,1,0,0,차대사람 - 기타,보행자보호의무위반,건조,맑음,교차로 - 교차로부근,승용,남,33세,상해없음,보행자,남,7세,중상
2016080500100237,2016년 8월 5일 12시,금요일,충청북도 청주시 상당구 수동,중상사고,0,1,33,0,차대차 - 기타,안전운전불이행,건조,맑음,교차로 - 교차로부근,승합,남,51세,상해없음,승용,남,26세,상해없음
2016080500100297,2016년 8월 5일 14시,금요일,충청북도 청주시 서원구 산남동,부상신고사고,0,0,0,1,차량단독 - 전도전복,안전운전불이행,건조,맑음,단일로 - 기타,이륜,남,16세,부상신고,,,,
2016080500100332,2016년 8월 5일 15시,금요일,충청북도 충주시 교현동,경상사고,0,0,1,0,차대차 - 측면충돌,안전거리미확보,건조,맑음,교차로 - 교차로안,승용,남,75세,상해없음,원동기,남,19세,경상
2016080500100333,2016년 8월 5일 15시,금요일,충청북도 청주시 흥덕구 봉명동,중상사고,0,1,0,0,차대차 - 기타,안전운전불이행,건조,맑음,교차로 - 교차로부근,승용,남,54세,상해없음,이륜,남,20세,중상
2016080500100334,2016년 8월 5일 15시,금요일,충청북도 청주시 서원구 남이면,경상사고,0,0,1,0,차대차 - 기타,안전운전불이행,건조,맑음,단일로 - 기타,화물,남,53세,상해없음,승용,여,49세,경상
2016080500100370,2016년 8월 5일 16시,금요일,충청북도 청주시 상당구 용담동,경상사고,0,0,5,0,차대차 - 측면충돌,안전운전불이행,건조,맑음,교차로 - 교차로부근,화물,남,49세,상해없음,승합,남,57세,경상
2016080500100402,2016년 8월 5일 17시,금요일,충청북도 영동군 용산면,부상신고사고,0,0,0,1,차대차 - 기타,안전운전불이행,건조,맑음,단일로 - 기타,기타불명,기타불명,기타불명,기타불명,자전거,남,40세,부상신고
2016080500100403,2016년 8월 5일 17시,금요일,충청북도 청주시 서원구 수곡동,부상신고사고,0,0,0,1,차대차 - 기타,기타,건조,맑음,교차로 - 교차로안,승용,남,58세,상해없음,이륜,남,37세,부상신고
2016080500100446,2016년 8월 5일 18시,금요일,충청북도 청주시 청원구 우암동,경상사고,0,0,1,0,차대차 - 측면직각충돌,안전운전불이행,건조,맑음,단일로 - 기타,화물,남,56세,상해없음,승용,남,78세,경상
2016080500100447,2016년 8월 5일 18시,금요일,충청북도 영동군 영동읍,중상사고,0,1,0,0,차대사람 - 횡단중,안전운전불이행,건조,맑음,교차로 - 교차로안,승용,여,56세,상해없음,보행자,여,55세,중상
2016080500100448,2016년 8월 5일 18시,금요일,충청북도 단양군 단양읍,경상사고,0,0,2,0,차대차 - 측면충돌,교차로운행방법위반,건조,맑음,교차로 - 교차로안,승용,여,33세,경상,승용,남,43세,기타불명
2016080500100488,2016년 8월 5일 19시,금요일,충청북도 제천시 금성면,경상사고,0,0,2,0,차대차 - 추돌,안전거리미확보,건조,맑음,단일로 - 교량,승용,남,58세,상해없음,승용,여,37세,경상
2016080500100489,2016년 8월 5일 19시,금요일,충청북도 청주시 상당구 북문로2가동,중상사고,0,1,0,0,차대사람 - 횡단중,안전운전불이행,건조,맑음,단일로 - 기타,승용,남,48세,상해없음,보행자,남,17세,중상
2016080500100490,2016년 8월 5일 19시,금요일,충청북도 음성군 감곡면,중상사고,0,1,0,0,차량단독 - 전도전복,안전운전불이행,건조,맑음,단일로 - 기타,이륜,남,65세,중상,,,,
2016080500100547,2016년 8월 5일 21시,금요일,충청북도 청주시 청원구 내덕동,경상사고,0,0,1,0,차대사람 - 횡단중,안전운전불이행,건조,맑음,교차로 - 교차로안,승용,남,22세,상해없음,보행자,남,27세,경상
2016080500100548,2016년 8월 5일 21시,금요일,충청북도 청주시 서원구 산남동,중상사고,0,1,0,0,차대차 - 측면충돌,안전운전불이행,건조,맑음,단일로 - 기타,승용,남,19세,상해없음,이륜,남,23세,중상
2016080500100592,2016년 8월 5일 23시,금요일,충청북도 청주시 서원구 모충동,경상사고,0,0,1,0,차대차 - 정면충돌,안전운전불이행,건조,맑음,교차로 - 교차로안,승용,남,41세,상해없음,자전거,여,62세,경상
2016080600100014,2016년 8월 6일 00시,토요일,충청북도 단양군 단양읍,중상사고,0,1,0,0,차대사람 - 횡단중,기타,건조,맑음,단일로 - 기타,승용,남,23세,상해없음,보행자,여,24세,중상
2016080600100015,2016년 8월 6일 00시,토요일,충청북도 청주시 상당구 용담동,중상사고,0,1,1,0,차대차 - 정면충돌,신호위반,건조,맑음,교차로 - 교차로안,승용,남,53세,상해없음,승용,남,30세,경상
2016080600100053,2016년 8월 6일 03시,토요일,충청북도 청주시 흥덕구 복대동,중상사고,0,1,0,0,차대차 - 기타,안전운전불이행,건조,맑음,단일로 - 기타,승용,남,64세,상해없음,이륜,남,40세,중상
2016080600100097,2016년 8월 6일 07시,토요일,충청북도 청주시 청원구 주중동,경상사고,0,0,1,0,차대차 - 추돌,안전운전불이행,건조,맑음,단일로 - 기타,승용,남,34세,상해없음,승용,남,35세,경상
2016080600100151,2016년 8월 6일 10시,토요일,충청북도 제천시 금성면,중상사고,0,2,0,0,차대차 - 측면직각충돌,중앙선침범,건조,맑음,기타 - 기타,승용,남,49세,상해없음,승용,남,72세,중상
2016080600100189,2016년 8월 6일 11시,토요일,충청북도 괴산군 문광면,중상사고,0,1,1,0,차대차 - 추돌,안전운전불이행,건조,맑음,교차로 - 교차로부근,승용,남,58세,상해없음,이륜,남,17세,경상
2016080600100190,2016년 8월 6일 11시,토요일,충청북도 괴산군 청천면,중상사고,0,1,0,0,차대사람 - 기타,안전운전불이행,건조,맑음,단일로 - 기타,승용,여,68세,상해없음,보행자,남,68세,중상
2016080600100191,2016년 8월 6일 11시,토요일,충청북도 청주시 흥덕구 오송읍,경상사고,0,0,2,0,차대차 - 기타,교차로운행방법위반,건조,맑음,교차로 - 교차로안,화물,여,43세,상해없음,승용,여,47세,경상
2016080600100219,2016년 8월 6일 12시,토요일,충청북도 옥천군 옥천읍,중상사고,0,1,0,0,차대차 - 측면직각충돌,안전운전불이행,건조,맑음,단일로 - 기타,화물,남,46세,상해없음,이륜,남,49세,중상
2016080600100220,2016년 8월 6일 12시,토요일,충청북도 청주시 서원구 분평동,경상사고,0,0,1,0,차대사람 - 횡단중,기타,건조,맑음,단일로 - 기타,승용,남,75세,상해없음,보행자,여,23세,경상
2016080600100258,2016년 8월 6일 13시,토요일,충청북도 청주시 서원구 분평동,경상사고,0,0,2,0,차대차 - 측면충돌,안전운전불이행,건조,맑음,단일로 - 기타,이륜,남,41세,경상,승용,남,36세,상해없음
2016080600100288,2016년 8월 6일 14시,토요일,충청북도 괴산군 청안면,사망사고,1,0,0,0,차대차 - 추돌,안전운전불이행,건조,맑음,단일로 - 기타,승용,남,56세,상해없음,이륜,남,70세,사망
2016080600100289,2016년 8월 6일 14시,토요일,충청북도 괴산군 사리면,중상사고,0,1,0,0,차대차 - 기타,안전운전불이행,건조,맑음,교차로 - 교차로부근,이륜,남,58세,중상,승용,남,42세,상해없음
2016080600100290,2016년 8월 6일 14시,토요일,충청북도 옥천군 옥천읍,경상사고,0,0,1,0,차대차 - 측면직각충돌,교차로운행방법위반,건조,맑음,교차로 - 교차로안,승용,여,43세,경상,승용,남,67세,상해없음
2016080600100291,2016년 8월 6일 14시,토요일,충청북도 청주시 흥덕구 복대동,경상사고,0,0,3,0,차대차 - 정면충돌,안전운전불이행,건조,맑음,교차로 - 교차로부근,승용,여,57세,기타불명,승용,남,58세,경상
2016080600100404,2016년 8월 6일 18시,토요일,충청북도 충주시 노은면,중상사고,0,1,1,0,차대차 - 정면충돌,중앙선침범,건조,맑음,단일로 - 기타,승용,남,34세,경상,화물,남,54세,중상
2016080600100436,2016년 8월 6일 19시,토요일,충청북도 청주시 청원구 오창읍,중상사고,0,1,0,0,차대차 - 측면직각충돌,안전운전불이행,건조,맑음,교차로 - 교차로안,이륜,남,17세,중상,승용,남,36세,상해없음
2016080600100468,2016년 8월 6일 20시,토요일,충청북도 충주시 교현동,중상사고,0,1,1,0,차대차 - 추돌,안전운전불이행,건조,맑음,교차로 - 교차로부근,승용,남,18세,상해없음,승용,남,35세,경상
2016080600100502,2016년 8월 6일 21시,토요일,충청북도 충주시 연수동,경상사고,0,0,1,0,차대사람 - 기타,기타,건조,맑음,단일로 - 기타,승용,남,50세,상해없음,보행자,여,44세,경상
2016080600100503,2016년 8월 6일 21시,토요일,충청북도 청주시 흥덕구 옥산면,경상사고,0,0,2,0,차대차 - 기타,안전운전불이행,건조,맑음,교차로 - 교차로안,승용,남,23세,상해없음,승용,여,44세,경상
2016080600100504,2016년 8월 6일 21시,토요일,충청북도 청주시 흥덕구 복대동,경상사고,0,0,2,0,차대차 - 추돌,안전운전불이행,건조,맑음,교차로 - 교차로부근,승용,남,46세,기타불명,승용,남,40세,경상
2016080600100505,2016년 8월 6일 21시,토요일,충청북도 청주시 상당구 용암동,경상사고,0,0,1,0,차대차 - 정면충돌,안전운전불이행,건조,맑음,단일로 - 기타,승용,남,67세,상해없음,이륜,남,22세,경상
2016080700100006,2016년 8월 7일 00시,일요일,충청북도 제천시 장락동,경상사고,0,0,1,0,차대사람 - 기타,안전운전불이행,건조,맑음,교차로 - 교차로안,승용,남,29세,상해없음,보행자,남,37세,경상
2016080700100007,2016년 8월 7일 00시,일요일,충청북도 진천군 진천읍,경상사고,0,0,1,0,차대차 - 측면충돌,신호위반,건조,맑음,교차로 - 교차로안,원동기,남,18세,경상,승용,여,57세,상해없음
2016080700100024,2016년 8월 7일 01시,일요일,충청북도 청주시 상당구 남문로2가동,경상사고,0,0,1,0,차대차 - 측면충돌,신호위반,건조,맑음,교차로 - 교차로안,승용,여,34세,상해없음,승용,남,52세,경상
2016080700100039,2016년 8월 7일 02시,일요일,충청북도 충주시 연수동,경상사고,0,0,1,0,차대차 - 기타,안전운전불이행,건조,맑음,교차로 - 교차로안,승용,여,52세,상해없음,승용,여,23세,경상
2016080700100049,2016년 8월 7일 03시,일요일,충청북도 청주시 흥덕구 가경동,경상사고,0,0,5,0,차대차 - 정면충돌,신호위반,건조,맑음,교차로 - 교차로안,승용,여,23세,상해없음,승용,남,60세,경상
2016080700100058,2016년 8월 7일 05시,일요일,충청북도 청주시 서원구 모충동,중상사고,0,1,0,0,차대차 - 측면충돌,신호위반,건조,맑음,교차로 - 교차로안,승용,남,70세,상해없음,화물,남,67세,중상
2016080700100076,2016년 8월 7일 07시,일요일,충청북도 청주시 청원구 오창읍,경상사고,0,0,1,0,차대차 - 측면직각충돌,안전운전불이행,건조,맑음,단일로 - 기타,승용,남,47세,상해없음,승용,남,20세,경상
2016080700100088,2016년 8월 7일 08시,일요일,충청북도 증평군 증평읍,경상사고,0,0,5,0,차대차 - 기타,직진우회전진행방해,건조,맑음,교차로 - 교차로안,승용,여,25세,경상,승용,남,41세,경상
2016080700100114,2016년 8월 7일 10시,일요일,충청북도 제천시 청전동,경상사고,0,0,2,0,차대차 - 측면충돌,안전운전불이행,건조,맑음,기타 - 기타,승용,남,58세,경상,승용,남,51세,경상
2016080700100115,2016년 8월 7일 10시,일요일,충청북도 청주시 상당구 석교동,중상사고,0,1,0,0,차대사람 - 횡단중,안전운전불이행,건조,맑음,교차로 - 교차로부근,승용,남,74세,상해없음,보행자,남,79세,중상
2016080700100231,2016년 8월 7일 15시,일요일,충청북도 청주시 서원구 현도면,중상사고,0,1,0,0,차량단독 - 공작물충돌,안전운전불이행,건조,맑음,단일로 - 기타,승용,남,72세,상해없음,,,,
2016080700100284,2016년 8월 7일 17시,일요일,충청북도 음성군 금왕읍,중상사고,0,1,0,0,차대차 - 측면충돌,신호위반,건조,맑음,교차로 - 교차로안,승용,여,43세,상해없음,승용,남,39세,중상
2016080700100308,2016년 8월 7일 18시,일요일,충청북도 제천시 금성면,중상사고,0,3,1,0,차대차 - 측면충돌,직진우회전진행방해,건조,맑음,교차로 - 교차로안,승용,남,55세,상해없음,승용,남,58세,중상
2016080700100309,2016년 8월 7일 18시,일요일,충청북도 청주시 서원구 성화동,경상사고,0,0,8,0,차대차 - 추돌,안전운전불이행,건조,맑음,단일로 - 기타,승용,여,38세,상해없음,승용,남,45세,경상
2016080700100329,2016년 8월 7일 19시,일요일,충청북도 청주시 서원구 분평동,경상사고,0,0,1,0,차대사람 - 차도통행중,안전운전불이행,건조,맑음,단일로 - 기타,자전거,남,16세,상해없음,보행자,남,66세,경상
2016080700100350,2016년 8월 7일 20시,일요일,충청북도 충주시 대소원면,중상사고,0,2,0,0,차대차 - 추돌,안전운전불이행,건조,맑음,단일로 - 기타,승용,남,69세,상해없음,원동기,남,27세,중상
2016080800100018,2016년 8월 8일 01시,월요일,충청북도 청주시 상당구 용암동,경상사고,0,0,1,0,차대차 - 측면충돌,신호위반,건조,맑음,교차로 - 교차로안,승용,남,35세,기타불명,승용,여,37세,경상
2016080800100055,2016년 8월 8일 06시,월요일,충청북도 청주시 청원구 오창읍,경상사고,0,0,1,0,차대차 - 추돌,안전운전불이행,건조,맑음,교차로 - 교차로부근,화물,남,59세,경상,건설기계,남,53세,상해없음
2016080800100056,2016년 8월 8일 06시,월요일,충청북도 괴산군 사리면,경상사고,0,0,1,0,차대차 - 측면직각충돌,안전운전불이행,건조,맑음,교차로 - 교차로안,이륜,남,73세,경상,화물,여,48세,상해없음
2016080800100094,2016년 8월 8일 08시,월요일,충청북도 음성군 음성읍,중상사고,0,1,0,0,차량단독 - 전도전복,안전운전불이행,건조,맑음,단일로 - 기타,승용,남,67세,중상,,,,
2016080800100095,2016년 8월 8일 08시,월요일,충청북도 진천군 덕산면,중상사고,0,1,1,0,차대차 - 측면충돌,직진우회전진행방해,건조,맑음,교차로 - 교차로안,화물,남,63세,중상,화물,남,56세,경상
2016080800100136,2016년 8월 8일 09시,월요일,충청북도 청주시 서원구 사직동,중상사고,0,1,0,0,차대차 - 기타,안전운전불이행,건조,맑음,교차로 - 교차로부근,승용,여,47세,상해없음,자전거,남,73세,중상
2016080800100137,2016년 8월 8일 09시,월요일,충청북도 영동군 양강면,중상사고,0,1,0,0,차량단독 - 전도전복,안전운전불이행,건조,맑음,단일로 - 기타,이륜,남,51세,중상,,,,
2016080800100213,2016년 8월 8일 11시,월요일,충청북도 제천시 봉양읍,경상사고,0,0,1,1,차대차 - 정면충돌,안전운전불이행,건조,맑음,단일로 - 기타,승용,남,29세,상해없음,승용,여,35세,부상신고
2016080800100214,2016년 8월 8일 11시,월요일,충청북도 증평군 증평읍,경상사고,0,0,1,0,차대차 - 측면충돌,직진우회전진행방해,건조,맑음,교차로 - 교차로안,이륜,남,71세,경상,화물,남,64세,상해없음
2016080800100243,2016년 8월 8일 12시,월요일,충청북도 청주시 흥덕구 복대동,중상사고,0,1,0,0,차량단독 - 전도전복,안전운전불이행,건조,맑음,단일로 - 기타,이륜,남,45세,중상,,,,
2016080800100283,2016년 8월 8일 13시,월요일,충청북도 청주시 서원구 남이면,중상사고,0,1,0,0,차대사람 - 기타,안전운전불이행,건조,맑음,단일로 - 기타,승용,여,27세,상해없음,보행자,남,63세,중상
2016080800100318,2016년 8월 8일 14시,월요일,충청북도 청주시 상당구 석교동,경상사고,0,0,1,0,차대차 - 측면충돌,안전운전불이행,건조,맑음,교차로 - 교차로부근,승용,여,66세,상해없음,승합,남,50세,경상
2016080800100344,2016년 8월 8일 15시,월요일,충청북도 제천시 화산동,경상사고,0,0,2,0,차대차 - 측면충돌,안전운전불이행,건조,맑음,교차로 - 교차로안,이륜,남,17세,경상,승용,여,59세,경상
2016080800100345,2016년 8월 8일 15시,월요일,충청북도 괴산군 청천면,경상사고,0,0,2,0,차대차 - 추돌,안전운전불이행,건조,맑음,단일로 - 기타,화물,남,72세,경상,화물,남,43세,경상
2016080800100396,2016년 8월 8일 16시,월요일,충청북도 청주시 상당구 남문로1가동,경상사고,0,0,1,0,차대차 - 측면충돌,차로위반,건조,맑음,단일로 - 기타,승용,남,68세,상해없음,승용,여,57세,경상
2016080800100429,2016년 8월 8일 17시,월요일,충청북도 청주시 청원구 내덕동,중상사고,0,4,0,0,차대차 - 추돌,안전운전불이행,건조,맑음,교차로 - 교차로부근,화물,남,59세,상해없음,승용,남,43세,중상
2016080800100430,2016년 8월 8일 17시,월요일,충청북도 제천시 교동,경상사고,0,0,2,0,차대차 - 측면충돌,교차로운행방법위반,건조,맑음,교차로 - 교차로안,승용,남,60세,상해없음,승용,남,35세,경상
2016080800100431,2016년 8월 8일 17시,월요일,충청북도 제천시 중앙로2가,경상사고,0,0,1,0,차대차 - 측면충돌,교차로운행방법위반,건조,맑음,교차로 - 교차로부근,승용,남,65세,상해없음,승용,여,49세,경상
2016080800100432,2016년 8월 8일 17시,월요일,충청북도 청주시 상당구 영운동,경상사고,0,0,2,0,차대차 - 정면충돌,안전운전불이행,건조,맑음,단일로 - 기타,승용,남,40세,상해없음,승용,남,29세,경상
2016080800100468,2016년 8월 8일 18시,월요일,충청북도 청주시 청원구 율량동,경상사고,0,0,1,0,차량단독 - 기타,기타,건조,맑음,단일로 - 기타,승합,남,44세,기타불명,,,,
2016080800100469,2016년 8월 8일 18시,월요일,충청북도 제천시 강제동,경상사고,0,0,1,1,차대차 - 측면충돌,안전운전불이행,건조,흐림,단일로 - 기타,승용,남,55세,상해없음,승용,남,53세,경상
2016080800100470,2016년 8월 8일 18시,월요일,충청북도 증평군 증평읍,경상사고,0,0,1,0,차대차 - 측면직각충돌,안전운전불이행,건조,맑음,교차로 - 교차로안,승용,남,19세,상해없음,이륜,남,47세,경상
2016080800100502,2016년 8월 8일 19시,월요일,충청북도 청주시 청원구 사천동,중상사고,0,1,1,0,차대차 - 기타,안전운전불이행,건조,맑음,기타 - 기타,승용,남,45세,경상,이륜,남,45세,중상
2016080800100531,2016년 8월 8일 20시,월요일,충청북도 청주시 상당구 남일면,경상사고,0,0,3,0,차대차 - 측면충돌,안전운전불이행,건조,맑음,교차로 - 교차로안,승용,여,43세,경상,화물,남,66세,경상
2016080900100013,2016년 8월 9일 00시,화요일,충청북도 청주시 상당구 남일면,경상사고,0,0,2,0,차대차 - 측면충돌,신호위반,건조,맑음,교차로 - 교차로안,승용,남,60세,경상,승용,여,49세,경상
2016080900100064,2016년 8월 9일 05시,화요일,충청북도 청주시 서원구 분평동,경상사고,0,0,1,0,차대차 - 정면충돌,신호위반,건조,맑음,교차로 - 교차로안,승용,남,30세,상해없음,자전거,남,53세,경상
2016080900100073,2016년 8월 9일 06시,화요일,충청북도 충주시 칠금동,부상신고사고,0,0,0,1,차대차 - 정면충돌,안전운전불이행,건조,맑음,단일로 - 기타,이륜,남,62세,부상신고,승용,여,53세,상해없음
2016080900100074,2016년 8월 9일 06시,화요일,충청북도 음성군 맹동면,경상사고,0,0,1,0,차대차 - 정면충돌,교차로운행방법위반,건조,맑음,교차로 - 교차로안,승합,남,50세,상해없음,승용,남,54세,상해없음
2016080900100094,2016년 8월 9일 07시,화요일,충청북도 보은군 회인면,경상사고,0,0,2,0,차대차 - 추돌,안전운전불이행,건조,맑음,단일로 - 기타,승용,여,31세,상해없음,화물,남,51세,경상
2016080900100148,2016년 8월 9일 09시,화요일,충청북도 청주시 서원구 사창동,중상사고,0,1,0,0,차대차 - 기타,안전거리미확보,건조,맑음,단일로 - 기타,승합,남,49세,상해없음,승용,남,57세,상해없음
2016080900100149,2016년 8월 9일 09시,화요일,충청북도 증평군 증평읍,경상사고,0,0,1,0,차대차 - 추돌,안전운전불이행,건조,맑음,단일로 - 기타,화물,남,34세,상해없음,이륜,남,77세,경상
2016080900100150,2016년 8월 9일 09시,화요일,충청북도 음성군 음성읍,경상사고,0,0,1,0,차대사람 - 기타,안전운전불이행,건조,맑음,단일로 - 기타,승용,남,71세,상해없음,보행자,남,39세,경상
2016080900100184,2016년 8월 9일 10시,화요일,충청북도 청주시 청원구 우암동,경상사고,0,0,1,0,차대차 - 기타,안전운전불이행,건조,맑음,교차로 - 교차로부근,승용,남,59세,상해없음,승용,남,54세,상해없음
2016080900100185,2016년 8월 9일 10시,화요일,충청북도 충주시 봉방동,경상사고,0,0,1,0,차대차 - 측면충돌,신호위반,건조,맑음,교차로 - 교차로안,승용,여,68세,상해없음,승용,남,53세,경상
2016080900100187,2016년 8월 9일 10시,화요일,충청북도 충주시 노은면,사망사고,1,7,5,0,차대차 - 추돌,과속,건조,맑음,단일로 - 기타,화물,남,62세,상해없음,승용,여,63세,경상
2016080900100213,2016년 8월 9일 11시,화요일,충청북도 괴산군 칠성면,중상사고,0,1,0,0,차대차 - 측면직각충돌,안전운전불이행,건조,맑음,교차로 - 교차로부근,승용,남,40세,상해없음,승용,남,74세,중상
2016080900100216,2016년 8월 9일 11시,화요일,충청북도 청주시 흥덕구 수의동,경상사고,0,0,2,0,차대차 - 정면충돌,안전운전불이행,건조,맑음,단일로 - 기타,승용,남,64세,상해없음,승용,여,51세,경상
2016080900100274,2016년 8월 9일 13시,화요일,충청북도 청주시 청원구 율량동,중상사고,0,1,3,0,차대차 - 기타,교차로운행방법위반,건조,맑음,교차로 - 교차로안,승용,여,30세,중상,승용,남,42세,경상
2016080900100275,2016년 8월 9일 13시,화요일,충청북도 제천시 명동,중상사고,0,1,0,0,차대차 - 추돌,안전운전불이행,건조,맑음,교차로 - 교차로부근,승용,남,49세,상해없음,승용,남,66세,중상
2016080900100276,2016년 8월 9일 13시,화요일,충청북도 청주시 흥덕구 강서동,중상사고,0,2,0,0,차대차 - 측면직각충돌,신호위반,건조,맑음,교차로 - 교차로안,승용,남,58세,상해없음,승용,여,55세,중상