사고번호,사고일시,요일,시군구,사고내용,사망자수,중상자수,경상자수,부상신고자수,사고유형,법규위반,노면상태,기상상태,도로형태,가해운전자 차종,가해운전자 성별,가해운전자 연령,가해운전자 상해정도,피해운전자 차종,피해운전자 성별,피해운전자 연령,피해운전자 상해정도
2016081800100454,2016년 8월 18일 18시,목요일,충청북도 제천시 중앙로1가,경상사고,0,0,1,0,차대차 - 측면충돌,안전운전불이행,건조,흐림,교차로 - 교차로부근,승용,남,26세,상해없음,이륜,남,76세,상해없음
2016081800100491,2016년 8월 18일 19시,목요일,충청북도 청주시 서원구 남이면,경상사고,0,0,1,0,차대차 - 정면충돌,차로위반,건조,맑음,교차로 - 교차로부근,승용,남,27세,상해없음,승용,남,55세,경상
2016081800100492,2016년 8월 18일 19시,목요일,충청북도 청주시 서원구 성화동,중상사고,0,1,0,0,차대사람 - 횡단중,안전운전불이행,건조,맑음,교차로 - 교차로안,승용,여,33세,상해없음,보행자,여,31세,중상
2016081800100559,2016년 8월 18일 21시,목요일,충청북도 청주시 서원구 분평동,경상사고,0,0,2,0,차대차 - 정면충돌,신호위반,건조,맑음,단일로 - 기타,승용,남,50세,상해없음,승용,남,19세,경상
2016081800100588,2016년 8월 18일 22시,목요일,충청북도 충주시 용산동,중상사고,0,2,0,1,차대사람 - 횡단중,보행자보호의무위반,건조,맑음,단일로 - 기타,원동기,남,24세,부상신고,보행자,여,76세,중상
2016081800100613,2016년 8월 18일 23시,목요일,충청북도 충주시 대소원면,사망사고,1,0,1,0,차대차 - 추돌,안전운전불이행,건조,맑음,단일로 - 기타,화물,남,44세,사망,화물,남,30세,경상
2016081900100009,2016년 8월 19일 00시,금요일,충청북도 충주시 교현동,중상사고,0,1,0,0,차대차 - 측면충돌,교차로운행방법위반,건조,맑음,교차로 - 교차로안,승용,남,58세,상해없음,승용,여,39세,중상
2016081900100024,2016년 8월 19일 01시,금요일,충청북도 청주시 서원구 개신동,중상사고,0,1,0,0,차대사람 - 횡단중,신호위반,건조,맑음,교차로 - 교차로안,승용,남,48세,상해없음,보행자,남,53세,중상
2016081900100025,2016년 8월 19일 01시,금요일,충청북도 충주시 연수동,중상사고,0,1,0,0,차량단독 - 전도전복,안전운전불이행,건조,맑음,교차로 - 교차로부근,승용,남,52세,중상,,,,
2016081900100050,2016년 8월 19일 04시,금요일,충청북도 청주시 청원구 우암동,중상사고,0,1,0,0,차량단독 - 전도전복,안전운전불이행,건조,맑음,단일로 - 기타,승용,남,26세,중상,,,,
2016081900100051,2016년 8월 19일 04시,금요일,충청북도 청주시 흥덕구 복대동,부상신고사고,0,0,0,1,차대차 - 정면충돌,신호위반,건조,맑음,교차로 - 교차로안,자전거,남,23세,부상신고,승용,남,74세,상해없음
2016081900100084,2016년 8월 19일 07시,금요일,충청북도 충주시 달천동,중상사고,0,1,0,0,차대차 - 측면충돌,안전운전불이행,건조,맑음,단일로 - 기타,승용,여,44세,상해없음,이륜,여,54세,중상
2016081900100109,2016년 8월 19일 08시,금요일,충청북도 청주시 청원구 북이면,경상사고,0,0,1,0,차대차 - 측면충돌,교차로운행방법위반,건조,맑음,교차로 - 교차로안,화물,남,56세,상해없음,화물,남,39세,경상
2016081900100110,2016년 8월 19일 08시,금요일,충청북도 제천시 금성면,중상사고,0,1,0,0,차대차 - 측면충돌,안전운전불이행,건조,맑음,교차로 - 교차로안,승용,남,58세,상해없음,화물,남,58세,중상
2016081900100111,2016년 8월 19일 08시,금요일,충청북도 진천군 문백면,중상사고,0,1,1,0,차대차 - 기타,직진우회전진행방해,건조,맑음,교차로 - 교차로안,승용,여,54세,상해없음,승용,여,36세,중상
2016081900100146,2016년 8월 19일 09시,금요일,충청북도 청주시 청원구 율량동,경상사고,0,0,2,0,차대사람 - 기타,안전운전불이행,건조,맑음,교차로 - 교차로부근,승합,남,54세,상해없음,보행자,여,68세,경상
2016081900100147,2016년 8월 19일 09시,금요일,충청북도 청주시 상당구 북문로2가동,경상사고,0,0,1,0,차대사람 - 횡단중,안전운전불이행,건조,맑음,교차로 - 교차로부근,승용,남,60세,상해없음,보행자,여,34세,경상
2016081900100235,2016년 8월 19일 12시,금요일,충청북도 괴산군 괴산읍,중상사고,0,1,0,0,차대차 - 측면직각충돌,안전운전불이행,건조,맑음,교차로 - 교차로안,승용,남,59세,상해없음,자전거,남,39세,중상
2016081900100265,2016년 8월 19일 13시,금요일,충청북도 충주시 산척면,중상사고,0,1,1,1,차대차 - 정면충돌,직진우회전진행방해,건조,맑음,교차로 - 교차로안,승용,여,48세,부상신고,화물,남,35세,경상
2016081900100266,2016년 8월 19일 13시,금요일,충청북도 보은군 속리산면,중상사고,0,1,0,0,차대사람 - 기타,안전운전불이행,건조,맑음,단일로 - 기타,승용,남,55세,상해없음,보행자,남,53세,중상
2016081900100267,2016년 8월 19일 13시,금요일,충청북도 옥천군 청성면,중상사고,0,1,1,0,차대차 - 측면충돌,안전운전불이행,건조,맑음,단일로 - 기타,이륜,남,59세,경상,승용,남,60세,상해없음
2016081900100306,2016년 8월 19일 14시,금요일,충청북도 옥천군 옥천읍,중상사고,0,1,2,1,차대차 - 측면직각충돌,안전운전불이행,건조,맑음,교차로 - 교차로안,승용,여,42세,경상,승용,남,39세,경상
2016081900100307,2016년 8월 19일 14시,금요일,충청북도 청주시 상당구 문화동,중상사고,0,1,0,0,차대차 - 정면충돌,중앙선침범,건조,맑음,단일로 - 기타,승용,남,49세,상해없음,이륜,남,27세,중상
2016081900100336,2016년 8월 19일 15시,금요일,충청북도 청주시 청원구 북이면,경상사고,0,0,1,0,차대차 - 측면충돌,안전운전불이행,건조,맑음,단일로 - 기타,농기계,남,77세,경상,승용,남,51세,상해없음
2016081900100407,2016년 8월 19일 17시,금요일,충청북도 증평군 증평읍,경상사고,0,0,1,0,차대차 - 기타,중앙선침범,건조,맑음,교차로 - 교차로부근,이륜,남,78세,상해없음,자전거,남,19세,경상
2016081900100451,2016년 8월 19일 18시,금요일,충청북도 괴산군 칠성면,중상사고,0,2,0,0,차대차 - 측면충돌,차로위반,건조,맑음,단일로 - 기타,승용,남,33세,상해없음,승용,여,64세,중상
2016081900100452,2016년 8월 19일 18시,금요일,충청북도 진천군 문백면,중상사고,0,1,2,0,차대차 - 정면충돌,안전운전불이행,건조,맑음,단일로 - 기타,승용,남,54세,경상,승용,남,49세,경상
2016081900100494,2016년 8월 19일 19시,금요일,충청북도 청주시 흥덕구 봉명동,경상사고,0,0,1,0,차대차 - 정면충돌,안전운전불이행,건조,맑음,단일로 - 기타,승용,남,40세,상해없음,화물,남,49세,경상
2016081900100495,2016년 8월 19일 19시,금요일,충청북도 청주시 서원구 개신동,경상사고,0,0,2,0,차대차 - 측면직각충돌,안전운전불이행,건조,맑음,교차로 - 교차로안,이륜,남,16세,경상,승용,여,38세,상해없음
2016081900100529,2016년 8월 19일 20시,금요일,충청북도 옥천군 이원면,중상사고,0,1,0,0,차대차 - 측면직각충돌,중앙선침범,건조,맑음,교차로 - 교차로부근,농기계,남,58세,기타불명,승용,남,76세,중상
2016081900100597,2016년 8월 19일 22시,금요일,충청북도 제천시 청전동,경상사고,0,0,1,0,차대차 - 정면충돌,안전운전불이행,건조,흐림,단일로 - 기타,승용,남,45세,상해없음,승용,여,기타불명,경상
2016081900100598,2016년 8월 19일 22시,금요일,충청북도 청주시 서원구 분평동,경상사고,0,0,2,0,차대차 - 측면충돌,안전운전불이행,건조,맑음,단일로 - 기타,승용,여,64세,상해없음,승용,남,38세,경상
2016081900100621,2016년 8월 19일 23시,금요일,충청북도 청주시 서원구 사직동,경상사고,0,0,1,0,차대차 - 측면충돌,교차로운행방법위반,건조,맑음,교차로 - 교차로안,승용,남,55세,상해없음,이륜,남,34세,경상
2016081900100622,2016년 8월 19일 23시,금요일,충청북도 청주시 상당구 영운동,경상사고,0,0,1,0,차량단독 - 전도전복,안전운전불이행,건조,맑음,단일로 - 기타,승용,남,42세,상해없음,,,,
2016082000100009,2016년 8월 20일 00시,토요일,충청북도 음성군 금왕읍,중상사고,0,1,0,0,차대차 - 추돌,안전거리미확보,건조,맑음,교차로 - 교차로부근,승용,남,28세,기타불명,승용,여,41세,중상
2016082000100038,2016년 8월 20일 01시,토요일,충청북도 청주시 서원구 산남동,경상사고,0,0,2,0,차대차 - 측면충돌,안전운전불이행,건조,맑음,단일로 - 기타,원동기,남,16세,경상,승용,남,61세,상해없음
2016082000100055,2016년 8월 20일 02시,토요일,충청북도 청주시 흥덕구 복대동,중상사고,0,1,0,0,차대사람 - 기타,안전운전불이행,건조,맑음,교차로 - 교차로부근,승용,여,45세,상해없음,보행자,남,34세,중상
2016082000100091,2016년 8월 20일 05시,토요일,충청북도 청주시 흥덕구 송절동,경상사고,0,0,1,0,차대차 - 추돌,안전운전불이행,건조,맑음,교차로 - 교차로부근,승용,남,28세,기타불명,승용,남,30세,경상
2016082000100098,2016년 8월 20일 06시,토요일,충청북도 충주시 대소원면,경상사고,0,0,1,0,차대차 - 정면충돌,기타,건조,맑음,단일로 - 기타,건설기계,남,61세,상해없음,승용,남,46세,경상
2016082000100132,2016년 8월 20일 08시,토요일,충청북도 청주시 청원구 율량동,중상사고,0,1,0,0,차대차 - 측면직각충돌,교차로운행방법위반,건조,맑음,교차로 - 교차로부근,승용,남,31세,상해없음,승용,여,37세,중상
2016082000100133,2016년 8월 20일 08시,토요일,충청북도 제천시 의림동,중상사고,0,2,1,0,차대차 - 측면충돌,직진우회전진행방해,건조,맑음,교차로 - 교차로안,승용,남,48세,경상,승용,남,64세,중상
2016082000100154,2016년 8월 20일 09시,토요일,충청북도 제천시 장락동,경상사고,0,0,4,0,차대차 - 기타,교차로운행방법위반,건조,맑음,교차로 - 교차로안,승용,여,34세,경상,승용,남,48세,경상
2016082000100155,2016년 8월 20일 09시,토요일,충청북도 진천군 이월면,경상사고,0,0,1,0,차대차 - 측면충돌,교차로운행방법위반,건조,맑음,교차로 - 교차로안,건설기계,남,46세,상해없음,승용,여,50세,경상
2016082000100156,2016년 8월 20일 09시,토요일,충청북도 청주시 흥덕구 가경동,경상사고,0,0,2,0,차대차 - 기타,교차로운행방법위반,건조,맑음,교차로 - 교차로안,승용,여,31세,상해없음,승용,남,57세,경상
2016082000100217,2016년 8월 20일 11시,토요일,충청북도 제천시 중앙로2가,경상사고,0,0,1,0,차대차 - 측면충돌,안전운전불이행,건조,맑음,교차로 - 교차로부근,승용,남,62세,상해없음,승용,남,54세,경상
2016082000100218,2016년 8월 20일 11시,토요일,충청북도 괴산군 청천면,중상사고,0,4,0,0,차량단독 - 전도전복,안전운전불이행,건조,맑음,단일로 - 기타,승용,남,21세,중상,,,,
2016082000100261,2016년 8월 20일 12시,토요일,충청북도 청주시 청원구 사천동,경상사고,0,0,2,0,차대차 - 추돌,안전운전불이행,건조,맑음,단일로 - 기타,승용,남,60세,상해없음,승용,남,50세,경상
2016082000100262,2016년 8월 20일 12시,토요일,충청북도 충주시 교현동,경상사고,0,0,1,0,차대차 - 측면충돌,차로위반,건조,맑음,단일로 - 기타,이륜,남,21세,상해없음,승용,여,43세,경상
2016082000100263,2016년 8월 20일 12시,토요일,충청북도 청주시 흥덕구 봉명동,중상사고,0,1,0,0,차대차 - 측면직각충돌,안전운전불이행,건조,맑음,단일로 - 기타,이륜,남,82세,중상,승용,남,20세,상해없음
2016082000100289,2016년 8월 20일 13시,토요일,충청북도 청주시 서원구 산남동,경상사고,0,0,1,0,차대차 - 측면직각충돌,안전운전불이행,건조,맑음,교차로 - 교차로부근,승용,남,52세,상해없음,승용,여,44세,경상
2016082000100322,2016년 8월 20일 14시,토요일,충청북도 제천시 영천동,경상사고,0,0,1,0,차대차 - 기타,안전운전불이행,건조,맑음,교차로 - 교차로안,승용,남,27세,상해없음,승용,남,59세,상해없음
2016082000100323,2016년 8월 20일 14시,토요일,충청북도 청주시 흥덕구 복대동,경상사고,0,0,1,0,차대차 - 측면직각충돌,중앙선침범,건조,맑음,교차로 - 교차로부근,자전거,남,13세,경상,승용,남,37세,상해없음
2016082000100359,2016년 8월 20일 15시,토요일,충청북도 보은군 속리산면,중상사고,0,1,0,0,차대차 - 측면충돌,교차로운행방법위반,건조,맑음,교차로 - 교차로부근,건설기계,남,42세,상해없음,승용,남,28세,상해없음
2016082000100392,2016년 8월 20일 16시,토요일,충청북도 충주시 안림동,중상사고,0,2,0,0,차대차 - 측면직각충돌,안전운전불이행,건조,맑음,단일로 - 기타,자전거,남,9세,중상,승용,여,32세,상해없음
2016082000100393,2016년 8월 20일 16시,토요일,충청북도 청주시 흥덕구 가경동,경상사고,0,0,2,0,차대차 - 측면직각충돌,안전운전불이행,건조,맑음,교차로 - 교차로부근,승용,여,46세,상해없음,승용,여,21세,경상
2016082000100431,2016년 8월 20일 17시,토요일,충청북도 청주시 상당구 탑동,경상사고,0,0,1,0,차대사람 - 횡단중,보행자보호의무위반,건조,맑음,단일로 - 기타,승용,여,43세,기타불명,보행자,여,16세,경상
2016082000100472,2016년 8월 20일 18시,토요일,충청북도 충주시 용탄동,경상사고,0,0,2,0,차대차 - 기타,안전운전불이행,건조,맑음,교차로 - 교차로부근,화물,남,58세,상해없음,승용,남,50세,경상
2016082000100473,2016년 8월 20일 18시,토요일,충청북도 보은군 보은읍,중상사고,0,2,1,0,차대차 - 측면충돌,교차로운행방법위반,건조,맑음,교차로 - 교차로부근,이륜,남,33세,상해없음,승합,남,50세,경상
2016082000100474,2016년 8월 20일 18시,토요일,충청북도 진천군 진천읍,경상사고,0,0,2,0,차대차 - 측면직각충돌,신호위반,건조,맑음,교차로 - 교차로안,승용,여,54세,상해없음,승용,남,23세,경상
2016082000100475,2016년 8월 20일 18시,토요일,충청북도 청주시 흥덕구 가경동,경상사고,0,0,1,0,차대차 - 측면직각충돌,안전운전불이행,건조,맑음,단일로 - 횡단보도상,승용,여,53세,상해없음,자전거,남,67세,경상
2016082000100516,2016년 8월 20일 19시,토요일,충청북도 청주시 서원구 사직동,경상사고,0,0,1,0,차대사람 - 횡단중,안전운전불이행,건조,맑음,교차로 - 교차로안,승용,남,51세,상해없음,보행자,여,80세,경상
2016082000100517,2016년 8월 20일 19시,토요일,충청북도 충주시 단월동,경상사고,0,0,2,1,차대차 - 측면충돌,안전운전불이행,건조,맑음,교차로 - 교차로부근,승용,여,53세,부상신고,화물,남,55세,경상
2016082000100554,2016년 8월 20일 20시,토요일,충청북도 충주시 산척면,중상사고,0,1,0,0,차대차 - 정면충돌,중앙선침범,건조,맑음,단일로 - 기타,승용,여,72세,상해없음,승용,남,37세,중상
2016082000100574,2016년 8월 20일 21시,토요일,충청북도 충주시 봉방동,중상사고,0,2,0,1,차대사람 - 횡단중,안전운전불이행,건조,맑음,단일로 - 교량,원동기,남,17세,부상신고,보행자,여,81세,중상
2016082000100575,2016년 8월 20일 21시,토요일,충청북도 청주시 서원구 분평동,경상사고,0,0,1,0,차대차 - 정면충돌,안전운전불이행,건조,맑음,교차로 - 교차로부근,승용,여,54세,상해없음,승용,남,41세,경상
2016082000100606,2016년 8월 20일 22시,토요일,충청북도 청주시 청원구 내수읍,중상사고,0,1,0,0,차량단독 - 전도전복,안전운전불이행,건조,맑음,단일로 - 기타,화물,남,49세,중상,,,,
2016082000100607,2016년 8월 20일 22시,토요일,충청북도 충주시 성서동,중상사고,0,1,0,0,차대차 - 측면충돌,안전운전불이행,건조,맑음,단일로 - 기타,승용,남,29세,상해없음,이륜,남,17세,중상
2016082000100624,2016년 8월 20일 23시,토요일,충청북도 청주시 상당구 북문로2가동,경상사고,0,0,1,0,차대차 - 측면충돌,안전운전불이행,건조,맑음,교차로 - 교차로안,승용,남,51세,상해없음,승용,남,63세,경상
2016082000100625,2016년 8월 20일 23시,토요일,충청북도 제천시 명동,경상사고,0,0,3,0,차대차 - 측면충돌,신호위반,건조,맑음,교차로 - 교차로안,원동기,남,19세,경상,승용,남,26세,경상
2016082100100061,2016년 8월 21일 03시,일요일,충청북도 제천시 청전동,중상사고,0,1,0,0,차대사람 - 횡단중,안전운전불이행,건조,맑음,교차로 - 교차로부근,승용,여,21세,상해없음,보행자,남,34세,중상
2016082100100100,2016년 8월 21일 06시,일요일,충청북도 제천시 화산동,경상사고,0,0,1,0,차대차 - 측면충돌,직진우회전진행방해,건조,맑음,교차로 - 교차로안,승용,남,29세,상해없음,승용,남,64세,경상
2016082100100101,2016년 8월 21일 06시,일요일,충청북도 영동군 영동읍,중상사고,0,2,5,0,차대차 - 정면충돌,중앙선침범,건조,맑음,단일로 - 기타,화물,남,60세,상해없음,화물,남,63세,중상
2016082100100110,2016년 8월 21일 07시,일요일,충청북도 충주시 안림동,중상사고,0,2,0,0,차대차 - 측면충돌,신호위반,건조,맑음,교차로 - 교차로안,승용,남,38세,중상,이륜,남,27세,중상
2016082100100135,2016년 8월 21일 09시,일요일,충청북도 제천시 한수면,중상사고,0,1,3,0,차대차 - 측면충돌,중앙선침범,건조,흐림,단일로 - 기타,승용,남,24세,상해없음,화물,남,60세,경상
2016082100100136,2016년 8월 21일 09시,일요일,충청북도 청주시 상당구 미원면,경상사고,0,0,2,0,차량단독 - 전도전복,안전운전불이행,건조,맑음,단일로 - 기타,이륜,남,16세,경상,,,,
2016082100100164,2016년 8월 21일 10시,일요일,충청북도 청주시 서원구 산남동,중상사고,0,1,0,0,차대사람 - 횡단중,안전운전불이행,건조,맑음,교차로 - 교차로안,승용,여,40세,상해없음,보행자,남,79세,중상
2016082100100188,2016년 8월 21일 11시,일요일,충청북도 청주시 흥덕구 신봉동,중상사고,0,1,0,0,차대차 - 기타,안전운전불이행,습기,맑음,교차로 - 교차로부근,원동기,남,36세,중상,승용,남,39세,상해없음
2016082100100212,2016년 8월 21일 12시,일요일,충청북도 청주시 서원구 사직동,중상사고,0,1,0,0,차대차 - 측면충돌,중앙선침범,건조,맑음,교차로 - 교차로부근,승용,여,66세,상해없음,승용,여,27세,중상
2016082100100213,2016년 8월 21일 12시,일요일,충청북도 청주시 흥덕구 가경동,경상사고,0,0,3,0,차대차 - 기타,안전운전불이행,건조,맑음,단일로 - 기타,승용,남,64세,상해없음,승용,남,56세,경상
2016082100100237,2016년 8월 21일 13시,일요일,충청북도 청주시 상당구 영운동,중상사고,0,1,0,0,차대차 - 측면충돌,안전운전불이행,건조,맑음,교차로 - 교차로안,승용,여,33세,상해없음,승용,남,41세,중상
2016082100100310,2016년 8월 21일 16시,일요일,충청북도 청주시 흥덕구 가경동,경상사고,0,0,1,0,차대차 - 기타,차로위반,건조,맑음,교차로 - 교차로부근,승용,남,69세,기타불명,승합,남,54세,상해없음
2016082100100337,2016년 8월 21일 17시,일요일,충청북도 옥천군 군북면,경상사고,0,0,3,0,차대차 - 측면직각충돌,안전운전불이행,건조,맑음,단일로 - 기타,화물,남,55세,상해없음,승용,남,32세,경상
2016082100100374,2016년 8월 21일 18시,일요일,충청북도 청주시 상당구 용암동,경상사고,0,0,1,0,차대차 - 정면충돌,신호위반,건조,맑음,단일로 - 횡단보도상,승용,남,40세,상해없음,자전거,남,50세,경상
2016082100100408,2016년 8월 21일 19시,일요일,충청북도 충주시 교현동,경상사고,0,0,1,0,차대차 - 정면충돌,안전운전불이행,건조,맑음,교차로 - 교차로부근,승용,남,22세,상해없음,승용,남,61세,경상
2016082100100437,2016년 8월 21일 20시,일요일,충청북도 충주시 칠금동,경상사고,0,0,1,0,차대차 - 정면충돌,안전운전불이행,건조,맑음,단일로 - 기타,승용,여,33세,상해없음,승용,여,56세,경상
2016082100100515,2016년 8월 21일 23시,일요일,충청북도 제천시 교동,중상사고,0,1,0,0,차대사람 - 기타,안전운전불이행,건조,맑음,기타 - 기타,승용,남,60세,상해없음,보행자,남,56세,중상
2016082200100061,2016년 8월 22일 06시,월요일,충청북도 청주시 청원구 내수읍,경상사고,0,0,1,0,차대사람 - 횡단중,안전운전불이행,건조,맑음,교차로 - 교차로안,승용,여,25세,상해없음,보행자,여,53세,경상
2016082200100092,2016년 8월 22일 07시,월요일,충청북도 충주시 교현동,중상사고,0,1,0,0,차대차 - 측면충돌,안전운전불이행,건조,맑음,교차로 - 교차로안,승용,남,48세,상해없음,자전거,남,80세,중상
2016082200100093,2016년 8월 22일 07시,월요일,충청북도 제천시 강제동,중상사고,0,1,0,0,차대사람 - 횡단중,보행자보호의무위반,건조,맑음,교차로 - 교차로부근,승용,남,52세,상해없음,보행자,남,76세,중상
2016082200100094,2016년 8월 22일 07시,월요일,충청북도 옥천군 이원면,중상사고,0,1,0,0,차대차 - 측면직각충돌,교차로운행방법위반,건조,맑음,교차로 - 교차로안,화물,남,57세,상해없음,농기계,남,70세,중상
2016082200100095,2016년 8월 22일 07시,월요일,충청북도 청주시 흥덕구 비하동,경상사고,0,0,1,0,차대차 - 추돌,안전거리미확보,건조,맑음,단일로 - 기타,화물,남,43세,상해없음,승용,남,30세,경상
2016082200100096,2016년 8월 22일 07시,월요일,충청북도 청주시 상당구 용암동,경상사고,0,0,1,0,차대차 - 정면충돌,안전운전불이행,건조,맑음,교차로 - 교차로부근,승용,남,46세,상해없음,승용,남,37세,경상
2016082200100097,2016년 8월 22일 07시,월요일,충청북도 청주시 흥덕구 지동동,경상사고,0,0,4,0,차대차 - 추돌,안전운전불이행,건조,맑음,단일로 - 기타,승용,남,24세,상해없음,승용,남,50세,상해없음
2016082200100137,2016년 8월 22일 08시,월요일,충청북도 음성군 음성읍,중상사고,0,1,0,0,차대차 - 기타,중앙선침범,건조,맑음,교차로 - 교차로부근,자전거,여,78세,중상,승용,남,62세,상해없음
2016082200100138,2016년 8월 22일 08시,월요일,충청북도 진천군 진천읍,경상사고,0,0,1,0,차대차 - 측면충돌,신호위반,건조,맑음,교차로 - 교차로안,화물,남,58세,상해없음,승용,여,33세,경상
2016082200100139,2016년 8월 22일 08시,월요일,충청북도 청주시 흥덕구 옥산면,경상사고,0,0,1,1,차대차 - 측면직각충돌,안전운전불이행,건조,맑음,교차로 - 교차로안,승용,남,29세,부상신고,승용,남,51세,경상
2016082200100189,2016년 8월 22일 09시,월요일,충청북도 청주시 청원구 오창읍,경상사고,0,0,3,0,차대차 - 측면직각충돌,안전운전불이행,건조,맑음,교차로 - 교차로부근,화물,남,51세,상해없음,승용,남,28세,경상
2016082200100190,2016년 8월 22일 09시,월요일,충청북도 청주시 상당구 용암동,경상사고,0,0,1,0,차대차 - 정면충돌,안전운전불이행,건조,맑음,교차로 - 교차로부근,승용,여,24세,상해없음,승용,남,72세,상해없음
2016082200100226,2016년 8월 22일 10시,월요일,충청북도 청주시 흥덕구 복대동,경상사고,0,0,1,0,차대사람 - 기타,안전운전불이행,건조,맑음,단일로 - 기타,승용,남,24세,상해없음,보행자,여,40세,경상
2016082200100268,2016년 8월 22일 11시,월요일,충청북도 음성군 금왕읍,중상사고,0,3,0,0,차대차 - 정면충돌,안전운전불이행,건조,맑음,교차로 - 교차로안,화물,남,32세,상해없음,승용,여,67세,중상
2016082200100333,2016년 8월 22일 13시,월요일,충청북도 청주시 청원구 내덕동,경상사고,0,0,1,0,차대차 - 측면직각충돌,안전운전불이행,건조,맑음,교차로 - 교차로부근,화물,남,46세,상해없음,이륜,남,23세,경상
2016082200100334,2016년 8월 22일 13시,월요일,충청북도 청주시 청원구 정상동,경상사고,0,0,1,0,차대차 - 기타,안전운전불이행,건조,맑음,교차로 - 교차로안,건설기계,남,40세,상해없음,승용,남,59세,경상
2016082200100357,2016년 8월 22일 14시,월요일,충청북도 충주시 성서동,경상사고,0,0,1,0,차대차 - 정면충돌,안전운전불이행,건조,맑음,단일로 - 기타,자전거,여,10세,경상,승용,남,45세,상해없음
2016082200100389,2016년 8월 22일 15시,월요일,충청북도 음성군 음성읍,중상사고,0,1,0,0,차대사람 - 횡단중,보행자보호의무위반,건조,맑음,단일로 - 횡단보도상,화물,남,53세,상해없음,보행자,남,63세,중상
2016082200100390,2016년 8월 22일 15시,월요일,충청북도 청주시 상당구 문화동,경상사고,0,0,1,0,차대차 - 측면충돌,신호위반,건조,맑음,교차로 - 교차로안,승용,남,48세,상해없음,승용,여,30세,경상
2016082200100438,2016년 8월 22일 16시,월요일,충청북도 청주시 서원구 사직동,중상사고,0,2,2,0,차대차 - 측면충돌,중앙선침범,건조,맑음,단일로 - 기타,승용,남,46세,상해없음,승합,남,24세,중상
2016082200100439,2016년 8월 22일 16시,월요일,충청북도 보은군 회인면,경상사고,0,0,7,0,차대차 - 추돌,안전운전불이행,건조,맑음,단일로 - 기타,건설기계,남,39세,상해없음,화물,남,60세,경상
2016082200100486,2016년 8월 22일 17시,월요일,충청북도 청주시 청원구 내덕동,중상사고,0,1,0,0,차대차 - 측면직각충돌,안전운전불이행,건조,맑음,단일로 - 기타,승용,남,54세,상해없음,원동기,남,30세,중상
2016082200100487,2016년 8월 22일 17시,월요일,충청북도 청주시 서원구 사직동,중상사고,0,1,1,0,차대차 - 기타,안전거리미확보,건조,맑음,교차로 - 교차로안,화물,남,73세,상해없음,승합,남,48세,상해없음
2016082200100488,2016년 8월 22일 17시,월요일,충청북도 충주시 용산동,경상사고,0,0,1,0,차대사람 - 횡단중,보행자보호의무위반,건조,맑음,교차로 - 교차로안,승용,남,69세,상해없음,보행자,여,40세,경상
2016082200100489,2016년 8월 22일 17시,월요일,충청북도 청주시 서원구 분평동,경상사고,0,0,1,0,차대차 - 측면충돌,기타,건조,맑음,단일로 - 기타,승용,여,43세,상해없음,이륜,남,19세,경상
2016082200100522,2016년 8월 22일 18시,월요일,충청북도 제천시 의림동,경상사고,0,0,1,0,차대차 - 측면직각충돌,교차로운행방법위반,건조,맑음,교차로 - 교차로안,승용,남,45세,상해없음,자전거,남,57세,경상
2016082200100523,2016년 8월 22일 18시,월요일,충청북도 청주시 서원구 분평동,경상사고,0,0,1,0,차대사람 - 횡단중,신호위반,건조,맑음,단일로 - 횡단보도상,승용,남,31세,상해없음,보행자,여,19세,경상
2016082200100524,2016년 8월 22일 18시,월요일,충청북도 청주시 서원구 수곡동,경상사고,0,0,1,0,차대사람 - 횡단중,보행자보호의무위반,건조,맑음,단일로 - 횡단보도상,화물,남,32세,상해없음,보행자,여,28세,경상
2016082200100571,2016년 8월 22일 19시,월요일,충청북도 청주시 상당구 금천동,경상사고,0,0,1,0,차대차 - 측면충돌,교차로운행방법위반,건조,맑음,교차로 - 교차로안,승용,남,68세,상해없음,이륜,남,19세,경상
2016082200100605,2016년 8월 22일 20시,월요일,충청북도 충주시 교현동,경상사고,0,0,1,0,차대차 - 추돌,안전운전불이행,건조,맑음,교차로 - 교차로안,승용,남,50세,상해없음,승용,남,31세,경상
2016082200100606,2016년 8월 22일 20시,월요일,충청북도 옥천군 옥천읍,중상사고,0,1,0,0,차대사람 - 차도통행중,안전운전불이행,건조,맑음,단일로 - 기타,화물,남,51세,상해없음,보행자,남,53세,중상
2016082200100607,2016년 8월 22일 20시,월요일,충청북도 청주시 흥덕구 운천동,중상사고,0,1,2,0,차대차 - 측면충돌,교차로운행방법위반,건조,맑음,교차로 - 교차로안,승용,남,63세,상해없음,승용,남,35세,상해없음
2016082200100608,2016년 8월 22일 20시,월요일,충청북도 청주시 서원구 개신동,경상사고,0,0,1,0,차대차 - 기타,안전운전불이행,건조,맑음,교차로 - 교차로부근,승용,남,33세,상해없음,이륜,남,37세,경상
2016082200100609,2016년 8월 22일 20시,월요일,충청북도 청주시 서원구 분평동,경상사고,0,0,1,0,차대차 - 정면충돌,안전거리미확보,건조,맑음,단일로 - 기타,승용,여,57세,상해없음,승용,남,34세,경상
2016082200100673,2016년 8월 22일 22시,월요일,충청북도 청주시 서원구 죽림동,경상사고,0,0,1,0,차량단독 - 기타,안전운전불이행,건조,맑음,단일로 - 기타,승용,남,17세,상해없음,,,,