사고번호,사고일시,요일,시군구,사고내용,사망자수,중상자수,경상자수,부상신고자수,사고유형,법규위반,노면상태,기상상태,도로형태,가해운전자 차종,가해운전자 성별,가해운전자 연령,가해운전자 상해정도,피해운전자 차종,피해운전자 성별,피해운전자 연령,피해운전자 상해정도
2016090100100089,2016년 9월 1일 07시,목요일,충청북도 영동군 영동읍,경상사고,0,0,2,0,차대차 - 측면충돌,안전운전불이행,건조,맑음,교차로 - 교차로안,승용,여,42세,경상,승용,남,46세,경상
2016090100100090,2016년 9월 1일 07시,목요일,충청북도 청주시 흥덕구 송정동,중상사고,0,2,1,0,차대차 - 측면직각충돌,교차로운행방법위반,건조,맑음,교차로 - 교차로안,승용,여,30세,중상,승용,남,52세,경상
2016090100100121,2016년 9월 1일 08시,목요일,충청북도 청주시 청원구 오창읍,경상사고,0,0,2,0,차대차 - 기타,안전운전불이행,건조,맑음,단일로 - 기타,화물,남,72세,상해없음,화물,남,47세,경상
2016090100100122,2016년 9월 1일 08시,목요일,충청북도 영동군 학산면,경상사고,0,0,1,0,차대차 - 기타,안전운전불이행,건조,맑음,교차로 - 교차로부근,화물,남,68세,상해없음,승합,남,56세,경상
2016090100100165,2016년 9월 1일 09시,목요일,충청북도 제천시 봉양읍,경상사고,0,0,1,0,차량단독 - 전도전복,안전운전불이행,건조,맑음,단일로 - 기타,이륜,남,77세,경상,,,,
2016090100100249,2016년 9월 1일 12시,목요일,충청북도 청주시 청원구 내수읍,중상사고,0,1,0,0,차대차 - 기타,안전운전불이행,건조,맑음,단일로 - 기타,승용,여,63세,상해없음,승용,남,22세,중상
2016090100100250,2016년 9월 1일 12시,목요일,충청북도 청주시 서원구 분평동,경상사고,0,0,1,0,차대차 - 측면충돌,안전운전불이행,건조,맑음,단일로 - 기타,승용,여,29세,상해없음,자전거,여,79세,경상
2016090100100267,2016년 9월 1일 13시,목요일,충청북도 음성군 금왕읍,경상사고,0,0,4,2,차대차 - 기타,안전거리미확보,건조,맑음,단일로 - 기타,승용,남,79세,상해없음,승용,여,54세,경상
2016090100100268,2016년 9월 1일 13시,목요일,충청북도 청주시 흥덕구 봉명동,경상사고,0,0,2,0,차대차 - 기타,안전운전불이행,건조,맑음,단일로 - 기타,이륜,남,31세,상해없음,승용,남,25세,경상
2016090100100298,2016년 9월 1일 14시,목요일,충청북도 충주시 교현동,경상사고,0,0,1,0,차대차 - 측면충돌,안전운전불이행,건조,맑음,단일로 - 기타,승용,남,58세,상해없음,자전거,여,64세,경상
2016090100100335,2016년 9월 1일 15시,목요일,충청북도 진천군 문백면,경상사고,0,0,1,0,차대차 - 추돌,안전운전불이행,건조,맑음,단일로 - 기타,건설기계,남,29세,상해없음,자전거,남,23세,경상
2016090100100372,2016년 9월 1일 16시,목요일,충청북도 충주시 성서동,중상사고,0,1,1,0,차대차 - 측면충돌,중앙선침범,건조,맑음,단일로 - 횡단보도부근,원동기,여,73세,중상,승용,남,61세,경상
2016090100100373,2016년 9월 1일 16시,목요일,충청북도 단양군 매포읍,중상사고,0,2,0,0,차대차 - 측면충돌,신호위반,건조,맑음,교차로 - 교차로안,승용,여,46세,중상,승용,여,48세,중상
2016090100100374,2016년 9월 1일 16시,목요일,충청북도 청주시 흥덕구 향정동,경상사고,0,0,4,0,차대차 - 기타,중앙선침범,건조,맑음,단일로 - 기타,승용,기타불명,기타불명,기타불명,승용,남,34세,경상
2016090100100375,2016년 9월 1일 16시,목요일,충청북도 청주시 흥덕구 가경동,경상사고,0,0,2,0,차대차 - 측면직각충돌,안전운전불이행,건조,맑음,교차로 - 교차로안,승용,여,53세,상해없음,승용,남,55세,경상
2016090100100411,2016년 9월 1일 17시,목요일,충청북도 청주시 청원구 오창읍,경상사고,0,0,2,0,차대차 - 추돌,안전거리미확보,건조,맑음,단일로 - 기타,승합,여,55세,상해없음,승용,여,32세,경상
2016090100100454,2016년 9월 1일 18시,목요일,충청북도 청주시 상당구 낭성면,중상사고,0,1,2,0,차대차 - 측면충돌,안전운전불이행,건조,맑음,단일로 - 기타,화물,남,46세,상해없음,승용,남,47세,경상
2016090100100455,2016년 9월 1일 18시,목요일,충청북도 청주시 서원구 수곡동,경상사고,0,0,1,0,차대사람 - 횡단중,안전운전불이행,건조,맑음,단일로 - 기타,승용,남,54세,상해없음,보행자,남,87세,경상
2016090100100493,2016년 9월 1일 19시,목요일,충청북도 청주시 청원구 내수읍,사망사고,1,0,0,0,차대사람 - 길가장자리구역통행중,안전운전불이행,건조,맑음,단일로 - 기타,승용,여,33세,상해없음,보행자,남,47세,사망
2016090100100494,2016년 9월 1일 19시,목요일,충청북도 충주시 용산동,경상사고,0,0,1,0,차대차 - 측면충돌,직진우회전진행방해,건조,맑음,교차로 - 교차로안,승용,남,72세,상해없음,원동기,남,16세,경상
2016090100100495,2016년 9월 1일 19시,목요일,충청북도 청주시 서원구 수곡동,경상사고,0,0,2,0,차대차 - 측면충돌,교차로운행방법위반,건조,맑음,교차로 - 교차로안,이륜,남,18세,경상,이륜,남,17세,경상
2016090100100521,2016년 9월 1일 20시,목요일,충청북도 청주시 상당구 수동,경상사고,0,0,3,0,차대차 - 추돌,안전운전불이행,건조,맑음,교차로 - 교차로부근,승용,여,23세,상해없음,승용,남,25세,경상
2016090100100522,2016년 9월 1일 20시,목요일,충청북도 증평군 증평읍,중상사고,0,1,0,0,차대사람 - 길가장자리구역통행중,안전운전불이행,건조,맑음,교차로 - 교차로안,승합,남,50세,상해없음,보행자,남,79세,중상
2016090100100556,2016년 9월 1일 21시,목요일,충청북도 진천군 진천읍,중상사고,0,1,1,0,차대차 - 측면충돌,안전거리미확보,건조,맑음,단일로 - 기타,승용,여,48세,경상,이륜,남,19세,중상
2016090100100557,2016년 9월 1일 21시,목요일,충청북도 진천군 진천읍,경상사고,0,0,1,0,차대차 - 기타,차로위반,건조,맑음,단일로 - 기타,승용,여,31세,상해없음,승합,남,44세,상해없음
2016090100100594,2016년 9월 1일 22시,목요일,충청북도 청주시 청원구 주중동,경상사고,0,0,1,0,차대차 - 측면직각충돌,안전운전불이행,건조,맑음,교차로 - 교차로안,승용,남,29세,상해없음,승용,남,62세,경상
2016090100100595,2016년 9월 1일 22시,목요일,충청북도 옥천군 옥천읍,경상사고,0,0,1,0,차대차 - 측면충돌,신호위반,습기,안개,교차로 - 교차로안,화물,남,61세,상해없음,화물,남,33세,경상
2016090200100075,2016년 9월 2일 05시,금요일,충청북도 청주시 서원구 남이면,경상사고,0,0,2,0,차대차 - 정면충돌,신호위반,건조,맑음,교차로 - 교차로안,승용,남,58세,경상,승용,남,57세,경상
2016090200100115,2016년 9월 2일 07시,금요일,충청북도 음성군 대소면,중상사고,0,1,0,0,차대차 - 정면충돌,교차로운행방법위반,건조,맑음,교차로 - 교차로안,승용,남,45세,상해없음,승용,여,42세,중상
2016090200100116,2016년 9월 2일 07시,금요일,충청북도 진천군 백곡면,중상사고,0,1,0,0,차대사람 - 횡단중,보행자보호의무위반,건조,맑음,교차로 - 교차로안,승용,여,61세,상해없음,보행자,남,34세,중상
2016090200100117,2016년 9월 2일 07시,금요일,충청북도 청주시 상당구 용암동,경상사고,0,0,1,0,차대사람 - 횡단중,안전운전불이행,건조,맑음,교차로 - 교차로부근,원동기,남,69세,상해없음,보행자,여,83세,경상
2016090200100152,2016년 9월 2일 08시,금요일,충청북도 청주시 상당구 남일면,경상사고,0,0,2,0,차대차 - 기타,교차로운행방법위반,건조,맑음,교차로 - 교차로안,승용,여,45세,경상,승용,남,43세,경상
2016090200100190,2016년 9월 2일 09시,금요일,충청북도 청주시 청원구 내덕동,경상사고,0,0,2,0,차대차 - 측면충돌,교차로운행방법위반,건조,맑음,교차로 - 교차로안,승용,남,51세,경상,승용,남,40세,경상
2016090200100191,2016년 9월 2일 09시,금요일,충청북도 청주시 흥덕구 화계동,경상사고,0,0,2,0,차대차 - 측면충돌,신호위반,건조,맑음,교차로 - 교차로안,승용,남,37세,경상,화물,남,58세,경상
2016090200100236,2016년 9월 2일 11시,금요일,충청북도 청주시 상당구 미원면,중상사고,0,1,0,0,차대차 - 측면충돌,안전운전불이행,건조,맑음,단일로 - 기타,승용,남,54세,상해없음,화물,남,60세,중상
2016090200100269,2016년 9월 2일 12시,금요일,충청북도 충주시 교현동,경상사고,0,0,1,0,차대차 - 기타,안전운전불이행,건조,맑음,교차로 - 교차로부근,원동기,남,58세,상해없음,승용,남,24세,상해없음
2016090200100270,2016년 9월 2일 12시,금요일,충청북도 충주시 대소원면,경상사고,0,0,1,0,차대사람 - 횡단중,안전운전불이행,건조,맑음,단일로 - 기타,원동기,남,23세,상해없음,보행자,남,54세,경상
2016090200100271,2016년 9월 2일 12시,금요일,충청북도 청주시 상당구 영운동,경상사고,0,0,1,0,차대사람 - 길가장자리구역통행중,안전운전불이행,건조,맑음,단일로 - 기타,승용,남,49세,상해없음,보행자,남,33세,경상
2016090200100302,2016년 9월 2일 13시,금요일,충청북도 충주시 단월동,경상사고,0,0,2,0,차대차 - 측면충돌,안전운전불이행,건조,맑음,단일로 - 기타,화물,남,50세,상해없음,승합,남,30세,상해없음
2016090200100303,2016년 9월 2일 13시,금요일,충청북도 청주시 상당구 용정동,경상사고,0,0,1,0,차대차 - 측면충돌,안전운전불이행,건조,맑음,단일로 - 기타,자전거,남,71세,경상,승용,남,40세,상해없음
2016090200100329,2016년 9월 2일 14시,금요일,충청북도 충주시 용산동,부상신고사고,0,0,0,1,차대사람 - 횡단중,안전운전불이행,건조,맑음,기타 - 기타,승용,여,23세,상해없음,보행자,남,52세,부상신고
2016090200100330,2016년 9월 2일 14시,금요일,충청북도 충주시 칠금동,중상사고,0,1,0,0,차대차 - 기타,직진우회전진행방해,건조,맑음,교차로 - 교차로안,승용,남,70세,상해없음,승용,여,54세,중상
2016090200100331,2016년 9월 2일 14시,금요일,충청북도 제천시 신월동,중상사고,0,1,1,0,차대차 - 측면충돌,신호위반,건조,흐림,교차로 - 교차로안,승용,남,68세,중상,승용,여,67세,경상
2016090200100332,2016년 9월 2일 14시,금요일,충청북도 청주시 흥덕구 봉명동,경상사고,0,0,3,0,차대차 - 측면직각충돌,안전거리미확보,건조,맑음,교차로 - 교차로안,승용,여,25세,경상,승용,남,27세,경상
2016090200100361,2016년 9월 2일 15시,금요일,충청북도 청주시 서원구 산남동,경상사고,0,0,2,0,차대차 - 정면충돌,안전운전불이행,건조,맑음,교차로 - 교차로안,승용,남,54세,상해없음,승용,여,40세,경상
2016090200100390,2016년 9월 2일 16시,금요일,충청북도 충주시 금릉동,중상사고,0,1,0,1,차대차 - 측면충돌,직진우회전진행방해,습기,흐림,교차로 - 교차로안,승용,남,66세,부상신고,승용,남,32세,중상
2016090200100391,2016년 9월 2일 16시,금요일,충청북도 제천시 영천동,중상사고,0,1,0,0,차대사람 - 보도통행중,기타,건조,맑음,단일로 - 기타,이륜,남,37세,상해없음,보행자,여,77세,중상
2016090200100392,2016년 9월 2일 16시,금요일,충청북도 단양군 단성면,경상사고,0,0,2,0,차대차 - 정면충돌,중앙선침범,습기,비,단일로 - 기타,승용,여,52세,상해없음,승용,남,60세,경상
2016090200100436,2016년 9월 2일 17시,금요일,충청북도 청주시 청원구 오창읍,경상사고,0,0,1,0,차대차 - 측면직각충돌,안전운전불이행,건조,맑음,교차로 - 교차로안,이륜,여,54세,경상,승용,여,53세,상해없음
2016090200100437,2016년 9월 2일 17시,금요일,충청북도 청주시 청원구 오창읍,중상사고,0,1,1,0,차대차 - 측면직각충돌,안전거리미확보,건조,맑음,단일로 - 기타,이륜,남,16세,경상,승용,남,47세,상해없음
2016090200100525,2016년 9월 2일 19시,금요일,충청북도 제천시 고명동,중상사고,0,1,0,0,차대사람 - 길가장자리구역통행중,안전운전불이행,건조,맑음,단일로 - 기타,승용,남,40세,상해없음,보행자,남,64세,중상
2016090200100526,2016년 9월 2일 19시,금요일,충청북도 청주시 흥덕구 석곡동,경상사고,0,0,2,0,차대차 - 추돌,안전운전불이행,건조,맑음,단일로 - 기타,승용,여,51세,상해없음,승용,남,33세,경상
2016090200100527,2016년 9월 2일 19시,금요일,충청북도 청주시 서원구 성화동,경상사고,0,0,1,0,차대차 - 정면충돌,기타,건조,맑음,교차로 - 교차로부근,승용,남,65세,상해없음,자전거,남,48세,경상
2016090200100568,2016년 9월 2일 20시,금요일,충청북도 청주시 청원구 사천동,경상사고,0,0,1,0,차대차 - 측면충돌,안전운전불이행,건조,맑음,교차로 - 교차로부근,승용,남,45세,상해없음,승용,여,48세,경상
2016090200100609,2016년 9월 2일 21시,금요일,충청북도 영동군 용산면,경상사고,0,0,4,0,차대차 - 기타,차로위반,습기,맑음,단일로 - 기타,승용,남,31세,상해없음,승용,남,26세,경상
2016090200100656,2016년 9월 2일 22시,금요일,충청북도 충주시 수안보면,중상사고,0,1,0,0,차량단독 - 전도전복,안전운전불이행,습기,맑음,교차로 - 교차로부근,원동기,남,79세,중상,,,,
2016090200100692,2016년 9월 2일 23시,금요일,충청북도 청주시 흥덕구 복대동,경상사고,0,0,1,0,차대사람 - 기타,안전운전불이행,건조,맑음,교차로 - 교차로부근,승용,여,51세,상해없음,보행자,여,26세,경상
2016090200100693,2016년 9월 2일 23시,금요일,충청북도 청주시 흥덕구 복대동,중상사고,0,1,0,0,차대차 - 정면충돌,교차로운행방법위반,건조,맑음,교차로 - 교차로안,승용,남,33세,상해없음,이륜,남,18세,중상
2016090300100011,2016년 9월 3일 00시,토요일,충청북도 청주시 서원구 사창동,중상사고,0,1,3,0,차대차 - 기타,안전운전불이행,습기,비,교차로 - 교차로부근,승용,남,26세,상해없음,승용,남,27세,경상
2016090300100078,2016년 9월 3일 03시,토요일,충청북도 음성군 대소면,경상사고,0,0,1,1,차대차 - 기타,안전운전불이행,건조,맑음,단일로 - 기타,승용,남,22세,경상,화물,남,35세,부상신고
2016090300100110,2016년 9월 3일 05시,토요일,충청북도 청주시 흥덕구 복대동,중상사고,0,1,0,0,차대사람 - 횡단중,안전운전불이행,건조,맑음,단일로 - 기타,승용,남,26세,상해없음,보행자,여,75세,중상
2016090300100140,2016년 9월 3일 07시,토요일,충청북도 청주시 서원구 남이면,경상사고,0,0,2,0,차대차 - 정면충돌,안전운전불이행,건조,맑음,단일로 - 기타,화물,남,38세,상해없음,승용,여,47세,경상
2016090300100191,2016년 9월 3일 09시,토요일,충청북도 영동군 영동읍,부상신고사고,0,0,0,1,차대차 - 기타,안전운전불이행,건조,맑음,단일로 - 횡단보도상,화물,남,66세,상해없음,자전거,남,15세,부상신고
2016090300100251,2016년 9월 3일 11시,토요일,충청북도 충주시 문화동,중상사고,0,3,0,0,차대차 - 측면충돌,직진우회전진행방해,건조,맑음,교차로 - 교차로안,승용,여,65세,중상,화물,남,77세,상해없음
2016090300100290,2016년 9월 3일 12시,토요일,충청북도 청주시 청원구 내덕동,경상사고,0,0,3,0,차대차 - 측면충돌,안전운전불이행,건조,맑음,단일로 - 기타,승용,여,54세,상해없음,승용,남,41세,경상
2016090300100291,2016년 9월 3일 12시,토요일,충청북도 청주시 흥덕구 봉명동,경상사고,0,0,1,0,차대차 - 기타,안전운전불이행,건조,맑음,단일로 - 기타,승용,남,62세,상해없음,이륜,남,21세,경상
2016090300100292,2016년 9월 3일 12시,토요일,충청북도 옥천군 옥천읍,경상사고,0,0,2,0,차대차 - 측면직각충돌,신호위반,건조,맑음,교차로 - 교차로안,승합,남,57세,상해없음,승용,여,31세,경상
2016090300100293,2016년 9월 3일 12시,토요일,충청북도 청주시 서원구 남이면,경상사고,0,0,1,0,차대사람 - 기타,안전운전불이행,건조,맑음,교차로 - 교차로부근,승용,남,57세,상해없음,보행자,남,22세,경상
2016090300100294,2016년 9월 3일 12시,토요일,충청북도 청주시 상당구 문의면,중상사고,0,1,0,0,차대사람 - 횡단중,교차로운행방법위반,건조,맑음,교차로 - 교차로안,승용,남,71세,상해없음,보행자,남,90세 이상,중상
2016090300100295,2016년 9월 3일 12시,토요일,충청북도 청주시 상당구 용암동,경상사고,0,0,3,0,차대차 - 정면충돌,안전운전불이행,건조,맑음,교차로 - 교차로부근,승용,남,65세,상해없음,승용,여,45세,경상
2016090300100324,2016년 9월 3일 13시,토요일,충청북도 제천시 하소동,중상사고,0,1,0,0,차대차 - 측면충돌,직진우회전진행방해,건조,맑음,교차로 - 교차로안,승용,여,41세,상해없음,이륜,남,42세,중상
2016090300100325,2016년 9월 3일 13시,토요일,충청북도 청주시 흥덕구 지동동,경상사고,0,0,8,0,차대차 - 정면충돌,안전운전불이행,건조,맑음,단일로 - 기타,화물,남,28세,상해없음,승용,남,34세,경상
2016090300100366,2016년 9월 3일 14시,토요일,충청북도 제천시 신백동,중상사고,0,1,0,0,차대차 - 기타,신호위반,건조,흐림,교차로 - 교차로부근,승용,남,36세,상해없음,이륜,남,40세,중상
2016090300100367,2016년 9월 3일 14시,토요일,충청북도 옥천군 군서면,중상사고,0,1,0,0,차대차 - 측면직각충돌,교차로운행방법위반,건조,맑음,교차로 - 교차로안,이륜,남,82세,중상,승합,남,58세,상해없음
2016090300100409,2016년 9월 3일 15시,토요일,충청북도 제천시 명지동,경상사고,0,0,2,0,차량단독 - 공작물충돌,안전운전불이행,건조,흐림,단일로 - 기타,승용,남,40세,경상,,,,
2016090300100410,2016년 9월 3일 15시,토요일,충청북도 제천시 강제동,경상사고,0,0,1,0,차대차 - 정면충돌,기타,건조,맑음,교차로 - 교차로부근,이륜,남,30세,경상,승용,남,50세,상해없음
2016090300100411,2016년 9월 3일 15시,토요일,충청북도 청주시 서원구 수곡동,경상사고,0,0,1,0,차대차 - 측면충돌,신호위반,건조,맑음,교차로 - 교차로안,승용,남,81세,상해없음,이륜,남,30세,경상
2016090300100448,2016년 9월 3일 16시,토요일,충청북도 진천군 진천읍,경상사고,0,0,1,0,차대사람 - 길가장자리구역통행중,안전운전불이행,건조,맑음,교차로 - 교차로부근,승용,여,70세,상해없음,보행자,여,36세,경상
2016090300100489,2016년 9월 3일 17시,토요일,충청북도 제천시 봉양읍,경상사고,0,0,1,0,차량단독 - 전도전복,안전운전불이행,건조,흐림,단일로 - 기타,승용,여,44세,경상,,,,
2016090300100490,2016년 9월 3일 17시,토요일,충청북도 음성군 삼성면,경상사고,0,0,2,0,차대차 - 기타,교차로운행방법위반,건조,맑음,교차로 - 교차로안,화물,남,52세,상해없음,승용,남,31세,경상
2016090300100535,2016년 9월 3일 18시,토요일,충청북도 청주시 서원구 사창동,경상사고,0,0,1,0,차대차 - 기타,기타,건조,맑음,교차로 - 교차로부근,승용,남,61세,상해없음,자전거,남,41세,경상
2016090300100536,2016년 9월 3일 18시,토요일,충청북도 충주시 성서동,경상사고,0,0,1,0,차대차 - 측면충돌,기타,건조,맑음,교차로 - 교차로안,원동기,남,23세,경상,승용,남,63세,상해없음
2016090300100537,2016년 9월 3일 18시,토요일,충청북도 충주시 대소원면,경상사고,0,0,2,0,차대차 - 기타,안전운전불이행,건조,맑음,단일로 - 기타,승용,남,72세,상해없음,승용,남,40세,경상
2016090300100538,2016년 9월 3일 18시,토요일,충청북도 진천군 진천읍,경상사고,0,0,4,0,차대차 - 기타,안전운전불이행,건조,맑음,교차로 - 교차로부근,승용,남,35세,상해없음,승용,여,33세,경상
2016090300100595,2016년 9월 3일 20시,토요일,충청북도 청주시 청원구 오창읍,경상사고,0,0,3,0,차대차 - 추돌,안전운전불이행,건조,맑음,교차로 - 교차로부근,승용,남,60세,상해없음,승용,남,38세,경상
2016090300100596,2016년 9월 3일 20시,토요일,충청북도 괴산군 소수면,경상사고,0,0,1,0,차대차 - 측면충돌,안전운전불이행,건조,흐림,기타 - 기타,승용,남,36세,상해없음,승용,남,53세,상해없음
2016090300100597,2016년 9월 3일 20시,토요일,충청북도 음성군 원남면,중상사고,0,1,0,0,차대차 - 추돌,안전운전불이행,건조,맑음,단일로 - 기타,승용,남,19세,상해없음,농기계,남,38세,중상
2016090300100598,2016년 9월 3일 20시,토요일,충청북도 청주시 흥덕구 가경동,경상사고,0,0,1,0,차대사람 - 차도통행중,안전운전불이행,건조,맑음,단일로 - 기타,승용,여,47세,상해없음,보행자,남,23세,경상
2016090300100630,2016년 9월 3일 21시,토요일,충청북도 청주시 흥덕구 가경동,경상사고,0,0,1,0,차대차 - 측면직각충돌,안전운전불이행,건조,맑음,교차로 - 교차로부근,승용,남,24세,상해없음,승용,남,51세,경상
2016090300100679,2016년 9월 3일 23시,토요일,충청북도 청주시 흥덕구 가경동,경상사고,0,0,1,0,차대차 - 정면충돌,안전거리미확보,건조,맑음,단일로 - 기타,승용,남,26세,상해없음,승용,남,55세,경상
2016090300100680,2016년 9월 3일 23시,토요일,충청북도 청주시 흥덕구 운천동,부상신고사고,0,0,0,1,차대사람 - 기타,안전운전불이행,건조,맑음,단일로 - 기타,자전거,남,38세,부상신고,보행자,남,29세,상해없음
2016090400100025,2016년 9월 4일 01시,일요일,충청북도 충주시 연수동,중상사고,0,3,1,0,차대차 - 측면충돌,신호위반,건조,맑음,교차로 - 교차로안,승용,남,21세,경상,승용,남,19세,중상
2016090400100031,2016년 9월 4일 02시,일요일,충청북도 청주시 흥덕구 가경동,경상사고,0,0,2,0,차대차 - 정면충돌,안전거리미확보,건조,맑음,교차로 - 교차로안,승용,남,21세,상해없음,승용,남,37세,상해없음
2016090400100046,2016년 9월 4일 04시,일요일,충청북도 충주시 봉방동,경상사고,0,0,1,0,차대차 - 측면충돌,교차로운행방법위반,건조,맑음,교차로 - 교차로안,승용,여,49세,상해없음,승용,여,64세,경상
2016090400100081,2016년 9월 4일 07시,일요일,충청북도 충주시 엄정면,경상사고,0,0,4,0,차대차 - 측면충돌,중앙선침범,건조,맑음,단일로 - 기타,승용,남,63세,상해없음,화물,남,48세,경상
2016090400100098,2016년 9월 4일 08시,일요일,충청북도 음성군 원남면,경상사고,0,0,3,0,차대차 - 추돌,안전거리미확보,건조,맑음,단일로 - 기타,승용,남,53세,경상,화물,남,57세,경상
2016090400100099,2016년 9월 4일 08시,일요일,충청북도 청주시 상당구 용암동,중상사고,0,1,0,0,차대차 - 정면충돌,안전운전불이행,건조,맑음,교차로 - 교차로부근,자전거,남,78세,중상,승용,남,44세,상해없음
2016090400100112,2016년 9월 4일 09시,일요일,충청북도 청주시 상당구 문의면,중상사고,0,1,3,0,차대차 - 정면충돌,중앙선침범,건조,맑음,단일로 - 기타,승용,여,67세,경상,승용,남,52세,경상
2016090400100135,2016년 9월 4일 10시,일요일,충청북도 영동군 용산면,중상사고,0,1,0,0,차대차 - 측면충돌,안전운전불이행,건조,맑음,기타 - 기타,승용,남,33세,중상,승용,남,78세,상해없음
2016090400100136,2016년 9월 4일 10시,일요일,충청북도 청주시 상당구 북문로1가동,경상사고,0,0,1,0,차대사람 - 횡단중,안전운전불이행,건조,맑음,단일로 - 기타,승용,여,41세,상해없음,보행자,여,20세,경상
2016090400100186,2016년 9월 4일 12시,일요일,충청북도 청주시 흥덕구 운천동,경상사고,0,0,2,0,차대차 - 추돌,안전운전불이행,건조,맑음,교차로 - 교차로부근,승용,남,32세,상해없음,승용,남,43세,경상
2016090400100281,2016년 9월 4일 15시,일요일,충청북도 옥천군 군서면,중상사고,0,2,5,0,차대차 - 측면직각충돌,교차로운행방법위반,건조,맑음,교차로 - 교차로안,승용,남,61세,경상,승용,여,54세,경상
2016090400100309,2016년 9월 4일 16시,일요일,충청북도 청주시 흥덕구 가경동,경상사고,0,0,1,0,차대차 - 측면직각충돌,기타,건조,맑음,단일로 - 기타,승용,남,71세,상해없음,자전거,남,23세,경상
2016090400100333,2016년 9월 4일 17시,일요일,충청북도 영동군 용산면,경상사고,0,0,2,0,차대차 - 기타,안전운전불이행,건조,맑음,교차로 - 교차로안,승용,남,63세,경상,화물,남,42세,경상
2016090400100354,2016년 9월 4일 18시,일요일,충청북도 청주시 청원구 내덕동,중상사고,0,1,0,0,차대사람 - 횡단중,안전운전불이행,건조,맑음,기타 - 기타,이륜,남,43세,상해없음,보행자,남,11세,중상
2016090400100355,2016년 9월 4일 18시,일요일,충청북도 청주시 청원구 내수읍,경상사고,0,0,3,0,차대차 - 추돌,안전운전불이행,건조,맑음,교차로 - 교차로부근,승용,남,36세,상해없음,승용,여,47세,경상
2016090400100356,2016년 9월 4일 18시,일요일,충청북도 제천시 고암동,중상사고,0,1,0,0,차대차 - 측면충돌,중앙선침범,습기,비,단일로 - 기타,승용,남,28세,상해없음,승용,여,52세,중상
2016090400100357,2016년 9월 4일 18시,일요일,충청북도 청주시 흥덕구 강서동,중상사고,0,1,3,0,차대차 - 측면직각충돌,안전거리미확보,건조,맑음,단일로 - 기타,승용,남,42세,상해없음,승용,남,43세,상해없음
2016090400100395,2016년 9월 4일 19시,일요일,충청북도 영동군 황간면,경상사고,0,0,1,0,차대사람 - 길가장자리구역통행중,안전운전불이행,건조,맑음,단일로 - 기타,승용,여,53세,상해없음,보행자,남,46세,경상
2016090400100396,2016년 9월 4일 19시,일요일,충청북도 청주시 서원구 분평동,경상사고,0,0,1,0,차대차 - 측면충돌,안전운전불이행,건조,맑음,단일로 - 기타,이륜,남,20세,경상,승용,여,50세,상해없음
2016090400100424,2016년 9월 4일 20시,일요일,충청북도 진천군 덕산면,경상사고,0,0,1,0,차대차 - 기타,중앙선침범,건조,맑음,단일로 - 기타,승용,남,49세,상해없음,승용,남,21세,경상
2016090400100425,2016년 9월 4일 20시,일요일,충청북도 청주시 서원구 성화동,경상사고,0,0,2,0,차대차 - 기타,신호위반,건조,맑음,교차로 - 교차로안,승용,여,55세,상해없음,승용,남,32세,경상
2016090400100426,2016년 9월 4일 20시,일요일,충청북도 청주시 흥덕구 복대동,경상사고,0,0,1,0,차대차 - 기타,안전운전불이행,건조,흐림,교차로 - 교차로부근,승용,남,54세,상해없음,원동기,남,16세,경상
2016090400100454,2016년 9월 4일 21시,일요일,충청북도 제천시 하소동,중상사고,0,1,0,0,차대사람 - 기타,안전운전불이행,습기,비,교차로 - 교차로부근,승용,남,46세,상해없음,보행자,여,60세,중상
2016090400100476,2016년 9월 4일 22시,일요일,충청북도 청주시 흥덕구 봉명동,경상사고,0,0,2,0,차대차 - 정면충돌,안전운전불이행,건조,맑음,교차로 - 교차로부근,승용,남,39세,상해없음,승용,남,59세,경상
2016090500100102,2016년 9월 5일 08시,월요일,충청북도 충주시 동량면,중상사고,0,1,0,0,차대차 - 측면충돌,직진우회전진행방해,건조,맑음,교차로 - 교차로안,이륜,남,69세,중상,건설기계,남,60세,상해없음
2016090500100103,2016년 9월 5일 08시,월요일,충청북도 단양군 가곡면,경상사고,0,0,1,0,차대차 - 기타,직진우회전진행방해,건조,맑음,교차로 - 교차로안,승용,남,36세,상해없음,승용,남,51세,경상
2016090500100148,2016년 9월 5일 09시,월요일,충청북도 청주시 흥덕구 화계동,경상사고,0,0,1,0,차량단독 - 기타,기타,건조,맑음,교차로 - 교차로부근,승합,남,46세,상해없음,,,,
2016090500100179,2016년 9월 5일 10시,월요일,충청북도 충주시 목행동,중상사고,0,1,0,0,차대차 - 측면충돌,안전거리미확보,건조,맑음,단일로 - 기타,승용,여,21세,상해없음,원동기,남,83세,중상
2016090500100180,2016년 9월 5일 10시,월요일,충청북도 청주시 서원구 모충동,중상사고,0,2,0,0,차대차 - 정면충돌,차로위반,건조,맑음,교차로 - 교차로부근,자전거,남,75세,중상,원동기,남,70세,중상
2016090500100234,2016년 9월 5일 12시,월요일,충청북도 청주시 서원구 사직동,경상사고,0,0,2,0,차대차 - 측면충돌,안전운전불이행,건조,맑음,교차로 - 교차로부근,화물,남,57세,상해없음,승용,여,59세,경상
2016090500100235,2016년 9월 5일 12시,월요일,충청북도 음성군 감곡면,중상사고,0,1,0,0,차대차 - 측면충돌,교차로운행방법위반,건조,맑음,교차로 - 교차로안,이륜,남,65세,중상,승용,남,28세,상해없음