사고번호,사고일시,요일,시군구,사고내용,사망자수,중상자수,경상자수,부상신고자수,사고유형,법규위반,노면상태,기상상태,도로형태,가해운전자 차종,가해운전자 성별,가해운전자 연령,가해운전자 상해정도,피해운전자 차종,피해운전자 성별,피해운전자 연령,피해운전자 상해정도
2016090500100398,2016년 9월 5일 17시,월요일,충청북도 영동군 영동읍,사망사고,1,1,0,0,차대차 - 정면충돌,중앙선침범,건조,맑음,단일로 - 기타,화물,남,57세,사망,건설기계,남,50세,중상
2016090500100399,2016년 9월 5일 17시,월요일,충청북도 청주시 서원구 분평동,경상사고,0,0,1,0,차대차 - 측면충돌,안전운전불이행,건조,맑음,단일로 - 기타,승용,여,46세,상해없음,자전거,남,12세,경상
2016090500100445,2016년 9월 5일 18시,월요일,충청북도 청주시 서원구 사창동,경상사고,0,0,3,0,차대차 - 측면직각충돌,안전운전불이행,건조,맑음,교차로 - 교차로안,승용,남,45세,경상,승용,남,27세,경상
2016090500100446,2016년 9월 5일 18시,월요일,충청북도 단양군 영춘면,경상사고,0,0,1,0,차대차 - 측면직각충돌,안전운전불이행,건조,맑음,교차로 - 교차로안,승합,남,49세,상해없음,농기계,남,78세,경상
2016090500100447,2016년 9월 5일 18시,월요일,충청북도 청주시 흥덕구 향정동,경상사고,0,0,3,0,차대차 - 정면충돌,안전운전불이행,건조,맑음,단일로 - 기타,승용,남,40세,경상,화물,남,60세,경상
2016090500100589,2016년 9월 5일 22시,월요일,충청북도 충주시 칠금동,경상사고,0,0,2,0,차대차 - 측면충돌,신호위반,건조,맑음,교차로 - 교차로안,승용,남,26세,상해없음,승용,여,43세,경상
2016090500100590,2016년 9월 5일 22시,월요일,충청북도 청주시 흥덕구 봉명동,중상사고,0,1,0,0,차대차 - 측면직각충돌,안전거리미확보,건조,맑음,단일로 - 기타,승용,남,26세,상해없음,이륜,남,16세,중상
2016090600100026,2016년 9월 6일 01시,화요일,충청북도 보은군 보은읍,중상사고,0,3,1,0,차대차 - 측면충돌,안전운전불이행,건조,맑음,교차로 - 교차로안,화물,남,47세,중상,승용,남,26세,경상
2016090600100059,2016년 9월 6일 04시,화요일,충청북도 청주시 청원구 내수읍,중상사고,0,1,0,0,차대차 - 추돌,안전운전불이행,건조,맑음,단일로 - 기타,승용,남,29세,상해없음,화물,남,48세,중상
2016090600100097,2016년 9월 6일 07시,화요일,충청북도 청주시 서원구 개신동,중상사고,0,1,0,0,차대사람 - 횡단중,보행자보호의무위반,건조,맑음,교차로 - 교차로부근,승용,남,62세,상해없음,보행자,여,68세,중상
2016090600100098,2016년 9월 6일 07시,화요일,충청북도 청주시 흥덕구 송정동,경상사고,0,0,1,0,차대차 - 기타,안전운전불이행,건조,맑음,교차로 - 교차로부근,승용,남,36세,상해없음,자전거,남,55세,경상
2016090600100099,2016년 9월 6일 07시,화요일,충청북도 청주시 상당구 탑동,경상사고,0,0,1,0,차대차 - 정면충돌,안전운전불이행,건조,맑음,단일로 - 기타,승용,남,32세,상해없음,승용,남,71세,경상
2016090600100128,2016년 9월 6일 08시,화요일,충청북도 청주시 흥덕구 봉명동,경상사고,0,0,1,0,차대차 - 측면직각충돌,과속,건조,맑음,단일로 - 기타,승용,남,25세,상해없음,승용,여,28세,경상
2016090600100178,2016년 9월 6일 10시,화요일,충청북도 제천시 영천동,경상사고,0,0,2,1,차대차 - 추돌,안전거리미확보,건조,맑음,교차로 - 교차로부근,승합,남,62세,경상,승용,남,58세,부상신고
2016090600100179,2016년 9월 6일 10시,화요일,충청북도 청주시 흥덕구 가경동,경상사고,0,0,1,0,차대차 - 기타,안전운전불이행,건조,맑음,교차로 - 교차로부근,승용,여,47세,상해없음,승합,남,44세,경상
2016090600100202,2016년 9월 6일 11시,화요일,충청북도 청주시 청원구 북이면,경상사고,0,0,1,0,차대차 - 측면충돌,안전운전불이행,건조,맑음,단일로 - 기타,승용,여,44세,상해없음,승용,남,65세,경상
2016090600100203,2016년 9월 6일 11시,화요일,충청북도 청주시 흥덕구 가경동,사망사고,1,0,0,0,차대사람 - 기타,불법유턴,건조,맑음,단일로 - 기타,화물,남,38세,상해없음,보행자,여,83세,사망
2016090600100259,2016년 9월 6일 13시,화요일,충청북도 충주시 수안보면,중상사고,0,1,0,1,차대차 - 측면직각충돌,신호위반,건조,맑음,교차로 - 교차로안,승용,남,47세,부상신고,화물,남,49세,중상
2016090600100260,2016년 9월 6일 13시,화요일,충청북도 충주시 주덕읍,경상사고,0,0,1,0,차대사람 - 횡단중,안전운전불이행,건조,맑음,교차로 - 교차로부근,화물,남,40세,상해없음,보행자,남,46세,경상
2016090600100261,2016년 9월 6일 13시,화요일,충청북도 보은군 마로면,경상사고,0,0,3,0,차대차 - 정면충돌,안전운전불이행,건조,맑음,단일로 - 기타,승용,남,74세,상해없음,승용,남,39세,경상
2016090600100321,2016년 9월 6일 15시,화요일,충청북도 청주시 청원구 오창읍,경상사고,0,0,5,0,차대차 - 정면충돌,중앙선침범,건조,맑음,교차로 - 교차로부근,승용,남,59세,상해없음,승용,남,64세,경상
2016090600100322,2016년 9월 6일 15시,화요일,충청북도 음성군 삼성면,경상사고,0,0,1,0,차대차 - 정면충돌,안전운전불이행,건조,맑음,기타 - 기타,승용,남,58세,상해없음,승합,여,57세,경상
2016090600100323,2016년 9월 6일 15시,화요일,충청북도 청주시 흥덕구 복대동,중상사고,0,1,0,0,차대사람 - 기타,보행자보호의무위반,건조,맑음,단일로 - 기타,승용,남,49세,상해없음,보행자,남,53세,중상
2016090600100354,2016년 9월 6일 16시,화요일,충청북도 청주시 서원구 수곡동,경상사고,0,0,1,0,차대사람 - 횡단중,신호위반,건조,맑음,교차로 - 교차로안,이륜,남,19세,상해없음,보행자,여,11세,경상
2016090600100386,2016년 9월 6일 17시,화요일,충청북도 영동군 양강면,경상사고,0,0,1,0,차대차 - 기타,안전거리미확보,건조,맑음,단일로 - 기타,승용,여,49세,상해없음,승용,여,39세,경상
2016090600100422,2016년 9월 6일 18시,화요일,충청북도 진천군 문백면,경상사고,0,0,1,0,차대차 - 기타,안전운전불이행,건조,맑음,교차로 - 교차로부근,승용,여,30세,상해없음,이륜,남,55세,경상
2016090600100423,2016년 9월 6일 18시,화요일,충청북도 청주시 흥덕구 송절동,경상사고,0,0,1,0,차대차 - 측면충돌,교차로운행방법위반,건조,맑음,교차로 - 교차로안,승용,남,57세,상해없음,승용,여,46세,경상
2016090600100457,2016년 9월 6일 19시,화요일,충청북도 청주시 상당구 영동,경상사고,0,0,1,0,차대차 - 기타,안전운전불이행,건조,맑음,교차로 - 교차로부근,자전거,남,16세,경상,승용,남,32세,상해없음
2016090600100458,2016년 9월 6일 19시,화요일,충청북도 충주시 문화동,중상사고,0,1,1,0,차대차 - 측면충돌,신호위반,건조,맑음,교차로 - 교차로안,승용,남,29세,상해없음,이륜,남,17세,중상
2016090600100459,2016년 9월 6일 19시,화요일,충청북도 충주시 연수동,경상사고,0,0,1,0,차대차 - 측면직각충돌,안전운전불이행,건조,맑음,단일로 - 기타,승용,남,33세,상해없음,승용,여,26세,경상
2016090600100460,2016년 9월 6일 19시,화요일,충청북도 청주시 흥덕구 복대동,경상사고,0,0,2,0,차대차 - 추돌,안전운전불이행,건조,맑음,교차로 - 교차로부근,승용,남,28세,상해없음,승용,남,53세,경상
2016090600100516,2016년 9월 6일 21시,화요일,충청북도 청주시 서원구 산남동,중상사고,0,1,0,0,차대차 - 측면충돌,안전운전불이행,건조,맑음,교차로 - 교차로안,승용,여,47세,상해없음,이륜,남,25세,중상
2016090700100024,2016년 9월 7일 01시,수요일,충청북도 충주시 용산동,경상사고,0,0,2,0,차대차 - 정면충돌,안전운전불이행,건조,맑음,교차로 - 교차로부근,승용,남,26세,상해없음,승용,남,42세,경상
2016090700100062,2016년 9월 7일 06시,수요일,충청북도 청주시 상당구 금천동,중상사고,0,1,0,0,차대차 - 측면충돌,안전운전불이행,건조,맑음,교차로 - 교차로부근,승용,여,36세,상해없음,승용,여,58세,중상
2016090700100109,2016년 9월 7일 08시,수요일,충청북도 충주시 금릉동,중상사고,0,1,0,0,차대차 - 측면충돌,직진우회전진행방해,건조,맑음,교차로 - 교차로안,승용,여,51세,상해없음,이륜,남,63세,중상
2016090700100152,2016년 9월 7일 09시,수요일,충청북도 청주시 상당구 미원면,중상사고,0,1,0,0,차량단독 - 전도전복,안전운전불이행,건조,맑음,단일로 - 기타,자전거,여,62세,중상,,,,
2016090700100201,2016년 9월 7일 11시,수요일,충청북도 청주시 청원구 내덕동,중상사고,0,1,0,0,차대사람 - 횡단중,보행자보호의무위반,건조,맑음,단일로 - 횡단보도상,화물,남,54세,상해없음,보행자,여,49세,중상
2016090700100202,2016년 9월 7일 11시,수요일,충청북도 보은군 마로면,중상사고,0,2,1,0,차대차 - 측면충돌,교차로운행방법위반,건조,맑음,교차로 - 교차로안,승용,남,80세,상해없음,승합,남,71세,경상
2016090700100203,2016년 9월 7일 11시,수요일,충청북도 진천군 진천읍,경상사고,0,0,2,0,차대차 - 측면충돌,교차로운행방법위반,건조,맑음,교차로 - 교차로안,승용,여,56세,상해없음,이륜,남,76세,경상
2016090700100234,2016년 9월 7일 12시,수요일,충청북도 청주시 서원구 사창동,경상사고,0,0,1,0,차대사람 - 횡단중,안전운전불이행,건조,맑음,단일로 - 기타,승용,남,79세,상해없음,보행자,남,45세,경상
2016090700100235,2016년 9월 7일 12시,수요일,충청북도 제천시 화산동,중상사고,0,1,0,0,차대차 - 측면직각충돌,안전운전불이행,건조,맑음,단일로 - 기타,화물,남,22세,상해없음,승용,남,73세,상해없음
2016090700100291,2016년 9월 7일 14시,수요일,충청북도 음성군 음성읍,중상사고,0,1,0,0,차대차 - 정면충돌,안전운전불이행,건조,맑음,교차로 - 교차로안,화물,남,34세,상해없음,화물,남,65세,중상
2016090700100321,2016년 9월 7일 15시,수요일,충청북도 청주시 청원구 우암동,경상사고,0,0,3,0,차대차 - 추돌,안전운전불이행,건조,맑음,교차로 - 교차로안,승용,남,55세,상해없음,승용,여,24세,경상
2016090700100322,2016년 9월 7일 15시,수요일,충청북도 청주시 흥덕구 운천동,경상사고,0,0,1,0,차대차 - 기타,중앙선침범,건조,맑음,교차로 - 교차로안,자전거,남,13세,경상,승용,남,25세,상해없음
2016090700100323,2016년 9월 7일 15시,수요일,충청북도 청주시 서원구 분평동,경상사고,0,0,1,0,차대차 - 측면충돌,안전운전불이행,건조,맑음,단일로 - 기타,승합,남,68세,상해없음,승용,여,43세,경상
2016090700100361,2016년 9월 7일 16시,수요일,충청북도 청주시 청원구 주성동,중상사고,0,1,0,0,차량단독 - 기타,안전운전불이행,건조,맑음,단일로 - 기타,승합,남,43세,상해없음,,,,
2016090700100362,2016년 9월 7일 16시,수요일,충청북도 증평군 증평읍,중상사고,0,1,2,0,차대차 - 추돌,안전운전불이행,건조,맑음,교차로 - 교차로부근,승용,여,48세,상해없음,승용,여,36세,경상
2016090700100391,2016년 9월 7일 17시,수요일,충청북도 진천군 진천읍,중상사고,0,1,0,0,차대차 - 기타,직진우회전진행방해,건조,맑음,교차로 - 교차로안,화물,여,53세,상해없음,승용,남,33세,중상
2016090700100523,2016년 9월 7일 20시,수요일,충청북도 청주시 흥덕구 옥산면,경상사고,0,0,1,0,차대차 - 측면직각충돌,안전운전불이행,건조,맑음,교차로 - 교차로부근,승용,남,43세,상해없음,승용,남,55세,경상
2016090700100556,2016년 9월 7일 21시,수요일,충청북도 청주시 상당구 용암동,중상사고,0,2,0,0,차대사람 - 횡단중,신호위반,건조,맑음,단일로 - 횡단보도상,원동기,남,29세,상해없음,보행자,여,45세,중상
2016090700100580,2016년 9월 7일 22시,수요일,충청북도 청주시 서원구 사직동,중상사고,0,1,1,0,차대차 - 측면충돌,안전운전불이행,건조,맑음,단일로 - 기타,화물,남,56세,상해없음,승용,남,40세,경상
2016090700100581,2016년 9월 7일 22시,수요일,충청북도 청주시 서원구 개신동,경상사고,0,0,2,0,차대차 - 추돌,안전운전불이행,건조,맑음,단일로 - 기타,승용,남,26세,상해없음,승용,남,30세,경상
2016090700100582,2016년 9월 7일 22시,수요일,충청북도 제천시 청전동,중상사고,0,1,2,0,차대차 - 추돌,안전운전불이행,건조,흐림,교차로 - 교차로부근,승용,남,53세,경상,승용,여,60세,경상
2016090700100597,2016년 9월 7일 23시,수요일,충청북도 충주시 동량면,부상신고사고,0,0,0,1,차량단독 - 전도전복,안전운전불이행,건조,맑음,단일로 - 기타,원동기,남,18세,부상신고,,,,
2016090700100598,2016년 9월 7일 23시,수요일,충청북도 제천시 교동,경상사고,0,0,1,0,차대차 - 추돌,신호위반,건조,흐림,교차로 - 교차로안,승용,남,24세,상해없음,승용,여,37세,경상
2016090800100046,2016년 9월 8일 04시,목요일,충청북도 충주시 엄정면,중상사고,0,1,0,1,차대차 - 기타,안전운전불이행,건조,맑음,단일로 - 기타,승용,남,16세,부상신고,화물,남,56세,상해없음
2016090800100082,2016년 9월 8일 06시,목요일,충청북도 청주시 흥덕구 오송읍,중상사고,0,1,0,0,차대사람 - 횡단중,안전운전불이행,건조,맑음,단일로 - 기타,승용,남,48세,상해없음,보행자,여,78세,중상
2016090800100096,2016년 9월 8일 07시,목요일,충청북도 진천군 문백면,중상사고,0,1,0,0,차대사람 - 기타,안전운전불이행,건조,맑음,단일로 - 기타,승용,남,60세,상해없음,보행자,남,78세,중상
2016090800100136,2016년 9월 8일 08시,목요일,충청북도 청주시 청원구 율량동,중상사고,0,1,2,1,차대차 - 측면직각충돌,안전운전불이행,건조,맑음,단일로 - 기타,승용,남,24세,경상,승용,남,40세,중상
2016090800100137,2016년 9월 8일 08시,목요일,충청북도 청주시 서원구 개신동,경상사고,0,0,1,0,차대차 - 측면충돌,안전운전불이행,건조,맑음,교차로 - 교차로안,승용,남,58세,상해없음,승용,여,69세,경상
2016090800100138,2016년 9월 8일 08시,목요일,충청북도 청주시 흥덕구 옥산면,경상사고,0,0,1,0,차대차 - 정면충돌,안전운전불이행,건조,맑음,단일로 - 기타,특수,남,56세,상해없음,승용,여,36세,경상
2016090800100180,2016년 9월 8일 09시,목요일,충청북도 청주시 흥덕구 복대동,경상사고,0,0,1,0,차대차 - 추돌,안전운전불이행,건조,맑음,교차로 - 교차로안,승용,남,39세,상해없음,화물,남,60세,경상
2016090800100216,2016년 9월 8일 10시,목요일,충청북도 충주시 교현동,경상사고,0,0,1,0,차대차 - 정면충돌,안전운전불이행,건조,맑음,단일로 - 기타,승용,여,42세,상해없음,승용,남,36세,경상
2016090800100217,2016년 9월 8일 10시,목요일,충청북도 청주시 서원구 남이면,중상사고,0,1,1,0,차대차 - 정면충돌,안전거리미확보,건조,맑음,교차로 - 교차로안,승용,남,44세,경상,승용,남,37세,중상
2016090800100298,2016년 9월 8일 12시,목요일,충청북도 제천시 서부동,경상사고,0,0,2,0,차대차 - 추돌,안전운전불이행,건조,맑음,교차로 - 교차로부근,이륜,남,69세,상해없음,승용,여,38세,경상
2016090800100299,2016년 9월 8일 12시,목요일,충청북도 청주시 흥덕구 오송읍,경상사고,0,0,1,0,차대차 - 기타,교차로운행방법위반,건조,맑음,교차로 - 교차로안,승용,남,59세,상해없음,승용,남,47세,경상
2016090800100300,2016년 9월 8일 12시,목요일,충청북도 청주시 상당구 서운동,경상사고,0,0,1,0,차대사람 - 기타,안전운전불이행,건조,맑음,단일로 - 기타,승합,남,55세,상해없음,보행자,여,62세,경상
2016090800100334,2016년 9월 8일 13시,목요일,충청북도 충주시 교현동,중상사고,0,1,1,0,차대차 - 정면충돌,안전운전불이행,건조,맑음,교차로 - 교차로부근,승용,남,46세,상해없음,승용,남,22세,중상
2016090800100335,2016년 9월 8일 13시,목요일,충청북도 음성군 금왕읍,중상사고,0,1,0,0,차대사람 - 횡단중,안전운전불이행,건조,맑음,단일로 - 기타,화물,남,42세,상해없음,보행자,여,77세,중상
2016090800100434,2016년 9월 8일 16시,목요일,충청북도 청주시 흥덕구 오송읍,경상사고,0,0,1,0,차대차 - 추돌,신호위반,건조,맑음,교차로 - 교차로안,승용,남,53세,상해없음,화물,남,34세,경상
2016090800100435,2016년 9월 8일 16시,목요일,충청북도 청주시 상당구 석교동,경상사고,0,0,1,0,차대사람 - 기타,안전운전불이행,건조,맑음,교차로 - 교차로부근,기타불명,여,74세,상해없음,보행자,여,38세,경상
2016090800100473,2016년 9월 8일 17시,목요일,충청북도 청주시 서원구 현도면,사망사고,1,0,0,0,차량단독 - 전도전복,안전운전불이행,건조,맑음,단일로 - 기타,자전거,남,50세,사망,,,,
2016090800100474,2016년 9월 8일 17시,목요일,충청북도 청주시 서원구 수곡동,경상사고,0,0,2,0,차대차 - 정면충돌,안전운전불이행,건조,맑음,교차로 - 교차로안,승용,남,69세,상해없음,이륜,남,59세,경상
2016090800100475,2016년 9월 8일 17시,목요일,충청북도 청주시 상당구 용담동,경상사고,0,0,2,0,차대차 - 정면충돌,안전운전불이행,건조,맑음,단일로 - 기타,승용,남,36세,상해없음,승용,남,64세,경상
2016090800100513,2016년 9월 8일 18시,목요일,충청북도 보은군 탄부면,경상사고,0,0,2,0,차대차 - 기타,교차로운행방법위반,건조,맑음,교차로 - 교차로부근,승용,남,74세,상해없음,화물,남,60세,경상
2016090800100514,2016년 9월 8일 18시,목요일,충청북도 옥천군 동이면,부상신고사고,0,0,0,3,차대차 - 추돌,안전운전불이행,건조,맑음,단일로 - 기타,화물,남,57세,상해없음,화물,남,63세,부상신고
2016090800100515,2016년 9월 8일 18시,목요일,충청북도 청주시 흥덕구 석소동,중상사고,0,1,0,0,차대차 - 기타,안전운전불이행,건조,맑음,단일로 - 기타,승용,남,42세,상해없음,원동기,남,58세,중상
2016090800100516,2016년 9월 8일 18시,목요일,충청북도 청주시 서원구 남이면,경상사고,0,0,1,0,차대차 - 추돌,안전운전불이행,건조,맑음,교차로 - 교차로부근,승용,여,37세,상해없음,화물,남,34세,경상
2016090800100611,2016년 9월 8일 20시,목요일,충청북도 제천시 영천동,경상사고,0,0,3,0,차대차 - 측면충돌,신호위반,건조,맑음,교차로 - 교차로안,승합,남,54세,경상,승용,남,47세,경상
2016090800100612,2016년 9월 8일 20시,목요일,충청북도 증평군 증평읍,부상신고사고,0,0,0,1,차대차 - 측면충돌,안전운전불이행,건조,맑음,교차로 - 교차로안,이륜,남,17세,부상신고,이륜,남,23세,상해없음
2016090800100613,2016년 9월 8일 20시,목요일,충청북도 청주시 상당구 용암동,경상사고,0,0,1,0,차대차 - 측면충돌,신호위반,건조,맑음,교차로 - 교차로부근,승용,남,63세,상해없음,이륜,남,16세,경상
2016090800100680,2016년 9월 8일 22시,목요일,충청북도 청주시 서원구 성화동,경상사고,0,0,1,0,차대차 - 측면충돌,교차로운행방법위반,건조,맑음,교차로 - 교차로안,승용,남,28세,상해없음,이륜,남,28세,경상
2016090800100718,2016년 9월 8일 23시,목요일,충청북도 청주시 흥덕구 강서동,중상사고,0,1,4,0,차대차 - 측면직각충돌,안전운전불이행,건조,맑음,단일로 - 기타,승용,남,55세,상해없음,승용,남,25세,경상
2016090800100719,2016년 9월 8일 23시,목요일,충청북도 청주시 상당구 용암동,중상사고,0,2,0,0,차대차 - 정면충돌,신호위반,건조,맑음,단일로 - 기타,이륜,남,18세,중상,승용,남,24세,상해없음
2016090900100009,2016년 9월 9일 00시,금요일,충청북도 청주시 서원구 현도면,중상사고,0,1,2,0,차량단독 - 도로외이탈 - 기타,안전운전불이행,건조,맑음,단일로 - 기타,승용,여,24세,상해없음,,,,
2016090900100050,2016년 9월 9일 03시,금요일,충청북도 청주시 상당구 명암동,사망사고,1,0,0,0,차량단독 - 기타,안전운전불이행,건조,맑음,단일로 - 기타,승용,남,25세,사망,,,,
2016090900100133,2016년 9월 9일 08시,금요일,충청북도 청주시 청원구 외평동,경상사고,0,0,1,0,차대차 - 측면충돌,안전거리미확보,건조,맑음,단일로 - 기타,승용,남,59세,상해없음,승용,남,31세,경상
2016090900100134,2016년 9월 9일 08시,금요일,충청북도 청주시 청원구 오창읍,경상사고,0,0,2,0,차대차 - 기타,안전운전불이행,건조,맑음,단일로 - 기타,승용,남,26세,경상,화물,남,45세,경상
2016090900100167,2016년 9월 9일 09시,금요일,충청북도 청주시 상당구 금천동,경상사고,0,0,1,0,차대차 - 측면충돌,안전운전불이행,건조,맑음,교차로 - 교차로부근,승용,여,50세,상해없음,이륜,남,42세,경상
2016090900100168,2016년 9월 9일 09시,금요일,충청북도 청주시 상당구 용담동,경상사고,0,0,1,0,차대사람 - 기타,기타,건조,맑음,단일로 - 기타,승합,남,61세,상해없음,보행자,여,71세,경상
2016090900100231,2016년 9월 9일 11시,금요일,충청북도 음성군 대소면,경상사고,0,0,1,0,차대차 - 측면충돌,교차로운행방법위반,건조,맑음,교차로 - 교차로안,승용,남,34세,상해없음,이륜,남,74세,경상
2016090900100232,2016년 9월 9일 11시,금요일,충청북도 청주시 흥덕구 운천동,경상사고,0,0,2,0,차대차 - 정면충돌,안전운전불이행,건조,맑음,교차로 - 교차로부근,승용,남,58세,상해없음,승합,남,36세,경상
2016090900100289,2016년 9월 9일 13시,금요일,충청북도 청주시 청원구 오창읍,중상사고,0,1,0,0,차대사람 - 횡단중,안전운전불이행,건조,맑음,단일로 - 기타,승용,여,30세,상해없음,보행자,남,88세,중상
2016090900100290,2016년 9월 9일 13시,금요일,충청북도 음성군 음성읍,중상사고,0,1,0,0,차대차 - 기타,안전운전불이행,건조,맑음,단일로 - 기타,화물,남,41세,상해없음,이륜,남,71세,중상
2016090900100368,2016년 9월 9일 15시,금요일,충청북도 제천시 화산동,경상사고,0,0,2,0,차대차 - 측면충돌,안전운전불이행,건조,맑음,교차로 - 교차로부근,화물,남,67세,상해없음,승용,여,66세,경상
2016090900100369,2016년 9월 9일 15시,금요일,충청북도 괴산군 문광면,경상사고,0,0,1,0,차대차 - 추돌,안전운전불이행,건조,맑음,단일로 - 터널,승용,남,25세,상해없음,화물,남,44세,경상
2016090900100370,2016년 9월 9일 15시,금요일,충청북도 보은군 수한면,중상사고,0,3,0,0,차대차 - 측면직각충돌,교차로운행방법위반,건조,맑음,교차로 - 교차로안,건설기계,남,49세,중상,화물,남,72세,중상
2016090900100463,2016년 9월 9일 17시,금요일,충청북도 청주시 청원구 북이면,중상사고,0,1,0,0,차대차 - 측면충돌,안전거리미확보,건조,맑음,교차로 - 교차로부근,자전거,남,58세,중상,승합,남,45세,상해없음
2016090900100464,2016년 9월 9일 17시,금요일,충청북도 충주시 노은면,사망사고,1,0,0,1,차대차 - 추돌,중앙선침범,건조,맑음,단일로 - 기타,화물,남,32세,사망,건설기계,남,44세,부상신고
2016090900100465,2016년 9월 9일 17시,금요일,충청북도 영동군 상촌면,중상사고,0,1,0,0,차량단독 - 기타,안전운전불이행,건조,맑음,단일로 - 기타,농기계,남,73세,중상,,,,
2016090900100466,2016년 9월 9일 17시,금요일,충청북도 음성군 대소면,중상사고,0,1,1,0,차대차 - 정면충돌,중앙선침범,건조,맑음,단일로 - 기타,화물,남,41세,중상,화물,남,50세,경상
2016090900100467,2016년 9월 9일 17시,금요일,충청북도 청주시 흥덕구 복대동,경상사고,0,0,1,0,차대사람 - 기타,안전운전불이행,건조,맑음,단일로 - 기타,승용,남,47세,상해없음,보행자,여,78세,경상
2016090900100468,2016년 9월 9일 17시,금요일,충청북도 청주시 흥덕구 가경동,중상사고,0,1,1,0,차대사람 - 횡단중,안전운전불이행,건조,맑음,교차로 - 교차로부근,승용,여,41세,상해없음,보행자,여,7세,중상
2016090900100469,2016년 9월 9일 17시,금요일,충청북도 청주시 흥덕구 향정동,경상사고,0,0,2,0,차대차 - 측면직각충돌,안전운전불이행,건조,맑음,교차로 - 교차로안,승용,여,36세,경상,승용,남,58세,경상
2016090900100470,2016년 9월 9일 17시,금요일,충청북도 청주시 상당구 미원면,중상사고,0,1,1,0,차대차 - 측면충돌,중앙선침범,건조,맑음,단일로 - 기타,승용,남,55세,상해없음,승용,여,49세,중상
2016090900100471,2016년 9월 9일 17시,금요일,충청북도 청주시 상당구 용암동,경상사고,0,0,1,0,차대차 - 정면충돌,교차로운행방법위반,건조,맑음,교차로 - 교차로안,승용,여,56세,상해없음,이륜,남,62세,경상
2016090900100516,2016년 9월 9일 18시,금요일,충청북도 충주시 연수동,경상사고,0,0,1,1,차대차 - 측면충돌,직진우회전진행방해,건조,맑음,교차로 - 교차로안,승용,여,53세,부상신고,화물,남,48세,상해없음
2016090900100576,2016년 9월 9일 19시,금요일,충청북도 제천시 청전동,중상사고,0,1,1,1,차대차 - 측면충돌,직진우회전진행방해,건조,흐림,교차로 - 교차로안,승용,남,48세,경상,승용,여,48세,부상신고
2016090900100577,2016년 9월 9일 19시,금요일,충청북도 제천시 중앙로2가,경상사고,0,0,1,0,차대차 - 정면충돌,안전운전불이행,건조,맑음,기타 - 기타,화물,남,50세,상해없음,원동기,남,26세,경상
2016090900100578,2016년 9월 9일 19시,금요일,충청북도 청주시 상당구 금천동,경상사고,0,0,1,0,차대차 - 측면충돌,안전운전불이행,건조,맑음,단일로 - 기타,이륜,남,26세,경상,승용,남,64세,상해없음
2016090900100678,2016년 9월 9일 21시,금요일,충청북도 진천군 덕산면,중상사고,0,1,0,0,차량단독 - 공작물충돌,안전운전불이행,건조,맑음,단일로 - 기타,승용,남,32세,중상,,,,
2016090900100706,2016년 9월 9일 22시,금요일,충청북도 청주시 흥덕구 가경동,경상사고,0,0,1,0,차대차 - 기타,교차로운행방법위반,건조,맑음,교차로 - 교차로안,승용,남,36세,상해없음,자전거,여,43세,경상
2016090900100743,2016년 9월 9일 23시,금요일,충청북도 청주시 흥덕구 복대동,경상사고,0,0,1,0,차대차 - 정면충돌,안전운전불이행,건조,맑음,단일로 - 기타,승용,남,64세,상해없음,이륜,남,31세,경상
2016090900100744,2016년 9월 9일 23시,금요일,충청북도 청주시 흥덕구 복대동,경상사고,0,0,1,0,차대사람 - 횡단중,안전운전불이행,건조,맑음,단일로 - 기타,승용,남,22세,상해없음,보행자,남,26세,경상
2016090900100745,2016년 9월 9일 23시,금요일,충청북도 청주시 서원구 미평동,경상사고,0,0,1,0,차대차 - 측면충돌,중앙선침범,건조,맑음,단일로 - 기타,자전거,여,64세,경상,승용,여,64세,상해없음
2016091000100032,2016년 9월 10일 01시,토요일,충청북도 청주시 청원구 오창읍,경상사고,0,0,2,0,차대차 - 측면충돌,신호위반,건조,맑음,교차로 - 교차로안,승용,남,17세,상해없음,승용,남,19세,경상
2016091000100033,2016년 9월 10일 01시,토요일,충청북도 청주시 흥덕구 복대동,부상신고사고,0,0,0,1,차대차 - 측면직각충돌,안전운전불이행,건조,맑음,교차로 - 교차로부근,이륜,남,17세,상해없음,이륜,남,16세,상해없음
2016091000100058,2016년 9월 10일 03시,토요일,충청북도 충주시 봉방동,중상사고,0,1,0,0,차대차 - 측면충돌,안전운전불이행,건조,맑음,단일로 - 기타,승용,남,39세,상해없음,자전거,여,61세,중상
2016091000100059,2016년 9월 10일 03시,토요일,충청북도 청주시 상당구 용담동,경상사고,0,0,2,0,차대차 - 측면충돌,중앙선침범,건조,맑음,단일로 - 횡단보도부근,승용,남,54세,상해없음,승용,남,34세,경상
2016091000100095,2016년 9월 10일 05시,토요일,충청북도 청주시 흥덕구 가경동,경상사고,0,0,1,0,차대차 - 측면직각충돌,신호위반,건조,맑음,교차로 - 교차로안,승용,남,29세,상해없음,승용,남,52세,경상
2016091000100200,2016년 9월 10일 10시,토요일,충청북도 충주시 교현동,경상사고,0,0,1,0,차대차 - 측면충돌,직진우회전진행방해,건조,맑음,교차로 - 교차로부근,승용,여,29세,상해없음,자전거,남,57세,경상
2016091000100226,2016년 9월 10일 11시,토요일,충청북도 옥천군 옥천읍,경상사고,0,0,1,0,차대차 - 측면직각충돌,교차로운행방법위반,건조,맑음,교차로 - 교차로안,승용,여,50세,상해없음,승용,여,47세,경상
2016091000100227,2016년 9월 10일 11시,토요일,충청북도 청주시 상당구 서운동,경상사고,0,0,2,0,차대차 - 측면충돌,안전운전불이행,건조,맑음,단일로 - 기타,승용,여,40세,상해없음,승용,남,48세,경상