사고번호,사고일시,요일,시군구,사고내용,사망자수,중상자수,경상자수,부상신고자수,사고유형,법규위반,노면상태,기상상태,도로형태,가해운전자 차종,가해운전자 성별,가해운전자 연령,가해운전자 상해정도,피해운전자 차종,피해운전자 성별,피해운전자 연령,피해운전자 상해정도
2016091000100264,2016년 9월 10일 12시,토요일,충청북도 제천시 송학면,경상사고,0,0,2,0,차대차 - 기타,기타,건조,맑음,기타 - 기타,승용,남,42세,경상,승용,남,51세,경상
2016091000100265,2016년 9월 10일 12시,토요일,충청북도 괴산군 괴산읍,경상사고,0,0,1,0,차대사람 - 횡단중,안전운전불이행,건조,맑음,교차로 - 교차로안,이륜,남,55세,상해없음,보행자,남,6세,경상
2016091000100266,2016년 9월 10일 12시,토요일,충청북도 청주시 흥덕구 오송읍,경상사고,0,0,1,0,차대사람 - 횡단중,안전운전불이행,건조,맑음,단일로 - 기타,화물,남,66세,상해없음,보행자,여,24세,경상
2016091000100301,2016년 9월 10일 13시,토요일,충청북도 음성군 삼성면,경상사고,0,0,2,0,차대차 - 추돌,안전거리미확보,건조,맑음,단일로 - 기타,승용,남,23세,상해없음,화물,남,64세,경상
2016091000100332,2016년 9월 10일 14시,토요일,충청북도 청주시 청원구 율량동,중상사고,0,1,0,0,차대사람 - 횡단중,안전운전불이행,건조,맑음,단일로 - 기타,승용,남,48세,상해없음,보행자,여,5세,중상
2016091000100333,2016년 9월 10일 14시,토요일,충청북도 충주시 성내동,경상사고,0,0,4,0,차대차 - 측면충돌,안전운전불이행,건조,맑음,단일로 - 기타,화물,남,54세,상해없음,승용,여,31세,경상
2016091000100368,2016년 9월 10일 15시,토요일,충청북도 진천군 진천읍,경상사고,0,0,3,0,차대사람 - 횡단중,보행자보호의무위반,건조,맑음,교차로 - 교차로부근,승용,남,68세,상해없음,보행자,남,10세,경상
2016091000100411,2016년 9월 10일 16시,토요일,충청북도 청주시 서원구 사직동,경상사고,0,0,1,0,차대차 - 정면충돌,안전운전불이행,건조,맑음,단일로 - 기타,승용,남,26세,상해없음,승용,여,30세,경상
2016091000100412,2016년 9월 10일 16시,토요일,충청북도 충주시 대소원면,경상사고,0,0,10,0,차대차 - 정면충돌,안전운전불이행,건조,맑음,교차로 - 교차로안,승용,남,64세,상해없음,승합,여,43세,경상
2016091000100455,2016년 9월 10일 17시,토요일,충청북도 청주시 청원구 율량동,중상사고,0,1,3,0,차대차 - 측면직각충돌,신호위반,건조,맑음,교차로 - 교차로안,승용,남,57세,경상,승용,남,40세,경상
2016091000100492,2016년 9월 10일 18시,토요일,충청북도 충주시 충의동,경상사고,0,0,1,0,차대사람 - 횡단중,안전운전불이행,건조,맑음,교차로 - 교차로부근,승용,남,80세,상해없음,보행자,여,45세,경상
2016091000100530,2016년 9월 10일 19시,토요일,충청북도 청주시 청원구 내수읍,중상사고,0,1,0,0,차대차 - 측면충돌,안전운전불이행,건조,맑음,교차로 - 교차로안,승합,남,32세,상해없음,자전거,여,63세,중상
2016091000100531,2016년 9월 10일 19시,토요일,충청북도 충주시 엄정면,중상사고,0,1,0,0,차대차 - 기타,안전운전불이행,건조,맑음,단일로 - 기타,승용,남,46세,상해없음,자전거,남,78세,중상
2016091000100629,2016년 9월 10일 22시,토요일,충청북도 청주시 상당구 탑동,중상사고,0,1,0,0,차대사람 - 기타,안전운전불이행,건조,맑음,단일로 - 기타,승용,남,55세,상해없음,보행자,남,55세,중상
2016091000100668,2016년 9월 10일 23시,토요일,충청북도 청주시 흥덕구 복대동,경상사고,0,0,1,0,차대차 - 정면충돌,안전거리미확보,건조,맑음,교차로 - 교차로부근,승용,남,63세,상해없음,승용,남,57세,경상
2016091100100013,2016년 9월 11일 00시,일요일,충청북도 청주시 서원구 수곡동,경상사고,0,0,1,0,차대차 - 측면충돌,교차로운행방법위반,건조,맑음,교차로 - 교차로안,승용,남,55세,상해없음,이륜,남,16세,경상
2016091100100039,2016년 9월 11일 02시,일요일,충청북도 충주시 중앙탑면,경상사고,0,0,1,0,차대차 - 측면충돌,안전운전불이행,건조,맑음,단일로 - 기타,승용,남,25세,상해없음,화물,남,62세,경상
2016091100100048,2016년 9월 11일 03시,일요일,충청북도 충주시 연수동,중상사고,0,1,0,0,차대차 - 측면충돌,안전운전불이행,건조,맑음,단일로 - 기타,승용,남,57세,상해없음,이륜,남,22세,중상
2016091100100049,2016년 9월 11일 03시,일요일,충청북도 청주시 흥덕구 복대동,경상사고,0,0,1,0,차대차 - 기타,안전운전불이행,건조,맑음,단일로 - 기타,승용,여,28세,상해없음,승용,여,36세,경상
2016091100100095,2016년 9월 11일 07시,일요일,충청북도 청주시 서원구 사창동,중상사고,0,1,0,0,차대차 - 측면직각충돌,기타,건조,맑음,교차로 - 교차로부근,이륜,남,48세,중상,기타불명,기타불명,기타불명,기타불명
2016091100100127,2016년 9월 11일 09시,일요일,충청북도 음성군 음성읍,경상사고,0,0,1,0,차량단독 - 전도전복,안전운전불이행,건조,맑음,단일로 - 기타,승용,남,43세,경상,,,,
2016091100100128,2016년 9월 11일 09시,일요일,충청북도 청주시 상당구 낭성면,경상사고,0,0,4,0,차대차 - 측면충돌,중앙선침범,건조,맑음,단일로 - 기타,승용,남,64세,상해없음,화물,남,44세,경상
2016091100100156,2016년 9월 11일 10시,일요일,충청북도 충주시 용탄동,경상사고,0,0,2,0,차대차 - 측면충돌,안전거리미확보,건조,맑음,단일로 - 기타,특수,남,43세,상해없음,승용,남,31세,경상
2016091100100175,2016년 9월 11일 11시,일요일,충청북도 청주시 서원구 남이면,경상사고,0,0,2,0,차대차 - 기타,안전운전불이행,건조,맑음,교차로 - 교차로부근,승용,여,48세,상해없음,승용,남,39세,경상
2016091100100195,2016년 9월 11일 12시,일요일,충청북도 청주시 청원구 사천동,경상사고,0,0,2,0,차대차 - 기타,교차로운행방법위반,건조,맑음,교차로 - 교차로안,승용,남,63세,상해없음,승용,여,46세,경상
2016091100100196,2016년 9월 11일 12시,일요일,충청북도 청주시 흥덕구 복대동,경상사고,0,0,1,0,차대차 - 정면충돌,교차로운행방법위반,건조,맑음,교차로 - 교차로안,승용,여,60세,상해없음,승용,남,63세,경상
2016091100100197,2016년 9월 11일 12시,일요일,충청북도 청주시 흥덕구 송정동,경상사고,0,0,3,1,차대차 - 정면충돌,안전운전불이행,건조,맑음,교차로 - 교차로부근,승용,남,34세,부상신고,승용,남,49세,경상
2016091100100198,2016년 9월 11일 12시,일요일,충청북도 청주시 서원구 미평동,경상사고,0,0,1,0,차대차 - 정면충돌,교차로운행방법위반,건조,맑음,교차로 - 교차로부근,승용,남,32세,상해없음,승합,남,44세,상해없음
2016091100100225,2016년 9월 11일 13시,일요일,충청북도 옥천군 동이면,중상사고,0,1,0,0,차대차 - 추돌,안전운전불이행,건조,맑음,단일로 - 기타,화물,남,59세,상해없음,승용,여,55세,상해없음
2016091100100226,2016년 9월 11일 13시,일요일,충청북도 청주시 서원구 수곡동,경상사고,0,0,1,0,차대차 - 정면충돌,안전운전불이행,건조,맑음,교차로 - 교차로부근,자전거,남,13세,경상,승용,남,22세,상해없음
2016091100100329,2016년 9월 11일 17시,일요일,충청북도 청주시 서원구 수곡동,경상사고,0,0,3,0,차대차 - 정면충돌,안전운전불이행,건조,맑음,단일로 - 기타,승용,남,64세,상해없음,승용,남,33세,경상
2016091100100413,2016년 9월 11일 20시,일요일,충청북도 청주시 청원구 오창읍,중상사고,0,1,0,0,차대차 - 측면직각충돌,중앙선침범,건조,맑음,교차로 - 교차로부근,승용,남,45세,상해없음,승용,여,29세,중상
2016091100100414,2016년 9월 11일 20시,일요일,충청북도 충주시 연수동,사망사고,1,0,0,0,차대사람 - 횡단중,안전운전불이행,건조,맑음,단일로 - 기타,승용,남,23세,상해없음,보행자,여,78세,사망
2016091100100449,2016년 9월 11일 21시,일요일,충청북도 청주시 청원구 율량동,경상사고,0,0,1,0,차대사람 - 횡단중,안전운전불이행,건조,맑음,단일로 - 기타,승용,여,49세,상해없음,보행자,여,40세,경상
2016091100100467,2016년 9월 11일 22시,일요일,충청북도 청주시 청원구 율량동,경상사고,0,0,1,0,차대차 - 기타,신호위반,건조,맑음,교차로 - 교차로안,기타불명,기타불명,기타불명,기타불명,승용,남,30세,상해없음
2016091100100481,2016년 9월 11일 23시,일요일,충청북도 청주시 흥덕구 송정동,중상사고,0,1,0,0,차대차 - 정면충돌,신호위반,건조,맑음,교차로 - 교차로안,승용,여,45세,상해없음,승용,여,33세,중상
2016091200100024,2016년 9월 12일 02시,월요일,충청북도 진천군 백곡면,경상사고,0,0,1,0,차대차 - 기타,안전운전불이행,건조,맑음,단일로 - 기타,승용,남,47세,상해없음,화물,남,49세,경상
2016091200100122,2016년 9월 12일 08시,월요일,충청북도 청주시 흥덕구 봉명동,경상사고,0,0,1,0,차대차 - 추돌,안전운전불이행,건조,맑음,단일로 - 기타,승용,여,51세,상해없음,승용,남,73세,경상
2016091200100191,2016년 9월 12일 10시,월요일,충청북도 청주시 서원구 개신동,경상사고,0,0,1,0,차대차 - 정면충돌,안전운전불이행,건조,맑음,단일로 - 기타,승합,여,31세,상해없음,승용,여,53세,경상
2016091200100192,2016년 9월 12일 10시,월요일,충청북도 청주시 흥덕구 강내면,경상사고,0,0,1,0,차대차 - 추돌,안전운전불이행,건조,맑음,단일로 - 기타,승용,남,24세,상해없음,이륜,남,68세,경상
2016091200100193,2016년 9월 12일 10시,월요일,충청북도 청주시 흥덕구 강내면,중상사고,0,1,1,1,차대차 - 정면충돌,중앙선침범,건조,맑음,교차로 - 교차로부근,승용,남,76세,부상신고,화물,남,47세,중상
2016091200100244,2016년 9월 12일 11시,월요일,충청북도 제천시 영천동,경상사고,0,0,1,0,차대사람 - 횡단중,중앙선침범,건조,맑음,단일로 - 기타,승용,여,35세,상해없음,보행자,남,56세,경상
2016091200100245,2016년 9월 12일 11시,월요일,충청북도 청주시 서원구 남이면,경상사고,0,0,1,0,차대차 - 기타,안전운전불이행,건조,맑음,단일로 - 기타,화물,남,47세,상해없음,화물,남,50세,경상
2016091200100246,2016년 9월 12일 11시,월요일,충청북도 청주시 서원구 분평동,경상사고,0,0,2,0,차대차 - 정면충돌,차로위반,건조,맑음,단일로 - 기타,승용,여,38세,상해없음,화물,남,29세,경상
2016091200100280,2016년 9월 12일 12시,월요일,충청북도 청주시 청원구 내수읍,경상사고,0,0,2,0,차대차 - 추돌,안전운전불이행,건조,맑음,교차로 - 교차로부근,승용,남,30세,상해없음,승용,남,46세,경상
2016091200100309,2016년 9월 12일 13시,월요일,충청북도 청주시 흥덕구 옥산면,경상사고,0,0,2,0,차대차 - 측면직각충돌,신호위반,건조,맑음,교차로 - 교차로안,화물,남,59세,상해없음,승용,여,35세,경상
2016091200100357,2016년 9월 12일 14시,월요일,충청북도 청주시 흥덕구 운천동,중상사고,0,1,0,0,차대차 - 측면직각충돌,안전운전불이행,건조,맑음,단일로 - 기타,이륜,남,52세,중상,승용,남,69세,상해없음
2016091200100358,2016년 9월 12일 14시,월요일,충청북도 청주시 청원구 율량동,경상사고,0,0,1,0,차대차 - 정면충돌,안전운전불이행,건조,맑음,교차로 - 교차로부근,자전거,남,76세,경상,승용,여,55세,상해없음
2016091200100359,2016년 9월 12일 14시,월요일,충청북도 제천시 명동,경상사고,0,0,1,0,차대사람 - 횡단중,보행자보호의무위반,건조,맑음,단일로 - 횡단보도상,승용,여,55세,상해없음,보행자,여,49세,경상
2016091200100360,2016년 9월 12일 14시,월요일,충청북도 청주시 서원구 분평동,경상사고,0,0,1,0,차대차 - 정면충돌,안전운전불이행,건조,맑음,교차로 - 교차로부근,승용,여,54세,상해없음,승용,여,31세,경상
2016091200100361,2016년 9월 12일 14시,월요일,충청북도 청주시 서원구 수곡동,경상사고,0,0,2,0,차대차 - 측면충돌,안전운전불이행,건조,맑음,교차로 - 교차로부근,승용,남,32세,경상,승용,남,48세,경상
2016091200100399,2016년 9월 12일 15시,월요일,충청북도 충주시 칠금동,경상사고,0,0,1,0,차대차 - 정면충돌,안전운전불이행,건조,맑음,교차로 - 교차로부근,승용,남,24세,상해없음,승용,남,43세,경상
2016091200100400,2016년 9월 12일 15시,월요일,충청북도 청주시 흥덕구 봉명동,부상신고사고,0,0,0,1,차대차 - 측면직각충돌,안전운전불이행,건조,맑음,교차로 - 교차로부근,승용,여,52세,부상신고,승용,여,62세,기타불명
2016091200100401,2016년 9월 12일 15시,월요일,충청북도 청주시 상당구 금천동,경상사고,0,0,2,0,차대차 - 측면충돌,안전운전불이행,건조,맑음,교차로 - 교차로안,승용,여,67세,상해없음,승용,여,34세,경상
2016091200100482,2016년 9월 12일 17시,월요일,충청북도 충주시 문화동,경상사고,0,0,1,0,차대차 - 측면충돌,안전운전불이행,건조,맑음,교차로 - 교차로부근,승합,남,45세,상해없음,승용,남,69세,상해없음
2016091200100483,2016년 9월 12일 17시,월요일,충청북도 증평군 증평읍,경상사고,0,0,1,0,차대차 - 측면직각충돌,중앙선침범,건조,맑음,단일로 - 기타,승용,여,35세,상해없음,이륜,여,40세,경상
2016091200100484,2016년 9월 12일 17시,월요일,충청북도 청주시 흥덕구 복대동,경상사고,0,0,1,0,차대사람 - 횡단중,안전운전불이행,건조,맑음,단일로 - 기타,승용,남,77세,상해없음,보행자,남,6세,경상
2016091200100485,2016년 9월 12일 17시,월요일,충청북도 청주시 서원구 남이면,중상사고,0,1,1,0,차대차 - 정면충돌,신호위반,건조,맑음,교차로 - 교차로안,승용,남,23세,경상,승용,여,48세,중상
2016091200100486,2016년 9월 12일 17시,월요일,충청북도 청주시 상당구 미원면,경상사고,0,0,1,0,차대차 - 정면충돌,안전운전불이행,건조,맑음,교차로 - 교차로안,승용,남,46세,상해없음,승용,남,26세,경상
2016091200100528,2016년 9월 12일 18시,월요일,충청북도 진천군 진천읍,경상사고,0,0,2,0,차대차 - 추돌,안전거리미확보,건조,맑음,교차로 - 교차로부근,화물,남,37세,상해없음,승합,남,54세,경상
2016091200100529,2016년 9월 12일 18시,월요일,충청북도 청주시 서원구 현도면,경상사고,0,0,1,0,차대차 - 기타,안전운전불이행,건조,맑음,단일로 - 기타,승용,남,39세,상해없음,승용,남,35세,경상
2016091200100574,2016년 9월 12일 19시,월요일,충청북도 충주시 칠금동,경상사고,0,0,1,0,차대차 - 정면충돌,안전운전불이행,건조,맑음,단일로 - 기타,승용,남,51세,상해없음,승용,여,44세,경상
2016091200100575,2016년 9월 12일 19시,월요일,충청북도 충주시 용산동,경상사고,0,0,2,0,차대차 - 정면충돌,안전운전불이행,건조,맑음,교차로 - 교차로안,화물,남,61세,상해없음,승용,여,41세,경상
2016091200100576,2016년 9월 12일 19시,월요일,충청북도 옥천군 이원면,사망사고,1,0,0,0,차대사람 - 차도통행중,안전운전불이행,건조,맑음,교차로 - 교차로부근,승용,남,38세,상해없음,보행자,남,23세,사망
2016091200100622,2016년 9월 12일 20시,월요일,충청북도 제천시 화산동,경상사고,0,0,2,0,차대차 - 추돌,안전운전불이행,건조,맑음,기타 - 기타,화물,남,60세,상해없음,승용,여,27세,경상
2016091200100623,2016년 9월 12일 20시,월요일,충청북도 증평군 증평읍,경상사고,0,0,1,0,차대사람 - 횡단중,안전운전불이행,건조,흐림,교차로 - 교차로부근,이륜,남,16세,상해없음,보행자,남,58세,경상
2016091200100624,2016년 9월 12일 20시,월요일,충청북도 음성군 금왕읍,경상사고,0,0,1,0,차대차 - 기타,교차로운행방법위반,건조,맑음,교차로 - 교차로안,승용,남,27세,상해없음,승용,남,70세,경상
2016091200100652,2016년 9월 12일 21시,월요일,충청북도 음성군 대소면,경상사고,0,0,1,0,차대차 - 추돌,교차로운행방법위반,건조,맑음,교차로 - 교차로안,승용,남,45세,상해없음,승용,남,24세,경상
2016091200100687,2016년 9월 12일 22시,월요일,충청북도 충주시 연수동,경상사고,0,0,1,0,차대차 - 측면충돌,안전운전불이행,건조,맑음,교차로 - 교차로안,승용,여,55세,상해없음,원동기,남,26세,경상
2016091200100688,2016년 9월 12일 22시,월요일,충청북도 청주시 흥덕구 복대동,경상사고,0,0,1,0,차대차 - 기타,안전운전불이행,건조,맑음,단일로 - 기타,승용,남,58세,상해없음,승용,남,43세,상해없음
2016091200100721,2016년 9월 12일 23시,월요일,충청북도 청주시 청원구 내수읍,사망사고,1,0,0,0,차대사람 - 횡단중,안전운전불이행,건조,맑음,교차로 - 교차로부근,승합,남,61세,상해없음,보행자,남,57세,사망
2016091200100722,2016년 9월 12일 23시,월요일,충청북도 제천시 청전동,경상사고,0,0,1,0,차대사람 - 횡단중,안전운전불이행,건조,맑음,교차로 - 교차로부근,승용,남,23세,상해없음,보행자,남,33세,경상
2016091200100723,2016년 9월 12일 23시,월요일,충청북도 청주시 흥덕구 복대동,경상사고,0,0,1,0,차대사람 - 횡단중,안전운전불이행,건조,맑음,단일로 - 기타,승용,남,32세,상해없음,보행자,남,46세,경상
2016091300100010,2016년 9월 13일 00시,화요일,충청북도 청주시 청원구 오동동,경상사고,0,0,2,0,차대차 - 추돌,안전운전불이행,건조,맑음,교차로 - 교차로부근,승용,남,34세,상해없음,승용,남,53세,경상
2016091300100011,2016년 9월 13일 00시,화요일,충청북도 충주시 칠금동,경상사고,0,0,1,0,차량단독 - 전도전복,안전운전불이행,건조,맑음,교차로 - 교차로부근,승용,여,35세,상해없음,,,,
2016091300100012,2016년 9월 13일 00시,화요일,충청북도 단양군 매포읍,경상사고,0,0,1,0,차대차 - 측면충돌,안전운전불이행,건조,맑음,교차로 - 교차로안,승용,남,44세,상해없음,승용,남,44세,경상
2016091300100043,2016년 9월 13일 03시,화요일,충청북도 청주시 흥덕구 비하동,중상사고,0,1,0,0,차대차 - 정면충돌,안전운전불이행,건조,맑음,단일로 - 기타,이륜,남,44세,중상,승용,남,39세,상해없음
2016091300100053,2016년 9월 13일 04시,화요일,충청북도 청주시 청원구 오창읍,경상사고,0,0,1,0,차대차 - 측면충돌,안전운전불이행,건조,맑음,단일로 - 기타,승용,남,17세,상해없음,화물,남,37세,경상
2016091300100120,2016년 9월 13일 08시,화요일,충청북도 충주시 연수동,경상사고,0,0,1,0,차대사람 - 기타,안전운전불이행,건조,맑음,단일로 - 기타,승용,남,54세,상해없음,보행자,여,16세,경상
2016091300100121,2016년 9월 13일 08시,화요일,충청북도 제천시 흑석동,경상사고,0,0,2,0,차대차 - 측면충돌,안전운전불이행,건조,맑음,교차로 - 교차로안,승용,여,51세,경상,승용,여,50세,경상
2016091300100122,2016년 9월 13일 08시,화요일,충청북도 청주시 흥덕구 복대동,경상사고,0,0,2,0,차대차 - 정면충돌,신호위반,건조,맑음,교차로 - 교차로안,승용,남,45세,상해없음,승용,여,26세,경상
2016091300100170,2016년 9월 13일 09시,화요일,충청북도 충주시 연수동,경상사고,0,0,1,0,차대차 - 측면충돌,안전운전불이행,건조,맑음,단일로 - 기타,승용,남,44세,상해없음,승용,여,27세,경상
2016091300100171,2016년 9월 13일 09시,화요일,충청북도 제천시 화산동,사망사고,1,0,0,0,차대사람 - 횡단중,보행자보호의무위반,건조,맑음,기타 - 기타,승용,남,47세,상해없음,보행자,여,71세,사망
2016091300100247,2016년 9월 13일 11시,화요일,충청북도 청주시 서원구 분평동,중상사고,0,1,1,0,차대차 - 측면충돌,교차로운행방법위반,건조,맑음,교차로 - 교차로안,원동기,여,51세,중상,승용,남,51세,경상
2016091300100280,2016년 9월 13일 12시,화요일,충청북도 청주시 청원구 우암동,경상사고,0,0,2,0,차대차 - 측면직각충돌,신호위반,건조,맑음,교차로 - 교차로부근,승용,여,42세,경상,승용,남,31세,경상
2016091300100281,2016년 9월 13일 12시,화요일,충청북도 영동군 영동읍,중상사고,0,1,0,0,차량단독 - 전도전복,안전운전불이행,건조,맑음,단일로 - 기타,원동기,남,78세,중상,,,,
2016091300100282,2016년 9월 13일 12시,화요일,충청북도 음성군 대소면,중상사고,0,1,1,0,차대차 - 정면충돌,중앙선침범,건조,맑음,교차로 - 교차로부근,이륜,남,19세,경상,승용,남,29세,중상
2016091300100283,2016년 9월 13일 12시,화요일,충청북도 옥천군 옥천읍,경상사고,0,0,1,0,차대차 - 측면충돌,직진우회전진행방해,건조,맑음,교차로 - 교차로안,원동기,여,72세,경상,승용,남,66세,상해없음
2016091300100315,2016년 9월 13일 13시,화요일,충청북도 충주시 교현동,중상사고,0,1,0,0,차대차 - 측면충돌,안전거리미확보,건조,맑음,단일로 - 기타,승용,남,45세,상해없음,원동기,남,19세,중상
2016091300100356,2016년 9월 13일 14시,화요일,충청북도 제천시 중앙로2가,중상사고,0,1,2,0,차대차 - 추돌,안전거리미확보,건조,맑음,단일로 - 기타,승용,남,44세,상해없음,승용,남,43세,경상
2016091300100357,2016년 9월 13일 14시,화요일,충청북도 청주시 서원구 산남동,경상사고,0,0,1,0,차대차 - 기타,안전운전불이행,건조,맑음,단일로 - 기타,승용,남,59세,상해없음,자전거,여,50세,경상
2016091300100401,2016년 9월 13일 15시,화요일,충청북도 청주시 청원구 율량동,중상사고,0,1,1,0,차대사람 - 횡단중,신호위반,건조,맑음,단일로 - 횡단보도상,이륜,남,58세,경상,보행자,남,50세,중상
2016091300100402,2016년 9월 13일 15시,화요일,충청북도 청주시 서원구 산남동,중상사고,0,1,0,0,차대사람 - 횡단중,보행자보호의무위반,건조,맑음,단일로 - 횡단보도상,승용,남,67세,상해없음,보행자,남,45세,중상
2016091300100403,2016년 9월 13일 15시,화요일,충청북도 청주시 청원구 오창읍,경상사고,0,0,2,0,차대차 - 추돌,안전운전불이행,건조,맑음,단일로 - 기타,승용,여,28세,상해없음,승용,남,22세,경상
2016091300100448,2016년 9월 13일 16시,화요일,충청북도 청주시 청원구 내덕동,경상사고,0,0,3,0,차대차 - 기타,안전운전불이행,건조,맑음,단일로 - 기타,승용,남,26세,경상,승용,여,68세,경상
2016091300100449,2016년 9월 13일 16시,화요일,충청북도 청주시 흥덕구 가경동,중상사고,0,1,0,0,차대차 - 측면직각충돌,교차로운행방법위반,건조,맑음,교차로 - 교차로안,승용,남,30세,상해없음,원동기,남,28세,중상
2016091300100509,2016년 9월 13일 17시,화요일,충청북도 제천시 모산동,경상사고,0,0,3,0,차대차 - 추돌,안전거리미확보,건조,맑음,단일로 - 기타,승용,남,46세,상해없음,승용,남,23세,경상
2016091300100510,2016년 9월 13일 17시,화요일,충청북도 영동군 황간면,경상사고,0,0,3,0,차대차 - 기타,안전운전불이행,건조,맑음,단일로 - 기타,승용,여,58세,경상,화물,남,43세,경상
2016091300100511,2016년 9월 13일 17시,화요일,충청북도 음성군 음성읍,중상사고,0,1,1,0,차대차 - 추돌,안전운전불이행,건조,맑음,단일로 - 기타,화물,남,52세,상해없음,승용,남,59세,중상
2016091300100553,2016년 9월 13일 18시,화요일,충청북도 청주시 청원구 주중동,경상사고,0,0,1,0,차대차 - 측면충돌,안전운전불이행,건조,맑음,단일로 - 기타,승용,남,58세,상해없음,승용,여,38세,경상
2016091300100554,2016년 9월 13일 18시,화요일,충청북도 충주시 연수동,중상사고,0,1,1,0,차대차 - 측면충돌,신호위반,건조,흐림,교차로 - 교차로부근,승용,남,50세,상해없음,승용,남,23세,중상
2016091300100555,2016년 9월 13일 18시,화요일,충청북도 옥천군 옥천읍,경상사고,0,0,2,0,차대차 - 측면직각충돌,교차로운행방법위반,건조,맑음,교차로 - 교차로안,승용,남,49세,상해없음,승용,여,44세,경상
2016091300100556,2016년 9월 13일 18시,화요일,충청북도 청주시 흥덕구 송정동,경상사고,0,0,2,0,차대차 - 측면직각충돌,안전운전불이행,건조,맑음,단일로 - 기타,승용,여,26세,경상,승용,남,43세,경상
2016091300100597,2016년 9월 13일 19시,화요일,충청북도 충주시 지현동,경상사고,0,0,1,0,차대차 - 측면충돌,안전거리미확보,건조,맑음,단일로 - 기타,승용,남,40세,상해없음,원동기,남,46세,경상
2016091300100598,2016년 9월 13일 19시,화요일,충청북도 충주시 살미면,중상사고,0,1,6,1,차대차 - 정면충돌,안전운전불이행,건조,맑음,교차로 - 교차로부근,화물,남,59세,상해없음,승합,남,57세,상해없음
2016091300100599,2016년 9월 13일 19시,화요일,충청북도 음성군 대소면,부상신고사고,0,0,0,1,차대사람 - 길가장자리구역통행중,안전운전불이행,건조,맑음,단일로 - 기타,기타불명,기타불명,기타불명,기타불명,보행자,남,41세,부상신고
2016091300100647,2016년 9월 13일 20시,화요일,충청북도 제천시 봉양읍,중상사고,0,1,1,0,차대차 - 정면충돌,중앙선침범,건조,맑음,기타 - 기타,승용,남,28세,상해없음,승용,남,39세,경상
2016091300100648,2016년 9월 13일 20시,화요일,충청북도 진천군 덕산면,경상사고,0,0,1,0,차대차 - 측면직각충돌,직진우회전진행방해,건조,맑음,교차로 - 교차로안,승용,남,63세,경상,화물,남,45세,상해없음
2016091300100649,2016년 9월 13일 20시,화요일,충청북도 청주시 서원구 수곡동,중상사고,0,1,0,0,차대사람 - 횡단중,보행자보호의무위반,건조,맑음,단일로 - 횡단보도상,이륜,남,39세,상해없음,보행자,여,71세,중상
2016091300100689,2016년 9월 13일 21시,화요일,충청북도 제천시 금성면,중상사고,0,1,4,0,차대차 - 추돌,안전거리미확보,건조,맑음,단일로 - 기타,승용,남,56세,상해없음,승용,남,56세,중상
2016091300100690,2016년 9월 13일 21시,화요일,충청북도 청주시 흥덕구 옥산면,경상사고,0,0,1,0,차대차 - 측면충돌,교차로운행방법위반,건조,맑음,교차로 - 교차로안,승용,남,31세,상해없음,승용,여,36세,경상
2016091300100719,2016년 9월 13일 22시,화요일,충청북도 제천시 청전동,경상사고,0,0,2,0,차대차 - 정면충돌,중앙선침범,건조,흐림,교차로 - 교차로부근,승용,남,71세,상해없음,승용,남,51세,경상
2016091300100738,2016년 9월 13일 23시,화요일,충청북도 청주시 상당구 영운동,경상사고,0,0,1,0,차대사람 - 기타,안전운전불이행,건조,맑음,교차로 - 교차로안,승용,남,45세,상해없음,보행자,남,52세,경상
2016091400100009,2016년 9월 14일 00시,수요일,충청북도 청주시 흥덕구 봉명동,사망사고,1,0,0,0,차대사람 - 기타,과속,건조,맑음,단일로 - 기타,승용,남,30세,상해없음,보행자,남,34세,사망
2016091400100029,2016년 9월 14일 01시,수요일,충청북도 괴산군 사리면,경상사고,0,0,1,0,차대차 - 측면충돌,차로위반,건조,맑음,단일로 - 기타,이륜,남,22세,상해없음,승용,남,54세,경상
2016091400100124,2016년 9월 14일 07시,수요일,충청북도 청주시 청원구 율량동,중상사고,0,1,0,0,차대차 - 측면충돌,안전운전불이행,건조,맑음,교차로 - 교차로안,승용,남,25세,상해없음,자전거,남,69세,중상
2016091400100125,2016년 9월 14일 07시,수요일,충청북도 진천군 이월면,경상사고,0,0,2,0,차대차 - 추돌,안전거리미확보,건조,맑음,단일로 - 기타,승용,남,28세,상해없음,승용,여,35세,기타불명
2016091400100152,2016년 9월 14일 09시,수요일,충청북도 제천시 장락동,경상사고,0,0,1,0,차량단독 - 전도전복,안전운전불이행,건조,흐림,단일로 - 기타,화물,남,49세,경상,,,,
2016091400100153,2016년 9월 14일 09시,수요일,충청북도 청주시 서원구 미평동,경상사고,0,0,1,0,차대차 - 정면충돌,중앙선침범,건조,맑음,단일로 - 기타,승용,여,54세,상해없음,승용,남,61세,경상
2016091400100174,2016년 9월 14일 10시,수요일,충청북도 청주시 서원구 사창동,경상사고,0,0,1,0,차대차 - 기타,안전운전불이행,건조,맑음,교차로 - 교차로안,이륜,여,40세,경상,승용,남,44세,기타불명
2016091400100175,2016년 9월 14일 10시,수요일,충청북도 제천시 봉양읍,경상사고,0,0,1,0,차대차 - 측면충돌,중앙선침범,건조,맑음,단일로 - 기타,이륜,남,34세,경상,승용,여,34세,상해없음
2016091400100198,2016년 9월 14일 11시,수요일,충청북도 제천시 봉양읍,경상사고,0,0,1,1,차대차 - 추돌,안전운전불이행,건조,맑음,단일로 - 기타,승용,남,43세,기타불명,승용,남,47세,부상신고