사고번호,사고일시,요일,시군구,사고내용,사망자수,중상자수,경상자수,부상신고자수,사고유형,법규위반,노면상태,기상상태,도로형태,가해운전자 차종,가해운전자 성별,가해운전자 연령,가해운전자 상해정도,피해운전자 차종,피해운전자 성별,피해운전자 연령,피해운전자 상해정도
2016092900100525,2016년 9월 29일 19시,목요일,충청북도 청주시 상당구 탑동,경상사고,0,0,2,0,차대차 - 측면충돌,안전운전불이행,건조,맑음,단일로 - 기타,이륜,남,73세,경상,승합,남,42세,경상
2016092900100560,2016년 9월 29일 20시,목요일,충청북도 청주시 흥덕구 비하동,경상사고,0,0,1,0,차대차 - 추돌,신호위반,건조,맑음,교차로 - 교차로안,승용,남,49세,상해없음,승용,남,46세,경상
2016092900100561,2016년 9월 29일 20시,목요일,충청북도 청주시 상당구 금천동,경상사고,0,0,1,0,차대차 - 추돌,안전운전불이행,건조,맑음,교차로 - 교차로부근,승용,남,59세,상해없음,승용,남,47세,경상
2016093000100012,2016년 9월 30일 00시,금요일,충청북도 충주시 교현동,경상사고,0,0,1,0,차대차 - 측면직각충돌,안전운전불이행,건조,맑음,교차로 - 교차로안,승용,남,24세,상해없음,자전거,남,23세,경상
2016093000100013,2016년 9월 30일 00시,금요일,충청북도 괴산군 칠성면,중상사고,0,1,0,0,차대사람 - 길가장자리구역통행중,안전운전불이행,건조,맑음,교차로 - 교차로안,화물,남,60세,상해없음,보행자,남,73세,중상
2016093000100014,2016년 9월 30일 00시,금요일,충청북도 청주시 흥덕구 가경동,경상사고,0,0,1,0,차대차 - 측면직각충돌,중앙선침범,건조,맑음,교차로 - 교차로안,승용,남,39세,상해없음,원동기,남,19세,경상
2016093000100053,2016년 9월 30일 04시,금요일,충청북도 청주시 서원구 산남동,경상사고,0,0,1,0,차대차 - 측면충돌,신호위반,건조,맑음,교차로 - 교차로안,승용,여,30세,상해없음,승용,남,50세,경상
2016093000100078,2016년 9월 30일 06시,금요일,충청북도 청주시 흥덕구 옥산면,경상사고,0,0,1,0,차대차 - 기타,안전운전불이행,건조,흐림,단일로 - 기타,승용,남,36세,상해없음,이륜,남,23세,경상
2016093000100105,2016년 9월 30일 07시,금요일,충청북도 청주시 흥덕구 송정동,부상신고사고,0,0,0,1,차대차 - 기타,안전운전불이행,건조,맑음,단일로 - 기타,이륜,남,23세,부상신고,승용,여,58세,상해없음
2016093000100139,2016년 9월 30일 08시,금요일,충청북도 제천시 강제동,중상사고,0,3,1,0,차대차 - 측면충돌,신호위반,건조,맑음,교차로 - 교차로안,승용,여,54세,경상,승용,남,58세,중상
2016093000100181,2016년 9월 30일 09시,금요일,충청북도 제천시 화산동,중상사고,0,1,0,0,차대사람 - 횡단중,안전운전불이행,건조,맑음,단일로 - 기타,승용,남,41세,기타불명,보행자,여,45세,중상
2016093000100182,2016년 9월 30일 09시,금요일,충청북도 옥천군 청성면,중상사고,0,2,0,0,차대차 - 측면직각충돌,교차로운행방법위반,습기,비,교차로 - 교차로안,화물,남,51세,상해없음,원동기,남,55세,중상
2016093000100183,2016년 9월 30일 09시,금요일,충청북도 청주시 흥덕구 옥산면,중상사고,0,2,2,0,차대차 - 기타,중앙선침범,건조,맑음,단일로 - 기타,승용,남,55세,중상,승용,여,28세,중상
2016093000100234,2016년 9월 30일 11시,금요일,충청북도 제천시 중앙로1가,경상사고,0,0,1,0,차대사람 - 횡단중,안전운전불이행,건조,맑음,교차로 - 교차로부근,승용,남,46세,상해없음,보행자,여,76세,경상
2016093000100235,2016년 9월 30일 11시,금요일,충청북도 청주시 상당구 영운동,중상사고,0,1,0,0,차대사람 - 횡단중,안전운전불이행,습기,비,단일로 - 기타,승용,남,59세,상해없음,보행자,여,79세,중상
2016093000100266,2016년 9월 30일 12시,금요일,충청북도 음성군 금왕읍,중상사고,0,2,0,0,차대차 - 정면충돌,중앙선침범,건조,맑음,단일로 - 기타,승용,남,74세,상해없음,화물,남,55세,중상
2016093000100293,2016년 9월 30일 13시,금요일,충청북도 청주시 청원구 율량동,경상사고,0,0,3,0,차대차 - 측면직각충돌,안전운전불이행,건조,맑음,단일로 - 기타,승용,남,46세,경상,승용,여,53세,경상
2016093000100294,2016년 9월 30일 13시,금요일,충청북도 옥천군 옥천읍,경상사고,0,0,1,0,차대차 - 측면직각충돌,교차로운행방법위반,습기,비,교차로 - 교차로안,이륜,남,52세,경상,승용,남,56세,상해없음
2016093000100333,2016년 9월 30일 14시,금요일,충청북도 충주시 호암동,경상사고,0,0,1,0,차대차 - 추돌,안전운전불이행,건조,맑음,기타 - 기타,승용,여,47세,상해없음,승용,여,44세,경상
2016093000100360,2016년 9월 30일 15시,금요일,충청북도 제천시 장락동,경상사고,0,0,1,0,차대차 - 추돌,안전운전불이행,건조,맑음,교차로 - 교차로안,원동기,남,72세,경상,승용,남,41세,상해없음
2016093000100361,2016년 9월 30일 15시,금요일,충청북도 청주시 상당구 금천동,경상사고,0,0,1,0,차량단독 - 기타,안전운전불이행,건조,맑음,단일로 - 기타,자전거,남,33세,경상,,,,
2016093000100401,2016년 9월 30일 16시,금요일,충청북도 충주시 산척면,사망사고,1,0,0,0,차량단독 - 전도전복,안전운전불이행,건조,맑음,교차로 - 교차로안,원동기,남,82세,사망,,,,
2016093000100402,2016년 9월 30일 16시,금요일,충청북도 단양군 단양읍,사망사고,1,0,0,0,차대차 - 측면충돌,안전거리미확보,건조,맑음,단일로 - 기타,승용,남,44세,상해없음,이륜,남,47세,사망
2016093000100403,2016년 9월 30일 16시,금요일,충청북도 청주시 서원구 성화동,경상사고,0,0,1,0,차대차 - 기타,안전운전불이행,건조,맑음,교차로 - 교차로안,승용,남,28세,상해없음,승용,남,51세,경상
2016093000100404,2016년 9월 30일 16시,금요일,충청북도 청주시 흥덕구 오송읍,중상사고,0,1,0,0,차대차 - 기타,차로위반,건조,맑음,단일로 - 기타,승용,남,39세,상해없음,화물,남,66세,중상
2016093000100445,2016년 9월 30일 17시,금요일,충청북도 음성군 금왕읍,중상사고,0,1,1,0,차대차 - 추돌,안전운전불이행,건조,맑음,단일로 - 기타,승용,남,47세,상해없음,승용,남,42세,중상
2016093000100546,2016년 9월 30일 19시,금요일,충청북도 충주시 연수동,경상사고,0,0,1,0,차대차 - 측면충돌,직진우회전진행방해,건조,맑음,교차로 - 교차로안,승용,남,63세,상해없음,자전거,남,15세,경상
2016093000100547,2016년 9월 30일 19시,금요일,충청북도 청주시 흥덕구 가경동,경상사고,0,0,1,0,차대사람 - 횡단중,안전운전불이행,건조,맑음,단일로 - 기타,승용,남,56세,상해없음,보행자,여,12세,경상
2016093000100548,2016년 9월 30일 19시,금요일,충청북도 청주시 서원구 산남동,경상사고,0,0,1,0,차대차 - 측면직각충돌,교차로운행방법위반,건조,맑음,교차로 - 교차로안,승용,여,55세,경상,승용,남,52세,상해없음
2016093000100592,2016년 9월 30일 20시,금요일,충청북도 청주시 청원구 오창읍,경상사고,0,0,2,0,차대차 - 측면충돌,안전운전불이행,건조,맑음,교차로 - 교차로부근,승용,남,50세,상해없음,승용,남,50세,경상
2016093000100593,2016년 9월 30일 20시,금요일,충청북도 청주시 서원구 남이면,중상사고,0,1,1,0,차대차 - 기타,안전운전불이행,건조,맑음,단일로 - 기타,승용,남,54세,중상,승용,남,39세,경상
2016093000100594,2016년 9월 30일 20시,금요일,충청북도 청주시 흥덕구 복대동,경상사고,0,0,1,0,차대차 - 기타,신호위반,건조,맑음,교차로 - 교차로안,승용,남,49세,상해없음,화물,남,51세,경상
2016093000100643,2016년 9월 30일 21시,금요일,충청북도 청주시 서원구 사직동,경상사고,0,0,1,0,차대사람 - 길가장자리구역통행중,안전운전불이행,건조,맑음,교차로 - 교차로부근,승용,남,38세,상해없음,보행자,남,61세,경상
2016093000100675,2016년 9월 30일 22시,금요일,충청북도 청주시 청원구 오창읍,경상사고,0,0,1,0,차대차 - 측면충돌,안전운전불이행,건조,맑음,교차로 - 교차로안,승용,남,46세,상해없음,이륜,남,30세,경상
2016093000100676,2016년 9월 30일 22시,금요일,충청북도 제천시 장락동,경상사고,0,0,1,0,차대차 - 측면충돌,직진우회전진행방해,건조,흐림,교차로 - 교차로안,승용,남,55세,상해없음,자전거,남,51세,경상
2016093000100677,2016년 9월 30일 22시,금요일,충청북도 청주시 흥덕구 복대동,중상사고,0,1,0,0,차대사람 - 횡단중,보행자보호의무위반,건조,맑음,기타 - 기타,승용,남,46세,상해없음,보행자,남,33세,중상
2016093000100678,2016년 9월 30일 22시,금요일,충청북도 청주시 흥덕구 비하동,경상사고,0,0,1,0,차대차 - 기타,안전운전불이행,건조,맑음,교차로 - 교차로부근,승용,남,32세,상해없음,승용,남,34세,경상
2016100100100016,2016년 10월 1일 00시,토요일,충청북도 청주시 청원구 오창읍,경상사고,0,0,1,0,차대차 - 측면충돌,신호위반,건조,맑음,교차로 - 교차로안,승용,남,59세,상해없음,승용,남,34세,상해없음
2016100100100017,2016년 10월 1일 00시,토요일,충청북도 충주시 칠금동,경상사고,0,0,1,0,차대차 - 측면충돌,신호위반,건조,흐림,교차로 - 교차로안,승용,남,24세,상해없음,승용,남,61세,경상
2016100100100018,2016년 10월 1일 00시,토요일,충청북도 청주시 상당구 서문동,중상사고,0,1,2,0,차대차 - 측면충돌,신호위반,건조,맑음,교차로 - 교차로안,화물,남,25세,상해없음,승용,남,61세,중상
2016100100100086,2016년 10월 1일 03시,토요일,충청북도 청주시 흥덕구 복대동,경상사고,0,0,1,0,차대차 - 추돌,안전운전불이행,건조,맑음,단일로 - 기타,승용,남,31세,상해없음,승용,남,49세,경상
2016100100100100,2016년 10월 1일 04시,토요일,충청북도 충주시 연수동,경상사고,0,0,1,0,차대차 - 정면충돌,안전운전불이행,건조,맑음,단일로 - 기타,승용,남,30세,상해없음,승용,남,57세,경상
2016100100100101,2016년 10월 1일 04시,토요일,충청북도 제천시 고암동,경상사고,0,0,1,1,차대차 - 측면충돌,중앙선침범,건조,맑음,단일로 - 기타,화물,남,61세,상해없음,승용,남,26세,경상
2016100100100112,2016년 10월 1일 05시,토요일,충청북도 청주시 청원구 율량동,사망사고,1,4,3,0,차량단독 - 도로외이탈 - 추락,안전운전불이행,건조,맑음,단일로 - 기타,화물,남,20세,상해없음,,,,
2016100100100127,2016년 10월 1일 06시,토요일,충청북도 청주시 흥덕구 가경동,경상사고,0,0,1,0,차대차 - 측면직각충돌,안전운전불이행,건조,맑음,교차로 - 교차로안,승용,여,35세,경상,승용,남,43세,상해없음
2016100100100194,2016년 10월 1일 09시,토요일,충청북도 청주시 상당구 남일면,경상사고,0,0,2,0,차대차 - 정면충돌,안전운전불이행,건조,맑음,단일로 - 기타,승합,남,55세,상해없음,화물,남,54세,상해없음
2016100100100253,2016년 10월 1일 11시,토요일,충청북도 청주시 청원구 율량동,경상사고,0,0,1,0,차대차 - 추돌,안전운전불이행,건조,맑음,단일로 - 기타,건설기계,남,43세,상해없음,승용,여,53세,경상
2016100100100254,2016년 10월 1일 11시,토요일,충청북도 청주시 청원구 내수읍,중상사고,0,1,0,0,차대차 - 기타,안전운전불이행,건조,맑음,단일로 - 기타,이륜,남,27세,중상,승용,남,28세,상해없음
2016100100100255,2016년 10월 1일 11시,토요일,충청북도 청주시 상당구 용담동,경상사고,0,0,1,0,차대차 - 정면충돌,중앙선침범,건조,맑음,단일로 - 기타,승용,여,47세,상해없음,원동기,남,39세,경상
2016100100100276,2016년 10월 1일 12시,토요일,충청북도 충주시 연수동,사망사고,1,0,0,0,차대사람 - 횡단중,안전운전불이행,건조,맑음,교차로 - 교차로부근,승용,여,47세,상해없음,보행자,여,76세,사망
2016100100100306,2016년 10월 1일 13시,토요일,충청북도 음성군 감곡면,경상사고,0,0,3,0,차대차 - 측면충돌,교차로운행방법위반,건조,맑음,교차로 - 교차로안,건설기계,남,59세,상해없음,승용,남,31세,경상
2016100100100385,2016년 10월 1일 15시,토요일,충청북도 청주시 청원구 율량동,중상사고,0,1,0,0,차대차 - 추돌,안전운전불이행,건조,맑음,교차로 - 교차로부근,화물,남,44세,상해없음,승합,여,47세,중상
2016100100100386,2016년 10월 1일 15시,토요일,충청북도 청주시 청원구 내수읍,사망사고,1,0,0,0,차대차 - 기타,안전운전불이행,건조,맑음,교차로 - 교차로부근,승합,남,54세,상해없음,자전거,남,71세,사망
2016100100100387,2016년 10월 1일 15시,토요일,충청북도 제천시 왕암동,경상사고,0,0,1,0,차대차 - 측면직각충돌,교차로운행방법위반,건조,맑음,교차로 - 교차로안,승용,남,53세,상해없음,승합,여,55세,경상
2016100100100388,2016년 10월 1일 15시,토요일,충청북도 제천시 장락동,중상사고,0,1,0,0,차대차 - 측면충돌,안전운전불이행,건조,맑음,교차로 - 교차로부근,승용,남,57세,상해없음,농기계,남,64세,중상
2016100100100443,2016년 10월 1일 17시,토요일,충청북도 충주시 연수동,중상사고,0,1,0,0,차대사람 - 횡단중,안전운전불이행,건조,맑음,교차로 - 교차로안,승용,남,60세,상해없음,보행자,여,64세,중상
2016100100100444,2016년 10월 1일 17시,토요일,충청북도 진천군 진천읍,중상사고,0,1,0,0,차대차 - 기타,안전운전불이행,건조,맑음,교차로 - 교차로부근,이륜,남,63세,중상,건설기계,남,44세,상해없음
2016100100100523,2016년 10월 1일 19시,토요일,충청북도 청주시 청원구 내덕동,경상사고,0,0,1,0,차대차 - 추돌,안전운전불이행,건조,맑음,단일로 - 기타,승용,남,29세,상해없음,승용,여,61세,상해없음
2016100100100524,2016년 10월 1일 19시,토요일,충청북도 청주시 흥덕구 복대동,경상사고,0,0,1,0,차대차 - 추돌,안전운전불이행,건조,맑음,교차로 - 교차로부근,승용,남,55세,상해없음,승용,여,33세,경상
2016100100100563,2016년 10월 1일 20시,토요일,충청북도 청주시 청원구 주성동,경상사고,0,0,1,0,차대차 - 기타,안전운전불이행,건조,맑음,단일로 - 기타,이륜,남,22세,경상,승용,남,25세,상해없음
2016100100100564,2016년 10월 1일 20시,토요일,충청북도 충주시 안림동,경상사고,0,0,2,0,차대차 - 측면충돌,신호위반,건조,맑음,교차로 - 교차로안,원동기,남,18세,경상,원동기,남,53세,경상
2016100100100602,2016년 10월 1일 21시,토요일,충청북도 음성군 삼성면,경상사고,0,0,1,0,차대사람 - 기타,안전운전불이행,건조,맑음,단일로 - 기타,승용,남,35세,상해없음,보행자,남,53세,경상
2016100100100603,2016년 10월 1일 21시,토요일,충청북도 청주시 서원구 수곡동,경상사고,0,0,1,0,차대차 - 측면충돌,교차로운행방법위반,습기,흐림,교차로 - 교차로안,승용,남,44세,상해없음,이륜,남,18세,경상
2016100100100632,2016년 10월 1일 22시,토요일,충청북도 충주시 칠금동,경상사고,0,0,2,1,차대차 - 측면충돌,직진우회전진행방해,건조,맑음,교차로 - 교차로안,승용,남,43세,부상신고,승용,여,44세,경상
2016100100100633,2016년 10월 1일 22시,토요일,충청북도 제천시 금성면,경상사고,0,0,1,0,차대차 - 측면직각충돌,중앙선침범,건조,흐림,단일로 - 기타,승용,남,74세,상해없음,승용,남,48세,경상
2016100100100655,2016년 10월 1일 23시,토요일,충청북도 충주시 충인동,경상사고,0,0,3,0,차대차 - 측면충돌,직진우회전진행방해,건조,흐림,교차로 - 교차로안,화물,남,18세,상해없음,승용,남,47세,상해없음
2016100200100008,2016년 10월 2일 00시,일요일,충청북도 청주시 서원구 모충동,경상사고,0,0,2,0,차대차 - 정면충돌,안전운전불이행,건조,맑음,단일로 - 기타,승용,남,21세,상해없음,이륜,남,24세,경상
2016100200100030,2016년 10월 2일 01시,일요일,충청북도 청주시 서원구 사직동,경상사고,0,0,4,0,차대차 - 기타,중앙선침범,건조,맑음,교차로 - 교차로안,승용,남,21세,상해없음,승용,남,61세,경상
2016100200100031,2016년 10월 2일 01시,일요일,충청북도 청주시 상당구 용암동,경상사고,0,0,3,0,차대차 - 정면충돌,안전운전불이행,건조,맑음,단일로 - 기타,승용,남,26세,상해없음,승용,여,23세,경상
2016100200100040,2016년 10월 2일 02시,일요일,충청북도 청주시 서원구 성화동,경상사고,0,0,1,0,차대차 - 정면충돌,신호위반,건조,맑음,교차로 - 교차로안,승용,남,34세,상해없음,승용,남,28세,상해없음
2016100200100067,2016년 10월 2일 04시,일요일,충청북도 제천시 신월동,중상사고,0,1,0,0,차량단독 - 전도전복,안전운전불이행,건조,흐림,단일로 - 기타,이륜,남,22세,중상,,,,
2016100200100085,2016년 10월 2일 06시,일요일,충청북도 충주시 금가면,부상신고사고,0,0,0,1,차량단독 - 공작물충돌,안전운전불이행,건조,흐림,단일로 - 기타,승용,남,28세,부상신고,,,,
2016100200100176,2016년 10월 2일 11시,일요일,충청북도 제천시 하소동,경상사고,0,0,1,0,차대사람 - 횡단중,교차로운행방법위반,건조,흐림,교차로 - 교차로안,승용,남,48세,상해없음,보행자,여,78세,경상
2016100200100193,2016년 10월 2일 12시,일요일,충청북도 충주시 연수동,경상사고,0,0,1,0,차대차 - 측면충돌,신호위반,건조,맑음,교차로 - 교차로안,승용,남,35세,상해없음,승용,남,29세,상해없음
2016100200100194,2016년 10월 2일 12시,일요일,충청북도 청주시 서원구 남이면,경상사고,0,0,1,0,차대사람 - 기타,안전운전불이행,건조,맑음,단일로 - 기타,승용,남,66세,상해없음,보행자,남,23세,경상
2016100200100224,2016년 10월 2일 13시,일요일,충청북도 단양군 단양읍,경상사고,0,0,3,0,차대차 - 추돌,안전거리미확보,건조,맑음,단일로 - 기타,승용,남,30세,상해없음,승용,여,42세,경상
2016100200100225,2016년 10월 2일 13시,일요일,충청북도 청주시 흥덕구 강내면,경상사고,0,0,4,0,차대차 - 정면충돌,안전운전불이행,건조,맑음,교차로 - 교차로부근,승용,남,75세,경상,승용,남,52세,경상
2016100200100260,2016년 10월 2일 14시,일요일,충청북도 괴산군 연풍면,사망사고,1,0,0,0,차량단독 - 전도전복,안전운전불이행,건조,흐림,교차로 - 교차로부근,이륜,남,25세,사망,,,,
2016100200100261,2016년 10월 2일 14시,일요일,충청북도 청주시 흥덕구 강내면,중상사고,0,1,0,0,차대차 - 정면충돌,안전운전불이행,건조,맑음,교차로 - 교차로안,화물,남,42세,상해없음,승용,남,60세,상해없음
2016100200100315,2016년 10월 2일 16시,일요일,충청북도 충주시 노은면,경상사고,0,0,2,0,차대차 - 정면충돌,안전운전불이행,건조,맑음,교차로 - 교차로안,승용,남,60세,상해없음,화물,남,64세,경상
2016100200100316,2016년 10월 2일 16시,일요일,충청북도 청주시 상당구 서문동,경상사고,0,0,1,0,차대차 - 정면충돌,안전운전불이행,건조,맑음,교차로 - 교차로부근,승용,여,21세,상해없음,승용,여,28세,경상
2016100200100371,2016년 10월 2일 18시,일요일,충청북도 청주시 상당구 북문로1가동,경상사고,0,0,1,0,차대사람 - 기타,안전운전불이행,건조,맑음,단일로 - 기타,승용,남,23세,상해없음,보행자,여,72세,경상
2016100200100410,2016년 10월 2일 19시,일요일,충청북도 청주시 흥덕구 옥산면,중상사고,0,2,2,0,차대차 - 기타,신호위반,건조,맑음,교차로 - 교차로안,승용,남,33세,상해없음,승용,남,33세,중상
2016100200100470,2016년 10월 2일 21시,일요일,충청북도 청주시 서원구 사직동,경상사고,0,0,2,0,차대사람 - 횡단중,보행자보호의무위반,건조,맑음,교차로 - 교차로부근,승용,남,56세,상해없음,보행자,남,21세,경상
2016100200100471,2016년 10월 2일 21시,일요일,충청북도 청주시 서원구 죽림동,중상사고,0,1,0,0,차대사람 - 기타,교차로운행방법위반,건조,맑음,교차로 - 교차로안,승용,남,49세,상해없음,보행자,남,60세,중상
2016100200100497,2016년 10월 2일 22시,일요일,충청북도 제천시 흑석동,사망사고,1,0,0,0,차대사람 - 횡단중,과속,건조,흐림,단일로 - 기타,승용,남,47세,상해없음,보행자,여,76세,사망
2016100300100058,2016년 10월 3일 03시,월요일,충청북도 보은군 보은읍,중상사고,0,1,0,0,차대사람 - 기타,안전운전불이행,습기,비,단일로 - 기타,승용,남,34세,상해없음,보행자,남,47세,중상
2016100300100059,2016년 10월 3일 03시,월요일,충청북도 청주시 흥덕구 복대동,경상사고,0,0,2,0,차대차 - 측면직각충돌,안전거리미확보,습기,비,교차로 - 교차로부근,승용,남,26세,경상,승용,남,46세,경상
2016100300100060,2016년 10월 3일 03시,월요일,충청북도 청주시 상당구 낭성면,중상사고,0,1,0,1,차량단독 - 전도전복,안전운전불이행,습기,비,단일로 - 기타,승용,남,33세,부상신고,,,,
2016100300100126,2016년 10월 3일 08시,월요일,충청북도 보은군 수한면,경상사고,0,0,2,0,차대차 - 측면직각충돌,교차로운행방법위반,기타,안개,교차로 - 교차로안,승용,여,55세,상해없음,승용,남,58세,경상
2016100300100160,2016년 10월 3일 10시,월요일,충청북도 음성군 맹동면,경상사고,0,0,2,0,차대차 - 측면충돌,교차로운행방법위반,습기,맑음,교차로 - 교차로안,승용,남,34세,경상,화물,남,27세,상해없음
2016100300100161,2016년 10월 3일 10시,월요일,충청북도 충주시 앙성면,중상사고,0,3,7,0,차대차 - 추돌,안전운전불이행,건조,맑음,단일로 - 기타,화물,남,60세,상해없음,승용,남,27세,중상
2016100300100184,2016년 10월 3일 11시,월요일,충청북도 청주시 서원구 사창동,중상사고,0,1,0,0,차대차 - 측면직각충돌,신호위반,건조,맑음,교차로 - 교차로부근,승용,남,53세,상해없음,이륜,남,46세,중상
2016100300100185,2016년 10월 3일 11시,월요일,충청북도 제천시 영천동,경상사고,0,0,1,0,차대차 - 측면충돌,교차로운행방법위반,습기,흐림,교차로 - 교차로부근,승용,남,77세,상해없음,승합,남,45세,상해없음
2016100300100214,2016년 10월 3일 12시,월요일,충청북도 옥천군 옥천읍,경상사고,0,0,1,0,차대차 - 측면직각충돌,교차로운행방법위반,건조,맑음,교차로 - 교차로안,원동기,남,66세,경상,화물,남,43세,상해없음
2016100300100250,2016년 10월 3일 13시,월요일,충청북도 청주시 청원구 오창읍,경상사고,0,0,1,0,차대사람 - 기타,안전운전불이행,건조,맑음,기타 - 기타,승용,남,42세,상해없음,보행자,남,53세,경상
2016100300100251,2016년 10월 3일 13시,월요일,충청북도 청주시 청원구 우암동,경상사고,0,0,1,0,차대차 - 기타,안전운전불이행,건조,맑음,교차로 - 교차로안,승용,남,49세,상해없음,화물,남,40세,경상
2016100300100252,2016년 10월 3일 13시,월요일,충청북도 제천시 모산동,경상사고,0,0,1,0,차대차 - 추돌,안전운전불이행,건조,맑음,단일로 - 기타,승용,남,43세,상해없음,승용,남,29세,경상
2016100300100291,2016년 10월 3일 14시,월요일,충청북도 제천시 금성면,경상사고,0,0,3,0,차대차 - 측면충돌,신호위반,건조,맑음,교차로 - 교차로안,승용,남,43세,상해없음,승용,여,41세,경상
2016100300100293,2016년 10월 3일 14시,월요일,충청북도 청주시 서원구 현도면,중상사고,0,1,2,0,차대차 - 기타,안전운전불이행,건조,맑음,단일로 - 기타,승용,남,30세,상해없음,승합,남,28세,경상
2016100300100315,2016년 10월 3일 15시,월요일,충청북도 청주시 흥덕구 지동동,부상신고사고,0,0,0,1,차대차 - 측면충돌,안전거리미확보,건조,맑음,교차로 - 교차로부근,이륜,여,19세,부상신고,화물,남,45세,상해없음
2016100300100348,2016년 10월 3일 16시,월요일,충청북도 제천시 화산동,경상사고,0,0,1,0,차대사람 - 횡단중,중앙선침범,건조,맑음,기타 - 기타,승용,여,39세,상해없음,보행자,여,55세,경상
2016100300100349,2016년 10월 3일 16시,월요일,충청북도 청주시 서원구 개신동,경상사고,0,0,1,0,차대차 - 측면직각충돌,안전운전불이행,건조,맑음,교차로 - 교차로부근,건설기계,남,55세,상해없음,자전거,남,16세,경상
2016100300100350,2016년 10월 3일 16시,월요일,충청북도 괴산군 장연면,중상사고,0,2,0,0,차대차 - 기타,안전운전불이행,건조,맑음,단일로 - 기타,승용,여,53세,상해없음,승용,남,36세,중상
2016100300100381,2016년 10월 3일 17시,월요일,충청북도 충주시 호암동,경상사고,0,0,1,1,차대차 - 측면충돌,신호위반,건조,맑음,교차로 - 교차로부근,승용,여,26세,부상신고,승용,여,50세,경상
2016100300100382,2016년 10월 3일 17시,월요일,충청북도 제천시 봉양읍,경상사고,0,0,3,0,차대차 - 기타,안전운전불이행,건조,맑음,단일로 - 기타,화물,남,64세,경상,승용,남,47세,경상
2016100300100443,2016년 10월 3일 19시,월요일,충청북도 충주시 금가면,경상사고,0,0,1,0,차대차 - 정면충돌,중앙선침범,건조,맑음,단일로 - 기타,화물,남,62세,상해없음,승용,남,56세,경상
2016100300100444,2016년 10월 3일 19시,월요일,충청북도 제천시 신백동,경상사고,0,0,1,0,차대차 - 기타,안전운전불이행,건조,맑음,기타 - 기타,승용,여,48세,경상,화물,남,43세,상해없음
2016100300100445,2016년 10월 3일 19시,월요일,충청북도 제천시 고암동,경상사고,0,0,1,0,차대사람 - 기타,안전운전불이행,건조,흐림,교차로 - 교차로부근,승용,남,38세,상해없음,보행자,남,41세,경상
2016100300100488,2016년 10월 3일 20시,월요일,충청북도 청주시 흥덕구 복대동,중상사고,0,1,0,0,차대차 - 추돌,안전운전불이행,건조,맑음,단일로 - 기타,승용,여,55세,상해없음,승용,여,27세,중상
2016100300100517,2016년 10월 3일 21시,월요일,충청북도 청주시 흥덕구 옥산면,중상사고,0,2,0,0,차대차 - 기타,신호위반,건조,맑음,교차로 - 교차로안,승용,남,45세,상해없음,승용,여,42세,중상
2016100300100545,2016년 10월 3일 22시,월요일,충청북도 청주시 서원구 사창동,경상사고,0,0,1,0,차대차 - 측면직각충돌,신호위반,건조,맑음,교차로 - 교차로안,이륜,남,48세,경상,승용,남,32세,상해없음
2016100400100063,2016년 10월 4일 06시,화요일,충청북도 영동군 황간면,경상사고,0,0,1,0,차량단독 - 전도전복,안전운전불이행,건조,맑음,단일로 - 기타,승용,남,30세,상해없음,,,,
2016100400100089,2016년 10월 4일 07시,화요일,충청북도 청주시 서원구 분평동,사망사고,1,2,1,0,차대차 - 측면충돌,과속,건조,맑음,단일로 - 기타,승용,남,35세,중상,승용,여,54세,사망
2016100400100132,2016년 10월 4일 08시,화요일,충청북도 청주시 청원구 오창읍,중상사고,0,1,1,0,차대차 - 정면충돌,신호위반,건조,맑음,교차로 - 교차로안,승용,남,41세,상해없음,승용,남,44세,중상
2016100400100133,2016년 10월 4일 08시,화요일,충청북도 청주시 상당구 영동,중상사고,0,1,0,0,차대차 - 측면충돌,교차로운행방법위반,건조,맑음,교차로 - 교차로안,승용,여,45세,기타불명,자전거,남,64세,중상
2016100400100134,2016년 10월 4일 08시,화요일,충청북도 제천시 백운면,중상사고,0,1,2,0,차대차 - 측면충돌,안전운전불이행,건조,맑음,교차로 - 교차로안,승용,남,79세,경상,승용,여,49세,중상
2016100400100181,2016년 10월 4일 09시,화요일,충청북도 제천시 신월동,중상사고,0,1,0,0,차대차 - 측면충돌,직진우회전진행방해,건조,맑음,교차로 - 교차로안,승용,남,22세,상해없음,농기계,남,75세,중상
2016100400100211,2016년 10월 4일 10시,화요일,충청북도 청주시 청원구 북이면,중상사고,0,1,0,0,차대차 - 측면직각충돌,안전운전불이행,건조,맑음,교차로 - 교차로안,건설기계,남,47세,상해없음,승용,남,64세,중상
2016100400100212,2016년 10월 4일 10시,화요일,충청북도 괴산군 괴산읍,중상사고,0,1,0,0,차대차 - 측면직각충돌,신호위반,건조,맑음,교차로 - 교차로안,이륜,남,81세,중상,승합,남,30세,상해없음
2016100400100241,2016년 10월 4일 11시,화요일,충청북도 청주시 서원구 사창동,경상사고,0,0,1,0,차량단독 - 기타,기타,건조,맑음,단일로 - 기타,승합,남,41세,상해없음,,,,
2016100400100242,2016년 10월 4일 11시,화요일,충청북도 괴산군 연풍면,중상사고,0,1,0,0,차대차 - 추돌,안전운전불이행,건조,맑음,단일로 - 기타,화물,남,34세,상해없음,승용,남,35세,중상