사고번호,사고일시,요일,시군구,사고내용,사망자수,중상자수,경상자수,부상신고자수,사고유형,법규위반,노면상태,기상상태,도로형태,가해운전자 차종,가해운전자 성별,가해운전자 연령,가해운전자 상해정도,피해운전자 차종,피해운전자 성별,피해운전자 연령,피해운전자 상해정도
2016100400100306,2016년 10월 4일 13시,화요일,충청북도 청주시 청원구 율량동,경상사고,0,0,1,0,차대차 - 측면충돌,안전거리미확보,건조,맑음,교차로 - 교차로안,이륜,남,18세,경상,승용,남,60세,상해없음
2016100400100349,2016년 10월 4일 14시,화요일,충청북도 충주시 문화동,경상사고,0,0,1,0,차대사람 - 횡단중,보행자보호의무위반,건조,맑음,단일로 - 횡단보도상,승용,남,57세,상해없음,보행자,남,7세,경상
2016100400100415,2016년 10월 4일 16시,화요일,충청북도 제천시 청전동,경상사고,0,0,2,0,차대차 - 측면직각충돌,기타,건조,맑음,교차로 - 교차로부근,승용,여,54세,경상,승용,남,56세,경상
2016100400100453,2016년 10월 4일 17시,화요일,충청북도 청주시 흥덕구 옥산면,경상사고,0,0,3,0,차대차 - 정면충돌,안전운전불이행,건조,맑음,단일로 - 기타,화물,남,43세,상해없음,승용,남,26세,경상
2016100400100506,2016년 10월 4일 18시,화요일,충청북도 진천군 진천읍,중상사고,0,1,0,0,차대차 - 기타,안전운전불이행,건조,맑음,교차로 - 교차로부근,승용,남,49세,상해없음,이륜,남,67세,중상
2016100400100507,2016년 10월 4일 18시,화요일,충청북도 청주시 흥덕구 원평동,경상사고,0,0,1,0,차대사람 - 보도통행중,안전운전불이행,건조,맑음,단일로 - 터널,승용,여,45세,상해없음,보행자,남,63세,경상
2016100400100559,2016년 10월 4일 19시,화요일,충청북도 제천시 의림동,경상사고,0,0,3,0,차대차 - 측면충돌,직진우회전진행방해,건조,맑음,교차로 - 교차로안,승용,남,37세,경상,화물,남,22세,경상
2016100400100604,2016년 10월 4일 20시,화요일,충청북도 충주시 봉방동,경상사고,0,0,2,0,차대차 - 측면충돌,신호위반,건조,맑음,교차로 - 교차로안,승용,남,65세,상해없음,승용,남,70세,경상
2016100400100626,2016년 10월 4일 21시,화요일,충청북도 청주시 청원구 우암동,경상사고,0,0,1,0,차대사람 - 횡단중,보행자보호의무위반,건조,맑음,교차로 - 교차로안,기타불명,기타불명,기타불명,기타불명,보행자,남,24세,경상
2016100400100627,2016년 10월 4일 21시,화요일,충청북도 청주시 흥덕구 강내면,경상사고,0,0,1,0,차대차 - 정면충돌,중앙선침범,건조,맑음,단일로 - 기타,승용,남,63세,상해없음,승용,남,56세,경상
2016100400100659,2016년 10월 4일 22시,화요일,충청북도 영동군 영동읍,중상사고,0,2,0,0,차대차 - 기타,안전운전불이행,건조,맑음,교차로 - 교차로안,화물,여,20세,중상,승용,남,33세,상해없음
2016100500100014,2016년 10월 5일 00시,수요일,충청북도 음성군 대소면,경상사고,0,0,2,0,차대차 - 추돌,교차로운행방법위반,건조,맑음,교차로 - 교차로안,승용,남,43세,경상,승용,남,59세,상해없음
2016100500100047,2016년 10월 5일 03시,수요일,충청북도 옥천군 동이면,경상사고,0,0,1,0,차대사람 - 기타,안전운전불이행,습기,비,교차로 - 교차로부근,화물,남,54세,기타불명,보행자,여,74세,경상
2016100500100078,2016년 10월 5일 05시,수요일,충청북도 청주시 흥덕구 송절동,경상사고,0,0,1,0,차대차 - 기타,안전운전불이행,습기,맑음,교차로 - 교차로부근,승용,여,21세,상해없음,승용,남,41세,경상
2016100500100092,2016년 10월 5일 06시,수요일,충청북도 청주시 흥덕구 강서동,중상사고,0,1,0,0,차대차 - 기타,안전운전불이행,습기,비,단일로 - 기타,화물,남,38세,상해없음,승용,남,49세,상해없음
2016100500100112,2016년 10월 5일 07시,수요일,충청북도 충주시 칠금동,경상사고,0,0,1,0,차량단독 - 전도전복,안전운전불이행,습기,비,단일로 - 기타,승용,남,22세,경상,,,,
2016100500100153,2016년 10월 5일 08시,수요일,충청북도 충주시 연수동,경상사고,0,0,2,0,차대차 - 정면충돌,안전운전불이행,습기,비,기타 - 기타,승용,여,49세,상해없음,승용,남,46세,경상
2016100500100216,2016년 10월 5일 10시,수요일,충청북도 청주시 서원구 사창동,경상사고,0,0,2,0,차대차 - 기타,신호위반,건조,맑음,교차로 - 교차로부근,승용,남,78세,경상,승합,남,66세,상해없음
2016100500100217,2016년 10월 5일 10시,수요일,충청북도 청주시 서원구 현도면,경상사고,0,0,1,0,차대차 - 정면충돌,신호위반,습기,비,교차로 - 교차로안,화물,남,55세,상해없음,승용,남,50세,경상
2016100500100289,2016년 10월 5일 13시,수요일,충청북도 제천시 고암동,경상사고,0,0,1,0,차대차 - 측면충돌,안전거리미확보,습기,맑음,기타 - 기타,화물,남,57세,상해없음,화물,남,25세,경상
2016100500100331,2016년 10월 5일 14시,수요일,충청북도 충주시 호암동,부상신고사고,0,0,0,1,차량단독 - 전도전복,안전운전불이행,건조,맑음,교차로 - 교차로안,승용,여,48세,부상신고,,,,
2016100500100332,2016년 10월 5일 14시,수요일,충청북도 청주시 흥덕구 가경동,경상사고,0,0,1,0,차대차 - 기타,차로위반,건조,맑음,단일로 - 기타,승용,여,53세,상해없음,이륜,남,28세,경상
2016100500100368,2016년 10월 5일 15시,수요일,충청북도 청주시 서원구 사직동,경상사고,0,0,1,0,차대차 - 기타,교차로운행방법위반,건조,맑음,교차로 - 교차로부근,승용,여,55세,상해없음,자전거,남,19세,경상
2016100500100369,2016년 10월 5일 15시,수요일,충청북도 청주시 흥덕구 복대동,경상사고,0,0,1,0,차대사람 - 횡단중,안전운전불이행,건조,맑음,교차로 - 교차로부근,화물,남,30세,상해없음,보행자,남,45세,경상
2016100500100370,2016년 10월 5일 15시,수요일,충청북도 청주시 서원구 분평동,경상사고,0,0,1,1,차대차 - 측면충돌,안전운전불이행,건조,맑음,단일로 - 기타,이륜,남,19세,부상신고,승용,남,42세,경상
2016100500100410,2016년 10월 5일 16시,수요일,충청북도 청주시 청원구 주성동,경상사고,0,0,1,0,차대차 - 기타,신호위반,건조,맑음,교차로 - 교차로안,기타불명,기타불명,기타불명,기타불명,승합,남,30세,상해없음
2016100500100411,2016년 10월 5일 16시,수요일,충청북도 충주시 안림동,중상사고,0,2,0,0,차대차 - 측면충돌,중앙선침범,건조,맑음,교차로 - 교차로부근,승합,여,53세,상해없음,승합,남,37세,중상
2016100500100412,2016년 10월 5일 16시,수요일,충청북도 청주시 흥덕구 복대동,경상사고,0,0,1,0,차대사람 - 횡단중,안전운전불이행,건조,맑음,단일로 - 기타,승용,남,51세,상해없음,보행자,남,14세,경상
2016100500100450,2016년 10월 5일 17시,수요일,충청북도 청주시 상당구 북문로2가동,경상사고,0,0,2,0,차대차 - 측면직각충돌,안전운전불이행,건조,맑음,교차로 - 교차로안,승용,남,34세,상해없음,승용,여,36세,경상
2016100500100451,2016년 10월 5일 17시,수요일,충청북도 진천군 덕산면,사망사고,1,1,0,0,차대차 - 정면충돌,중앙선침범,건조,맑음,교차로 - 교차로부근,원동기,남,71세,사망,화물,여,57세,중상
2016100500100503,2016년 10월 5일 18시,수요일,충청북도 청주시 흥덕구 오송읍,경상사고,0,0,1,0,차대차 - 정면충돌,안전운전불이행,건조,맑음,교차로 - 교차로안,승용,남,40세,상해없음,승용,남,40세,경상
2016100500100554,2016년 10월 5일 19시,수요일,충청북도 증평군 증평읍,경상사고,0,0,1,0,차대차 - 기타,직진우회전진행방해,건조,맑음,교차로 - 교차로안,승용,남,79세,상해없음,이륜,남,61세,경상
2016100600100009,2016년 10월 6일 00시,목요일,충청북도 제천시 화산동,사망사고,1,0,0,0,차대사람 - 기타,안전운전불이행,습기,흐림,단일로 - 기타,승용,남,73세,상해없음,보행자,여,31세,사망
2016100600100025,2016년 10월 6일 01시,목요일,충청북도 청주시 청원구 오창읍,중상사고,0,1,2,0,차대차 - 측면직각충돌,신호위반,건조,맑음,교차로 - 교차로안,승용,남,55세,경상,승용,남,45세,중상
2016100600100026,2016년 10월 6일 01시,목요일,충청북도 청주시 청원구 주중동,중상사고,0,1,0,0,차대차 - 기타,안전운전불이행,건조,맑음,단일로 - 기타,승용,여,30세,중상,화물,남,40세,상해없음
2016100600100094,2016년 10월 6일 07시,목요일,충청북도 충주시 목행동,경상사고,0,0,1,0,차대차 - 측면충돌,안전운전불이행,건조,맑음,교차로 - 교차로부근,승용,남,45세,상해없음,승용,남,34세,경상
2016100600100095,2016년 10월 6일 07시,목요일,충청북도 진천군 덕산면,중상사고,0,1,0,0,차대차 - 측면직각충돌,직진우회전진행방해,건조,맑음,교차로 - 교차로안,원동기,남,77세,중상,승용,여,68세,상해없음
2016100600100128,2016년 10월 6일 08시,목요일,충청북도 청주시 청원구 내수읍,중상사고,0,1,0,0,차대사람 - 횡단중,안전운전불이행,건조,맑음,단일로 - 횡단보도부근,승용,여,41세,상해없음,보행자,여,37세,중상
2016100600100129,2016년 10월 6일 08시,목요일,충청북도 청주시 흥덕구 운천동,경상사고,0,0,1,0,차대사람 - 횡단중,기타,건조,맑음,교차로 - 교차로부근,승합,남,57세,기타불명,보행자,여,28세,경상
2016100600100130,2016년 10월 6일 08시,목요일,충청북도 청주시 흥덕구 가경동,중상사고,0,1,1,0,차대차 - 정면충돌,신호위반,건조,맑음,교차로 - 교차로안,승용,남,55세,경상,승용,여,53세,중상
2016100600100169,2016년 10월 6일 09시,목요일,충청북도 청주시 청원구 사천동,경상사고,0,0,3,0,차대차 - 측면충돌,안전운전불이행,건조,맑음,교차로 - 교차로안,승용,여,56세,경상,승용,남,23세,상해없음
2016100600100170,2016년 10월 6일 09시,목요일,충청북도 청주시 청원구 내수읍,중상사고,0,1,1,0,차대차 - 추돌,안전운전불이행,건조,맑음,단일로 - 기타,승용,여,24세,경상,화물,남,54세,중상
2016100600100171,2016년 10월 6일 09시,목요일,충청북도 음성군 대소면,경상사고,0,0,2,0,차대차 - 정면충돌,안전거리미확보,건조,맑음,단일로 - 터널,건설기계,남,28세,상해없음,승용,여,44세,경상
2016100600100332,2016년 10월 6일 14시,목요일,충청북도 괴산군 괴산읍,중상사고,0,2,0,0,차대사람 - 횡단중,안전운전불이행,건조,맑음,교차로 - 교차로부근,화물,남,50세,상해없음,보행자,여,61세,중상
2016100600100374,2016년 10월 6일 15시,목요일,충청북도 영동군 심천면,중상사고,0,3,4,0,차량단독 - 전도전복,안전운전불이행,기타,맑음,단일로 - 기타,승합,남,66세,상해없음,,,,
2016100600100375,2016년 10월 6일 15시,목요일,충청북도 청주시 상당구 용암동,경상사고,0,0,1,0,차대차 - 추돌,안전운전불이행,건조,맑음,교차로 - 교차로안,승용,여,53세,상해없음,자전거,남,10세,경상
2016100600100417,2016년 10월 6일 16시,목요일,충청북도 청주시 서원구 사직동,중상사고,0,1,1,0,차대차 - 정면충돌,신호위반,건조,맑음,교차로 - 교차로안,화물,남,53세,중상,승용,남,65세,경상
2016100600100418,2016년 10월 6일 16시,목요일,충청북도 청주시 상당구 용암동,중상사고,0,1,0,0,차대차 - 추돌,안전거리미확보,건조,맑음,교차로 - 교차로부근,승합,남,50세,상해없음,승용,남,62세,중상
2016100600100456,2016년 10월 6일 17시,목요일,충청북도 충주시 용탄동,중상사고,0,2,1,0,차대차 - 측면충돌,안전거리미확보,건조,맑음,단일로 - 기타,승용,여,51세,중상,화물,남,35세,중상
2016100600100457,2016년 10월 6일 17시,목요일,충청북도 청주시 흥덕구 비하동,중상사고,0,1,0,0,차대차 - 기타,교차로운행방법위반,건조,맑음,교차로 - 교차로안,승용,남,52세,상해없음,승용,여,69세,중상
2016100600100494,2016년 10월 6일 18시,목요일,충청북도 증평군 증평읍,경상사고,0,0,1,0,차대차 - 측면직각충돌,안전운전불이행,건조,흐림,교차로 - 교차로안,승용,여,28세,경상,승용,남,52세,상해없음
2016100600100495,2016년 10월 6일 18시,목요일,충청북도 청주시 서원구 남이면,경상사고,0,0,2,0,차대차 - 추돌,안전운전불이행,건조,맑음,단일로 - 기타,승합,남,72세,상해없음,승용,남,31세,경상
2016100600100548,2016년 10월 6일 19시,목요일,충청북도 음성군 금왕읍,경상사고,0,0,1,0,차대차 - 측면직각충돌,안전운전불이행,건조,맑음,단일로 - 기타,승합,남,49세,상해없음,이륜,남,47세,경상
2016100600100594,2016년 10월 6일 20시,목요일,충청북도 청주시 흥덕구 옥산면,사망사고,1,1,0,0,차대차 - 측면충돌,과속,건조,맑음,교차로 - 교차로안,승용,남,24세,사망,화물,남,58세,중상
2016100600100595,2016년 10월 6일 20시,목요일,충청북도 청주시 서원구 산남동,경상사고,0,0,1,0,차대차 - 측면충돌,기타,건조,맑음,교차로 - 교차로부근,승용,남,41세,상해없음,이륜,남,16세,경상
2016100600100673,2016년 10월 6일 23시,목요일,충청북도 청주시 청원구 오창읍,중상사고,0,1,1,0,차대차 - 측면직각충돌,안전운전불이행,건조,맑음,교차로 - 교차로부근,화물,남,42세,상해없음,화물,여,54세,중상
2016100600100674,2016년 10월 6일 23시,목요일,충청북도 음성군 감곡면,경상사고,0,0,2,0,차대사람 - 차도통행중,안전운전불이행,건조,맑음,단일로 - 기타,승용,남,28세,상해없음,보행자,남,18세,경상
2016100600100675,2016년 10월 6일 23시,목요일,충청북도 청주시 흥덕구 옥산면,경상사고,0,0,2,2,차대차 - 정면충돌,안전운전불이행,건조,맑음,교차로 - 교차로부근,기타불명,기타불명,기타불명,기타불명,승용,남,57세,부상신고
2016100700100009,2016년 10월 7일 00시,금요일,충청북도 제천시 봉양읍,부상신고사고,0,0,0,1,차량단독 - 공작물충돌,안전운전불이행,건조,맑음,단일로 - 기타,승용,남,33세,부상신고,,,,
2016100700100022,2016년 10월 7일 01시,금요일,충청북도 음성군 대소면,경상사고,0,0,3,0,차대차 - 추돌,안전운전불이행,건조,맑음,교차로 - 교차로부근,승용,남,29세,상해없음,승합,남,32세,경상
2016100700100023,2016년 10월 7일 01시,금요일,충청북도 청주시 상당구 용암동,중상사고,0,1,0,0,차대차 - 측면충돌,교차로운행방법위반,건조,맑음,교차로 - 교차로안,승용,남,19세,상해없음,이륜,남,68세,중상
2016100700100142,2016년 10월 7일 08시,금요일,충청북도 청주시 흥덕구 오송읍,경상사고,0,0,2,1,차대차 - 정면충돌,신호위반,건조,맑음,교차로 - 교차로안,승용,남,81세,부상신고,화물,남,37세,경상
2016100700100174,2016년 10월 7일 09시,금요일,충청북도 청주시 서원구 사직동,경상사고,0,0,2,0,차대차 - 추돌,안전운전불이행,건조,맑음,교차로 - 교차로부근,승용,남,30세,상해없음,승용,여,35세,경상
2016100700100175,2016년 10월 7일 09시,금요일,충청북도 충주시 수안보면,중상사고,0,1,0,0,차대차 - 측면충돌,안전운전불이행,건조,맑음,교차로 - 교차로안,승용,남,68세,상해없음,화물,여,58세,중상
2016100700100176,2016년 10월 7일 09시,금요일,충청북도 음성군 대소면,경상사고,0,0,1,0,차대차 - 기타,안전운전불이행,건조,맑음,단일로 - 기타,화물,남,47세,상해없음,승용,남,37세,경상
2016100700100177,2016년 10월 7일 09시,금요일,충청북도 청주시 흥덕구 가경동,중상사고,0,1,0,0,차대사람 - 횡단중,안전운전불이행,건조,맑음,교차로 - 교차로안,승합,남,52세,상해없음,보행자,여,66세,중상
2016100700100178,2016년 10월 7일 09시,금요일,충청북도 청주시 흥덕구 복대동,중상사고,0,1,0,0,차대사람 - 횡단중,보행자보호의무위반,건조,맑음,단일로 - 횡단보도상,승용,남,62세,상해없음,보행자,여,60세,중상
2016100700100209,2016년 10월 7일 10시,금요일,충청북도 괴산군 불정면,중상사고,0,1,1,0,차대차 - 기타,직진우회전진행방해,건조,맑음,교차로 - 교차로안,화물,남,72세,중상,화물,남,42세,경상
2016100700100210,2016년 10월 7일 10시,금요일,충청북도 청주시 흥덕구 신촌동,경상사고,0,0,1,0,차대차 - 정면충돌,안전운전불이행,건조,맑음,단일로 - 교량,화물,남,59세,상해없음,화물,남,38세,경상
2016100700100280,2016년 10월 7일 12시,금요일,충청북도 청주시 서원구 산남동,경상사고,0,0,1,0,차대사람 - 횡단중,안전운전불이행,건조,맑음,단일로 - 횡단보도상,승용,여,49세,상해없음,보행자,남,17세,경상
2016100700100337,2016년 10월 7일 14시,금요일,충청북도 음성군 맹동면,경상사고,0,0,2,0,차대차 - 기타,교차로운행방법위반,건조,맑음,교차로 - 교차로안,승용,남,53세,경상,승용,여,26세,경상
2016100700100338,2016년 10월 7일 14시,금요일,충청북도 청주시 서원구 남이면,경상사고,0,0,2,0,차량단독 - 공작물충돌,안전운전불이행,습기,비,단일로 - 기타,승용,남,53세,경상,,,,
2016100700100424,2016년 10월 7일 16시,금요일,충청북도 청주시 청원구 사천동,중상사고,0,2,0,0,차대차 - 측면충돌,안전운전불이행,건조,맑음,교차로 - 교차로안,승용,여,54세,상해없음,승용,남,63세,중상
2016100700100425,2016년 10월 7일 16시,금요일,충청북도 보은군 회인면,중상사고,0,1,4,0,차대차 - 정면충돌,중앙선침범,습기,비,단일로 - 기타,승용,남,69세,상해없음,승용,남,55세,경상
2016100700100461,2016년 10월 7일 17시,금요일,충청북도 청주시 청원구 오창읍,경상사고,0,0,1,0,차대차 - 기타,중앙선침범,건조,맑음,단일로 - 기타,승용,여,30세,상해없음,승용,남,40세,경상
2016100700100462,2016년 10월 7일 17시,금요일,충청북도 충주시 산척면,경상사고,0,0,1,0,차대차 - 정면충돌,안전운전불이행,습기,비,단일로 - 기타,화물,남,49세,상해없음,승합,남,44세,상해없음
2016100700100463,2016년 10월 7일 17시,금요일,충청북도 청주시 흥덕구 강내면,부상신고사고,0,0,0,1,차량단독 - 공작물충돌,안전운전불이행,습기,비,단일로 - 기타,화물,남,52세,부상신고,,,,
2016100700100464,2016년 10월 7일 17시,금요일,충청북도 청주시 흥덕구 송절동,경상사고,0,0,1,0,차대차 - 기타,안전운전불이행,습기,비,교차로 - 교차로부근,승용,여,29세,상해없음,승용,여,27세,경상
2016100700100465,2016년 10월 7일 17시,금요일,충청북도 청주시 흥덕구 복대동,경상사고,0,0,1,0,차대차 - 기타,신호위반,습기,비,교차로 - 교차로안,승용,여,50세,상해없음,승용,남,58세,경상
2016100700100506,2016년 10월 7일 18시,금요일,충청북도 충주시 중앙탑면,중상사고,0,1,2,0,차대차 - 측면충돌,직진우회전진행방해,습기,비,교차로 - 교차로안,승용,남,57세,경상,승용,남,48세,경상
2016100700100507,2016년 10월 7일 18시,금요일,충청북도 청주시 흥덕구 송절동,경상사고,0,0,2,0,차대차 - 추돌,안전운전불이행,건조,맑음,단일로 - 기타,화물,남,53세,상해없음,승용,여,36세,경상
2016100700100508,2016년 10월 7일 18시,금요일,충청북도 청주시 서원구 모충동,경상사고,0,0,1,0,차대차 - 정면충돌,신호위반,습기,비,교차로 - 교차로안,승용,여,58세,상해없음,승용,남,66세,경상
2016100700100602,2016년 10월 7일 19시,금요일,충청북도 제천시 장락동,경상사고,0,0,3,0,차대차 - 추돌,교차로운행방법위반,습기,비,교차로 - 교차로안,승용,남,59세,상해없음,승용,여,56세,경상
2016100700100603,2016년 10월 7일 19시,금요일,충청북도 제천시 신월동,중상사고,0,1,2,0,차대차 - 측면충돌,안전운전불이행,습기,비,교차로 - 교차로안,승용,여,42세,상해없음,승용,여,51세,경상
2016100700100604,2016년 10월 7일 19시,금요일,충청북도 진천군 문백면,경상사고,0,0,2,0,차대차 - 추돌,안전거리미확보,습기,비,단일로 - 기타,승용,남,36세,기타불명,승용,남,48세,경상
2016100700100605,2016년 10월 7일 19시,금요일,충청북도 청주시 흥덕구 오송읍,경상사고,0,0,1,0,차대차 - 측면직각충돌,직진우회전진행방해,습기,비,교차로 - 교차로안,승용,남,48세,상해없음,이륜,남,20세,경상
2016100700100664,2016년 10월 7일 20시,금요일,충청북도 청주시 청원구 오창읍,경상사고,0,0,4,0,차대차 - 측면직각충돌,안전운전불이행,습기,비,교차로 - 교차로부근,승용,남,32세,경상,승용,남,50세,경상
2016100700100665,2016년 10월 7일 20시,금요일,충청북도 제천시 영천동,중상사고,0,1,1,0,차대사람 - 횡단중,보행자보호의무위반,습기,비,교차로 - 교차로부근,승용,남,52세,상해없음,보행자,남,43세,중상
2016100700100666,2016년 10월 7일 20시,금요일,충청북도 음성군 음성읍,중상사고,0,1,0,0,차대사람 - 기타,안전운전불이행,습기,비,교차로 - 교차로부근,승용,남,58세,상해없음,보행자,여,58세,중상
2016100700100724,2016년 10월 7일 21시,금요일,충청북도 제천시 신백동,중상사고,0,1,2,0,차대차 - 측면충돌,불법유턴,습기,비,교차로 - 교차로안,승용,남,52세,상해없음,승용,남,47세,경상
2016100700100725,2016년 10월 7일 21시,금요일,충청북도 청주시 흥덕구 강내면,부상신고사고,0,0,0,1,차대차 - 정면충돌,안전운전불이행,습기,비,단일로 - 기타,특수,남,56세,부상신고,화물,남,54세,상해없음
2016100700100769,2016년 10월 7일 22시,금요일,충청북도 청주시 청원구 오창읍,중상사고,0,1,0,0,차량단독 - 전도전복,안전운전불이행,습기,비,단일로 - 기타,승용,남,51세,상해없음,,,,
2016100700100770,2016년 10월 7일 22시,금요일,충청북도 제천시 고암동,중상사고,0,1,0,0,차량단독 - 전도전복,안전운전불이행,습기,비,단일로 - 기타,승용,남,50세,중상,,,,
2016100700100771,2016년 10월 7일 22시,금요일,충청북도 청주시 서원구 산남동,중상사고,0,1,0,0,차대사람 - 횡단중,안전운전불이행,습기,비,단일로 - 기타,승용,남,26세,상해없음,보행자,여,40세,중상
2016100700100772,2016년 10월 7일 22시,금요일,충청북도 청주시 상당구 금천동,경상사고,0,0,1,0,차대차 - 측면충돌,안전운전불이행,습기,비,기타 - 기타,승용,남,42세,상해없음,이륜,남,17세,경상
2016100700100813,2016년 10월 7일 23시,금요일,충청북도 충주시 연수동,경상사고,0,0,2,0,차대차 - 측면충돌,신호위반,습기,비,교차로 - 교차로안,승용,남,51세,상해없음,승용,남,33세,경상
2016100800100026,2016년 10월 8일 00시,토요일,충청북도 단양군 매포읍,사망사고,2,0,0,0,차대차 - 측면충돌,안전운전불이행,습기,비,교차로 - 교차로안,승용,남,52세,사망,승합,남,67세,상해없음
2016100800100027,2016년 10월 8일 00시,토요일,충청북도 진천군 진천읍,경상사고,0,0,1,0,차량단독 - 전도전복,안전운전불이행,습기,비,단일로 - 터널,화물,남,36세,경상,,,,
2016100800100028,2016년 10월 8일 00시,토요일,충청북도 청주시 흥덕구 복대동,중상사고,0,1,1,0,차대차 - 정면충돌,안전운전불이행,습기,비,교차로 - 교차로부근,승용,남,29세,상해없음,승용,남,24세,경상
2016100800100030,2016년 10월 8일 00시,토요일,충청북도 청주시 흥덕구 복대동,경상사고,0,0,2,0,차대차 - 정면충돌,안전운전불이행,습기,비,교차로 - 교차로부근,승용,남,62세,상해없음,승용,여,22세,경상
2016100800100031,2016년 10월 8일 00시,토요일,충청북도 청주시 상당구 금천동,중상사고,0,1,0,0,차대차 - 측면충돌,안전운전불이행,습기,비,교차로 - 교차로부근,승용,남,47세,상해없음,승용,남,22세,중상
2016100800100072,2016년 10월 8일 01시,토요일,충청북도 충주시 칠금동,중상사고,0,1,1,0,차대차 - 측면충돌,신호위반,습기,비,교차로 - 교차로안,승용,남,32세,경상,승용,남,30세,중상
2016100800100073,2016년 10월 8일 01시,토요일,충청북도 청주시 흥덕구 강내면,중상사고,0,1,3,0,차대차 - 추돌,안전운전불이행,습기,비,단일로 - 기타,화물,남,49세,중상,화물,남,50세,경상
2016100800100074,2016년 10월 8일 01시,토요일,충청북도 청주시 흥덕구 비하동,경상사고,0,0,1,0,차량단독 - 전도전복,안전운전불이행,습기,비,단일로 - 기타,승용,남,54세,상해없음,,,,
2016100800100106,2016년 10월 8일 02시,토요일,충청북도 청주시 청원구 오창읍,중상사고,0,1,2,0,차대차 - 측면직각충돌,신호위반,습기,비,교차로 - 교차로안,승용,남,47세,상해없음,승용,남,43세,중상
2016100800100133,2016년 10월 8일 03시,토요일,충청북도 충주시 안림동,부상신고사고,0,0,0,1,차대차 - 측면충돌,안전운전불이행,건조,맑음,단일로 - 기타,승용,남,21세,부상신고,승합,남,54세,기타불명
2016100800100134,2016년 10월 8일 03시,토요일,충청북도 음성군 대소면,중상사고,0,1,3,0,차대차 - 측면충돌,교차로운행방법위반,습기,비,교차로 - 교차로안,승용,여,45세,경상,승용,여,58세,중상
2016100800100135,2016년 10월 8일 03시,토요일,충청북도 청주시 흥덕구 가경동,부상신고사고,0,0,0,1,차대사람 - 길가장자리구역통행중,안전운전불이행,습기,비,단일로 - 기타,승용,남,23세,상해없음,보행자,남,25세,부상신고
2016100800100136,2016년 10월 8일 03시,토요일,충청북도 청주시 청원구 오창읍,사망사고,1,0,0,0,차대차 - 추돌,안전운전불이행,습기,비,단일로 - 기타,화물,남,43세,상해없음,화물,남,57세,상해없음
2016100800100155,2016년 10월 8일 04시,토요일,충청북도 청주시 흥덕구 비하동,중상사고,0,1,1,0,차대차 - 측면직각충돌,안전운전불이행,습기,맑음,단일로 - 기타,승용,남,46세,상해없음,화물,남,49세,중상
2016100800100263,2016년 10월 8일 09시,토요일,충청북도 충주시 교현동,경상사고,0,0,2,0,차대차 - 측면충돌,안전운전불이행,습기,비,단일로 - 기타,승용,남,47세,상해없음,승용,남,27세,경상
2016100800100264,2016년 10월 8일 09시,토요일,충청북도 음성군 원남면,경상사고,0,0,1,0,차대사람 - 기타,안전운전불이행,건조,맑음,교차로 - 교차로안,승용,남,69세,상해없음,보행자,남,43세,경상
2016100800100297,2016년 10월 8일 10시,토요일,충청북도 충주시 용산동,경상사고,0,0,2,0,차대차 - 측면충돌,직진우회전진행방해,건조,맑음,교차로 - 교차로안,승합,여,46세,상해없음,승용,여,34세,경상
2016100800100298,2016년 10월 8일 10시,토요일,충청북도 증평군 증평읍,경상사고,0,0,1,0,차대차 - 기타,차로위반,건조,맑음,교차로 - 교차로부근,화물,남,52세,상해없음,승용,남,64세,상해없음
2016100800100299,2016년 10월 8일 10시,토요일,충청북도 음성군 금왕읍,경상사고,0,0,3,0,차대차 - 측면충돌,교차로운행방법위반,습기,맑음,교차로 - 교차로안,승합,남,40세,경상,승합,남,64세,경상
2016100800100300,2016년 10월 8일 10시,토요일,충청북도 청주시 흥덕구 강내면,중상사고,0,1,2,0,차대차 - 정면충돌,안전운전불이행,건조,맑음,교차로 - 교차로안,승용,여,32세,상해없음,승용,남,53세,중상
2016100800100326,2016년 10월 8일 11시,토요일,충청북도 청주시 청원구 내수읍,경상사고,0,0,3,0,차대차 - 기타,안전운전불이행,건조,맑음,단일로 - 기타,승용,남,58세,경상,승용,남,28세,경상
2016100800100327,2016년 10월 8일 11시,토요일,충청북도 청주시 서원구 사직동,경상사고,0,0,3,0,차대차 - 기타,안전거리미확보,건조,맑음,교차로 - 교차로부근,승용,남,25세,상해없음,승합,남,53세,경상
2016100800100328,2016년 10월 8일 11시,토요일,충청북도 음성군 음성읍,중상사고,0,1,0,0,차대사람 - 차도통행중,안전운전불이행,건조,맑음,단일로 - 기타,화물,남,48세,상해없음,보행자,여,88세,중상
2016100800100399,2016년 10월 8일 13시,토요일,충청북도 옥천군 동이면,사망사고,1,0,0,0,차대사람 - 기타,안전운전불이행,건조,맑음,단일로 - 기타,승합,남,54세,상해없음,보행자,여,86세,사망
2016100800100432,2016년 10월 8일 14시,토요일,충청북도 충주시 칠금동,경상사고,0,0,1,0,차대차 - 정면충돌,안전운전불이행,건조,맑음,교차로 - 교차로부근,특수,남,57세,상해없음,승용,여,41세,경상
2016100800100464,2016년 10월 8일 15시,토요일,충청북도 청주시 서원구 남이면,부상신고사고,0,0,0,1,차대차 - 측면직각충돌,중앙선침범,건조,맑음,단일로 - 기타,이륜,남,75세,부상신고,승용,여,53세,상해없음