사고번호,사고일시,요일,시군구,사고내용,사망자수,중상자수,경상자수,부상신고자수,사고유형,법규위반,노면상태,기상상태,도로형태,가해운전자 차종,가해운전자 성별,가해운전자 연령,가해운전자 상해정도,피해운전자 차종,피해운전자 성별,피해운전자 연령,피해운전자 상해정도
2016100800100465,2016년 10월 8일 15시,토요일,충청북도 청주시 상당구 미원면,경상사고,0,0,1,0,차대차 - 추돌,안전운전불이행,건조,맑음,단일로 - 기타,이륜,남,81세,경상,화물,남,46세,상해없음
2016100800100466,2016년 10월 8일 15시,토요일,충청북도 청주시 청원구 오창읍,중상사고,0,2,0,1,차대차 - 정면충돌,안전거리미확보,건조,맑음,단일로 - 기타,승용,남,20세,상해없음,승용,남,40세,중상
2016100800100539,2016년 10월 8일 17시,토요일,충청북도 충주시 금릉동,경상사고,0,0,4,0,차대차 - 측면충돌,안전운전불이행,건조,맑음,단일로 - 기타,승용,남,26세,상해없음,승용,여,36세,경상
2016100800100540,2016년 10월 8일 17시,토요일,충청북도 청주시 상당구 금천동,경상사고,0,0,1,0,차대차 - 측면충돌,안전운전불이행,건조,맑음,교차로 - 교차로안,원동기,남,57세,경상,승용,여,44세,상해없음
2016100800100594,2016년 10월 8일 18시,토요일,충청북도 충주시 달천동,경상사고,0,0,1,0,차대차 - 정면충돌,안전운전불이행,건조,맑음,단일로 - 기타,승합,남,66세,상해없음,승용,남,37세,상해없음
2016100800100595,2016년 10월 8일 18시,토요일,충청북도 제천시 의림동,경상사고,0,0,1,0,차대차 - 기타,안전거리미확보,건조,맑음,교차로 - 교차로안,승용,남,71세,상해없음,승용,남,63세,경상
2016100800100596,2016년 10월 8일 18시,토요일,충청북도 증평군 증평읍,경상사고,0,0,1,0,차대사람 - 횡단중,안전운전불이행,건조,맑음,교차로 - 교차로부근,승용,남,37세,상해없음,보행자,남,43세,경상
2016100800100597,2016년 10월 8일 18시,토요일,충청북도 청주시 흥덕구 복대동,경상사고,0,0,1,0,차대사람 - 횡단중,안전운전불이행,건조,맑음,단일로 - 기타,승용,여,41세,상해없음,보행자,여,15세,경상
2016100800100598,2016년 10월 8일 18시,토요일,충청북도 청주시 흥덕구 복대동,경상사고,0,0,2,0,차대차 - 추돌,안전운전불이행,건조,맑음,교차로 - 교차로부근,화물,남,59세,상해없음,승용,남,55세,경상
2016100800100637,2016년 10월 8일 19시,토요일,충청북도 청주시 서원구 개신동,경상사고,0,0,1,0,차대차 - 측면충돌,안전운전불이행,건조,맑음,교차로 - 교차로안,승용,여,59세,상해없음,승용,남,29세,경상
2016100800100638,2016년 10월 8일 19시,토요일,충청북도 충주시 교현동,경상사고,0,0,1,0,차대차 - 추돌,안전운전불이행,건조,맑음,단일로 - 기타,승용,남,49세,상해없음,승용,여,37세,경상
2016100800100639,2016년 10월 8일 19시,토요일,충청북도 진천군 이월면,경상사고,0,0,1,0,차대차 - 추돌,안전운전불이행,건조,맑음,교차로 - 교차로부근,화물,남,58세,상해없음,승용,남,59세,경상
2016100800100667,2016년 10월 8일 20시,토요일,충청북도 제천시 청전동,중상사고,0,1,0,0,차대사람 - 횡단중,안전운전불이행,건조,맑음,교차로 - 교차로부근,승용,남,55세,상해없음,보행자,남,63세,중상
2016100800100668,2016년 10월 8일 20시,토요일,충청북도 청주시 상당구 탑동,중상사고,0,1,0,0,차대사람 - 횡단중,안전운전불이행,건조,맑음,교차로 - 교차로부근,화물,남,41세,상해없음,보행자,남,51세,중상
2016100800100723,2016년 10월 8일 22시,토요일,충청북도 충주시 용두동,경상사고,0,0,1,0,차대차 - 추돌,안전운전불이행,건조,맑음,단일로 - 기타,승용,기타불명,기타불명,기타불명,승용,남,61세,경상
2016100800100724,2016년 10월 8일 22시,토요일,충청북도 청주시 흥덕구 복대동,경상사고,0,0,1,0,차대차 - 추돌,안전운전불이행,건조,맑음,단일로 - 기타,승용,남,28세,상해없음,기타불명,기타불명,기타불명,기타불명
2016100800100746,2016년 10월 8일 23시,토요일,충청북도 청주시 흥덕구 오송읍,경상사고,0,0,1,0,차대사람 - 기타,안전운전불이행,건조,맑음,단일로 - 기타,승용,남,48세,상해없음,보행자,남,40세,경상
2016100800100747,2016년 10월 8일 23시,토요일,충청북도 청주시 서원구 모충동,경상사고,0,0,1,0,차대사람 - 횡단중,안전운전불이행,건조,맑음,단일로 - 기타,승용,남,26세,상해없음,보행자,남,33세,경상
2016100800100748,2016년 10월 8일 23시,토요일,충청북도 청주시 서원구 분평동,경상사고,0,0,2,0,차대차 - 정면충돌,안전운전불이행,건조,맑음,기타 - 기타,승용,남,37세,상해없음,승용,남,55세,경상
2016100900100012,2016년 10월 9일 00시,일요일,충청북도 청주시 흥덕구 송정동,경상사고,0,0,5,0,차대차 - 정면충돌,교차로운행방법위반,건조,맑음,교차로 - 교차로안,승용,여,26세,경상,승용,남,49세,경상
2016100900100013,2016년 10월 9일 00시,일요일,충청북도 청주시 서원구 현도면,경상사고,0,0,1,0,차대차 - 정면충돌,중앙선침범,건조,맑음,단일로 - 기타,승용,남,31세,상해없음,승용,남,29세,경상
2016100900100034,2016년 10월 9일 01시,일요일,충청북도 청주시 청원구 오창읍,중상사고,0,1,0,0,차량단독 - 전도전복,안전운전불이행,건조,맑음,교차로 - 교차로부근,승합,남,48세,상해없음,,,,
2016100900100077,2016년 10월 9일 03시,일요일,충청북도 청주시 흥덕구 수의동,경상사고,0,0,2,0,차대차 - 측면직각충돌,안전운전불이행,건조,맑음,단일로 - 기타,승용,남,20세,상해없음,승용,남,19세,경상
2016100900100137,2016년 10월 9일 08시,일요일,충청북도 청주시 상당구 용암동,경상사고,0,0,1,0,차대사람 - 횡단중,보행자보호의무위반,건조,맑음,교차로 - 교차로부근,승합,남,48세,상해없음,보행자,여,61세,경상
2016100900100158,2016년 10월 9일 09시,일요일,충청북도 음성군 맹동면,중상사고,0,2,1,0,차대차 - 기타,신호위반,건조,맑음,교차로 - 교차로안,승용,남,70세,중상,승용,남,34세,경상
2016100900100159,2016년 10월 9일 09시,일요일,충청북도 청주시 상당구 명암동,경상사고,0,0,4,0,차대차 - 측면충돌,안전운전불이행,건조,맑음,단일로 - 기타,승용,남,59세,상해없음,승용,남,39세,경상
2016100900100179,2016년 10월 9일 10시,일요일,충청북도 영동군 양강면,경상사고,0,0,1,0,차대사람 - 횡단중,안전운전불이행,건조,맑음,교차로 - 교차로안,승용,여,53세,상해없음,보행자,여,80세,경상
2016100900100180,2016년 10월 9일 10시,일요일,충청북도 청주시 흥덕구 복대동,부상신고사고,0,0,0,1,차량단독 - 전도전복,안전운전불이행,건조,맑음,교차로 - 교차로안,승용,남,27세,부상신고,,,,
2016100900100208,2016년 10월 9일 11시,일요일,충청북도 증평군 증평읍,경상사고,0,0,2,0,차대차 - 기타,직진우회전진행방해,건조,맑음,교차로 - 교차로안,화물,남,59세,상해없음,승용,남,25세,경상
2016100900100237,2016년 10월 9일 12시,일요일,충청북도 청주시 서원구 수곡동,중상사고,0,1,0,0,차대차 - 측면충돌,안전운전불이행,건조,맑음,단일로 - 기타,승합,여,58세,상해없음,이륜,남,28세,중상
2016100900100294,2016년 10월 9일 14시,일요일,충청북도 충주시 봉방동,경상사고,0,0,1,0,차대차 - 정면충돌,안전운전불이행,건조,맑음,교차로 - 교차로부근,승용,남,32세,상해없음,승용,남,29세,경상
2016100900100295,2016년 10월 9일 14시,일요일,충청북도 청주시 상당구 미원면,중상사고,0,1,1,0,차량단독 - 전도전복,안전운전불이행,건조,맑음,단일로 - 기타,화물,남,50세,경상,,,,
2016100900100326,2016년 10월 9일 15시,일요일,충청북도 음성군 감곡면,경상사고,0,0,2,0,차대차 - 추돌,안전운전불이행,건조,맑음,교차로 - 교차로부근,승용,남,47세,상해없음,승용,남,32세,경상
2016100900100328,2016년 10월 9일 15시,일요일,충청북도 청주시 상당구 남문로1가동,경상사고,0,0,2,0,차대차 - 정면충돌,안전운전불이행,건조,맑음,단일로 - 기타,승용,남,18세,상해없음,승합,남,45세,경상
2016100900100329,2016년 10월 9일 15시,일요일,충청북도 청주시 서원구 산남동,경상사고,0,0,1,0,차대사람 - 횡단중,안전운전불이행,건조,맑음,교차로 - 교차로부근,승용,남,40세,상해없음,보행자,여,9세,경상
2016100900100372,2016년 10월 9일 16시,일요일,충청북도 청주시 청원구 율량동,경상사고,0,0,1,0,차대차 - 측면직각충돌,안전운전불이행,건조,맑음,교차로 - 교차로안,승용,여,44세,상해없음,이륜,남,56세,경상
2016100900100373,2016년 10월 9일 16시,일요일,충청북도 괴산군 소수면,경상사고,0,0,1,0,차대차 - 측면직각충돌,안전운전불이행,건조,맑음,교차로 - 교차로안,승용,남,51세,상해없음,화물,남,56세,경상
2016100900100374,2016년 10월 9일 16시,일요일,충청북도 진천군 광혜원면,경상사고,0,0,3,0,차대차 - 측면충돌,안전운전불이행,건조,맑음,교차로 - 교차로안,농기계,남,55세,상해없음,승합,남,56세,상해없음
2016100900100375,2016년 10월 9일 16시,일요일,충청북도 진천군 진천읍,경상사고,0,0,3,0,차대차 - 추돌,안전운전불이행,건조,맑음,단일로 - 기타,승용,남,55세,상해없음,승용,남,35세,경상
2016100900100418,2016년 10월 9일 17시,일요일,충청북도 충주시 교현동,중상사고,0,1,2,0,차대차 - 정면충돌,안전운전불이행,건조,맑음,단일로 - 기타,승용,남,56세,상해없음,승용,남,60세,경상
2016100900100462,2016년 10월 9일 18시,일요일,충청북도 청주시 서원구 사창동,중상사고,0,1,0,0,차대차 - 측면충돌,중앙선침범,건조,맑음,단일로 - 기타,자전거,남,12세,중상,승용,남,63세,상해없음
2016100900100506,2016년 10월 9일 19시,일요일,충청북도 청주시 청원구 내수읍,경상사고,0,0,6,0,차대차 - 추돌,안전운전불이행,건조,맑음,교차로 - 교차로부근,승용,남,64세,상해없음,승용,남,41세,경상
2016100900100507,2016년 10월 9일 19시,일요일,충청북도 충주시 문화동,경상사고,0,0,1,0,차대차 - 측면충돌,안전거리미확보,건조,맑음,교차로 - 교차로안,원동기,남,25세,상해없음,원동기,남,21세,경상
2016100900100508,2016년 10월 9일 19시,일요일,충청북도 충주시 호암동,경상사고,0,0,3,0,차대차 - 정면충돌,안전운전불이행,건조,맑음,단일로 - 기타,승용,여,45세,경상,승용,남,30세,경상
2016100900100509,2016년 10월 9일 19시,일요일,충청북도 진천군 진천읍,경상사고,0,0,1,0,차대차 - 추돌,안전운전불이행,건조,맑음,교차로 - 교차로안,승용,남,43세,기타불명,승용,여,52세,경상
2016100900100510,2016년 10월 9일 19시,일요일,충청북도 청주시 서원구 성화동,경상사고,0,0,1,0,차대사람 - 기타,안전운전불이행,건조,맑음,교차로 - 교차로부근,승용,남,30세,상해없음,보행자,여,44세,경상
2016100900100570,2016년 10월 9일 22시,일요일,충청북도 청주시 흥덕구 복대동,경상사고,0,0,1,0,차대차 - 추돌,교차로운행방법위반,기타,맑음,교차로 - 교차로부근,승용,여,37세,상해없음,승합,남,54세,상해없음
2016101000100012,2016년 10월 10일 01시,월요일,충청북도 청주시 청원구 내덕동,중상사고,0,1,0,0,차대차 - 측면충돌,교차로운행방법위반,건조,맑음,교차로 - 교차로안,이륜,남,60세,중상,승용,남,48세,상해없음
2016101000100022,2016년 10월 10일 03시,월요일,충청북도 청주시 상당구 문의면,경상사고,0,0,1,0,차량단독 - 전도전복,안전운전불이행,건조,맑음,단일로 - 기타,승용,남,28세,경상,,,,
2016101000100047,2016년 10월 10일 06시,월요일,충청북도 제천시 장락동,사망사고,1,0,0,0,차대사람 - 횡단중,안전운전불이행,건조,맑음,기타 - 기타,화물,여,48세,상해없음,보행자,여,81세,사망
2016101000100105,2016년 10월 10일 08시,월요일,충청북도 증평군 증평읍,부상신고사고,0,0,0,1,차대차 - 기타,안전운전불이행,건조,맑음,교차로 - 교차로부근,자전거,남,19세,부상신고,승용,남,39세,상해없음
2016101000100145,2016년 10월 10일 09시,월요일,충청북도 옥천군 옥천읍,중상사고,0,1,0,0,차대차 - 측면직각충돌,교차로운행방법위반,건조,맑음,교차로 - 교차로안,승용,남,53세,상해없음,원동기,여,65세,중상
2016101000100259,2016년 10월 10일 13시,월요일,충청북도 제천시 봉양읍,경상사고,0,0,1,0,차대차 - 측면직각충돌,중앙선침범,건조,맑음,단일로 - 기타,이륜,남,76세,경상,승용,여,44세,상해없음
2016101000100260,2016년 10월 10일 13시,월요일,충청북도 청주시 흥덕구 복대동,경상사고,0,0,1,0,차대차 - 기타,신호위반,건조,맑음,단일로 - 횡단보도상,이륜,남,19세,기타불명,이륜,남,49세,경상
2016101000100291,2016년 10월 10일 14시,월요일,충청북도 영동군 영동읍,경상사고,0,0,2,0,차대차 - 측면충돌,안전운전불이행,건조,맑음,교차로 - 교차로안,화물,남,43세,상해없음,승용,남,79세,경상
2016101000100335,2016년 10월 10일 15시,월요일,충청북도 청주시 청원구 내수읍,경상사고,0,0,2,0,차대차 - 기타,안전운전불이행,건조,맑음,단일로 - 기타,이륜,남,77세,경상,화물,남,41세,상해없음
2016101000100364,2016년 10월 10일 16시,월요일,충청북도 보은군 보은읍,경상사고,0,0,1,0,차대차 - 측면충돌,교차로운행방법위반,건조,맑음,교차로 - 교차로안,이륜,남,75세,경상,승합,남,46세,상해없음
2016101000100428,2016년 10월 10일 18시,월요일,충청북도 청주시 상당구 탑동,경상사고,0,0,1,0,차대차 - 측면충돌,신호위반,건조,맑음,교차로 - 교차로부근,승용,여,56세,상해없음,자전거,남,21세,경상
2016101000100480,2016년 10월 10일 19시,월요일,충청북도 청주시 청원구 우암동,경상사고,0,0,3,0,차대차 - 측면충돌,안전운전불이행,건조,맑음,교차로 - 교차로안,승용,남,30세,경상,승합,남,49세,경상
2016101000100481,2016년 10월 10일 19시,월요일,충청북도 청주시 청원구 내덕동,경상사고,0,0,1,0,차대차 - 기타,차로위반,건조,맑음,단일로 - 기타,승용,남,34세,기타불명,승용,남,71세,경상
2016101000100482,2016년 10월 10일 19시,월요일,충청북도 진천군 진천읍,경상사고,0,0,2,0,차대차 - 기타,안전운전불이행,건조,맑음,교차로 - 교차로안,농기계,남,49세,상해없음,승용,여,46세,경상
2016101000100483,2016년 10월 10일 19시,월요일,충청북도 청주시 상당구 용암동,중상사고,0,1,0,0,차대차 - 측면충돌,교차로운행방법위반,건조,맑음,교차로 - 교차로부근,승용,남,20세,상해없음,자전거,남,16세,중상
2016101000100484,2016년 10월 10일 19시,월요일,충청북도 청주시 상당구 석교동,경상사고,0,0,1,0,차대차 - 정면충돌,교차로운행방법위반,건조,맑음,교차로 - 교차로부근,승용,여,63세,상해없음,자전거,남,72세,경상
2016101000100517,2016년 10월 10일 20시,월요일,충청북도 청주시 흥덕구 비하동,중상사고,0,1,0,0,차대사람 - 횡단중,보행자보호의무위반,건조,맑음,교차로 - 교차로안,승용,남,47세,상해없음,보행자,여,56세,중상
2016101000100543,2016년 10월 10일 21시,월요일,충청북도 청주시 서원구 분평동,중상사고,0,1,0,0,차대차 - 측면충돌,신호위반,건조,맑음,교차로 - 교차로안,승용,남,56세,상해없음,이륜,남,32세,중상
2016101000100594,2016년 10월 10일 23시,월요일,충청북도 청주시 청원구 외하동,경상사고,0,0,3,0,차대차 - 기타,신호위반,건조,맑음,교차로 - 교차로안,승용,여,62세,경상,승용,남,55세,경상
2016101000100595,2016년 10월 10일 23시,월요일,충청북도 청주시 흥덕구 향정동,경상사고,0,0,1,0,차대차 - 정면충돌,안전운전불이행,건조,맑음,교차로 - 교차로부근,승용,남,37세,상해없음,화물,남,32세,경상
2016101000100596,2016년 10월 10일 23시,월요일,충청북도 청주시 상당구 미원면,경상사고,0,0,1,0,차량단독 - 전도전복,안전운전불이행,건조,맑음,단일로 - 기타,승용,남,52세,경상,,,,
2016101100100005,2016년 10월 11일 00시,화요일,충청북도 충주시 주덕읍,사망사고,1,0,0,0,차대사람 - 차도통행중,안전운전불이행,건조,맑음,단일로 - 기타,승용,남,36세,상해없음,보행자,여,58세,사망
2016101100100016,2016년 10월 11일 01시,화요일,충청북도 청주시 청원구 주중동,경상사고,0,0,1,0,차대차 - 추돌,안전운전불이행,건조,맑음,단일로 - 기타,승용,남,43세,상해없음,승용,남,27세,경상
2016101100100017,2016년 10월 11일 01시,화요일,충청북도 청주시 흥덕구 복대동,경상사고,0,0,1,0,차대차 - 정면충돌,신호위반,건조,맑음,교차로 - 교차로안,승용,남,25세,상해없음,승용,여,55세,경상
2016101100100043,2016년 10월 11일 04시,화요일,충청북도 청주시 흥덕구 오송읍,경상사고,0,0,2,0,차대차 - 측면직각충돌,신호위반,건조,맑음,교차로 - 교차로안,승용,여,26세,경상,승용,여,47세,경상
2016101100100064,2016년 10월 11일 06시,화요일,충청북도 청주시 서원구 사창동,중상사고,0,1,0,0,차대차 - 측면충돌,직진우회전진행방해,건조,맑음,교차로 - 교차로안,승용,남,37세,상해없음,자전거,남,73세,중상
2016101100100065,2016년 10월 11일 06시,화요일,충청북도 청주시 청원구 오창읍,중상사고,0,1,0,0,차대차 - 기타,안전운전불이행,습기,안개,교차로 - 교차로안,원동기,남,31세,중상,승용,남,30세,상해없음
2016101100100086,2016년 10월 11일 07시,화요일,충청북도 제천시 장락동,경상사고,0,0,1,0,차대차 - 측면충돌,안전운전불이행,건조,맑음,교차로 - 교차로안,승용,남,36세,상해없음,이륜,남,58세,경상
2016101100100087,2016년 10월 11일 07시,화요일,충청북도 진천군 초평면,중상사고,0,1,0,0,차대차 - 기타,직진우회전진행방해,건조,맑음,교차로 - 교차로안,승용,남,29세,상해없음,승용,남,45세,중상
2016101100100118,2016년 10월 11일 08시,화요일,충청북도 진천군 문백면,경상사고,0,0,2,0,차대차 - 기타,과속,건조,맑음,교차로 - 교차로안,승용,남,27세,경상,승용,여,44세,경상
2016101100100154,2016년 10월 11일 09시,화요일,충청북도 청주시 서원구 사창동,중상사고,0,1,0,0,차대차 - 측면충돌,안전운전불이행,건조,맑음,단일로 - 기타,이륜,남,81세,중상,승용,여,40세,상해없음
2016101100100155,2016년 10월 11일 09시,화요일,충청북도 제천시 명동,경상사고,0,0,1,0,차대사람 - 횡단중,안전운전불이행,건조,맑음,교차로 - 교차로부근,승용,여,55세,상해없음,보행자,여,42세,경상
2016101100100156,2016년 10월 11일 09시,화요일,충청북도 증평군 증평읍,중상사고,0,1,0,0,차대차 - 추돌,안전운전불이행,건조,맑음,단일로 - 기타,승용,여,50세,상해없음,승용,여,29세,중상
2016101100100183,2016년 10월 11일 10시,화요일,충청북도 청주시 청원구 오창읍,경상사고,0,0,1,0,차량단독 - 전도전복,안전운전불이행,건조,맑음,단일로 - 기타,건설기계,남,44세,경상,,,,
2016101100100184,2016년 10월 11일 10시,화요일,충청북도 청주시 흥덕구 봉명동,경상사고,0,0,2,1,차대차 - 측면충돌,안전운전불이행,건조,맑음,단일로 - 기타,승용,여,35세,상해없음,승용,남,61세,경상
2016101100100227,2016년 10월 11일 12시,화요일,충청북도 제천시 중앙로2가,경상사고,0,0,1,0,차대사람 - 횡단중,기타,건조,맑음,단일로 - 기타,승용,여,53세,상해없음,보행자,여,69세,경상
2016101100100228,2016년 10월 11일 12시,화요일,충청북도 음성군 감곡면,경상사고,0,0,2,0,차대차 - 기타,안전거리미확보,건조,맑음,단일로 - 기타,승용,남,47세,상해없음,승용,남,64세,상해없음
2016101100100229,2016년 10월 11일 12시,화요일,충청북도 진천군 진천읍,중상사고,0,1,0,0,차대차 - 측면충돌,안전운전불이행,건조,맑음,단일로 - 기타,원동기,남,83세,중상,화물,남,49세,기타불명
2016101100100266,2016년 10월 11일 13시,화요일,충청북도 증평군 증평읍,경상사고,0,0,3,0,차대차 - 측면직각충돌,교차로운행방법위반,건조,맑음,교차로 - 교차로안,승용,여,52세,경상,승용,남,60세,경상
2016101100100267,2016년 10월 11일 13시,화요일,충청북도 청주시 흥덕구 강내면,중상사고,0,1,0,0,차대차 - 측면직각충돌,교차로운행방법위반,건조,맑음,교차로 - 교차로안,승용,남,69세,중상,건설기계,남,62세,상해없음
2016101100100302,2016년 10월 11일 14시,화요일,충청북도 진천군 진천읍,경상사고,0,0,1,0,차대차 - 측면충돌,기타,건조,맑음,교차로 - 교차로부근,승용,여,36세,경상,승용,남,63세,상해없음
2016101100100303,2016년 10월 11일 14시,화요일,충청북도 청주시 흥덕구 복대동,경상사고,0,0,1,0,차대차 - 기타,신호위반,건조,맑음,교차로 - 교차로부근,화물,남,44세,상해없음,승용,남,45세,상해없음
2016101100100342,2016년 10월 11일 15시,화요일,충청북도 청주시 청원구 내수읍,중상사고,0,1,1,0,차대차 - 측면충돌,직진우회전진행방해,건조,맑음,교차로 - 교차로안,화물,남,28세,상해없음,화물,여,64세,경상
2016101100100343,2016년 10월 11일 15시,화요일,충청북도 음성군 금왕읍,사망사고,2,0,0,0,차대차 - 기타,중앙선침범,건조,맑음,단일로 - 기타,화물,남,62세,사망,화물,남,65세,사망
2016101100100383,2016년 10월 11일 16시,화요일,충청북도 증평군 증평읍,경상사고,0,0,1,0,차대차 - 측면충돌,중앙선침범,건조,맑음,단일로 - 기타,승용,남,61세,상해없음,이륜,남,72세,상해없음
2016101100100384,2016년 10월 11일 16시,화요일,충청북도 진천군 진천읍,경상사고,0,0,1,0,차대차 - 추돌,안전운전불이행,건조,맑음,단일로 - 기타,이륜,남,15세,경상,승용,여,38세,상해없음
2016101100100385,2016년 10월 11일 16시,화요일,충청북도 청주시 흥덕구 가경동,경상사고,0,0,3,0,차대차 - 추돌,안전운전불이행,건조,맑음,교차로 - 교차로부근,승용,남,55세,상해없음,승용,남,66세,경상
2016101100100467,2016년 10월 11일 18시,화요일,충청북도 충주시 금릉동,경상사고,0,0,1,0,차대차 - 측면충돌,신호위반,건조,맑음,교차로 - 교차로부근,승용,여,63세,상해없음,승용,남,72세,경상
2016101100100468,2016년 10월 11일 18시,화요일,충청북도 충주시 대소원면,중상사고,0,1,0,0,차대사람 - 기타,안전운전불이행,건조,맑음,교차로 - 교차로부근,승용,여,43세,상해없음,보행자,남,47세,중상
2016101100100469,2016년 10월 11일 18시,화요일,충청북도 충주시 수안보면,경상사고,0,0,4,0,차대차 - 정면충돌,직진우회전진행방해,건조,맑음,교차로 - 교차로안,화물,남,60세,상해없음,승용,남,31세,경상
2016101100100470,2016년 10월 11일 18시,화요일,충청북도 충주시 대소원면,중상사고,0,1,1,0,차대차 - 기타,안전운전불이행,건조,맑음,단일로 - 기타,승용,남,21세,상해없음,승용,남,36세,경상
2016101100100471,2016년 10월 11일 18시,화요일,충청북도 청주시 상당구 서운동,경상사고,0,0,1,0,차대사람 - 횡단중,안전운전불이행,건조,맑음,단일로 - 횡단보도상,승용,여,63세,상해없음,보행자,여,74세,경상
2016101100100472,2016년 10월 11일 18시,화요일,충청북도 청주시 상당구 석교동,경상사고,0,0,1,0,차대차 - 측면충돌,신호위반,건조,맑음,교차로 - 교차로안,승용,남,68세,상해없음,자전거,남,71세,경상
2016101100100523,2016년 10월 11일 19시,화요일,충청북도 청주시 상당구 용암동,경상사고,0,0,2,0,차대차 - 정면충돌,안전운전불이행,건조,맑음,교차로 - 교차로부근,승용,남,58세,상해없음,승용,여,47세,경상
2016101100100565,2016년 10월 11일 20시,화요일,충청북도 청주시 청원구 주성동,경상사고,0,0,1,0,차대사람 - 차도통행중,안전운전불이행,건조,맑음,단일로 - 기타,승용,여,47세,상해없음,보행자,여,25세,경상
2016101100100566,2016년 10월 11일 20시,화요일,충청북도 제천시 중앙로1가,경상사고,0,0,2,0,차대차 - 측면충돌,안전거리미확보,건조,맑음,단일로 - 기타,승용,남,24세,상해없음,승용,남,69세,경상
2016101200100038,2016년 10월 12일 02시,수요일,충청북도 청주시 상당구 금천동,부상신고사고,0,0,0,1,차대차 - 측면충돌,기타,건조,맑음,단일로 - 기타,원동기,남,24세,부상신고,승용,남,55세,상해없음
2016101200100051,2016년 10월 12일 03시,수요일,충청북도 청주시 서원구 현도면,중상사고,0,1,0,0,차대사람 - 기타,안전운전불이행,건조,맑음,단일로 - 기타,화물,남,58세,상해없음,보행자,남,71세,중상
2016101200100092,2016년 10월 12일 07시,수요일,충청북도 청주시 서원구 사창동,중상사고,0,1,0,0,차대차 - 측면직각충돌,안전운전불이행,건조,맑음,교차로 - 교차로안,이륜,남,62세,중상,승용,남,20세,상해없음
2016101200100131,2016년 10월 12일 08시,수요일,충청북도 진천군 진천읍,경상사고,0,0,1,0,차대차 - 기타,안전거리미확보,건조,맑음,교차로 - 교차로부근,승용,여,26세,상해없음,승용,여,47세,경상
2016101200100166,2016년 10월 12일 09시,수요일,충청북도 청주시 서원구 사창동,중상사고,0,1,0,0,차대사람 - 횡단중,안전운전불이행,건조,맑음,단일로 - 기타,승용,남,28세,상해없음,보행자,남,22세,중상
2016101200100167,2016년 10월 12일 09시,수요일,충청북도 괴산군 괴산읍,중상사고,0,1,0,0,차대차 - 추돌,안전운전불이행,건조,맑음,단일로 - 기타,승용,남,48세,상해없음,이륜,남,68세,중상
2016101200100230,2016년 10월 12일 11시,수요일,충청북도 청주시 흥덕구 봉명동,경상사고,0,0,1,0,차대차 - 기타,안전운전불이행,건조,맑음,단일로 - 기타,승합,남,47세,상해없음,승용,남,52세,상해없음
2016101200100268,2016년 10월 12일 12시,수요일,충청북도 청주시 흥덕구 복대동,중상사고,0,1,0,0,차대차 - 정면충돌,안전운전불이행,건조,맑음,교차로 - 교차로안,승용,남,55세,상해없음,이륜,남,37세,중상
2016101200100297,2016년 10월 12일 13시,수요일,충청북도 충주시 문화동,경상사고,0,0,3,0,차대차 - 측면충돌,안전거리미확보,건조,맑음,단일로 - 기타,화물,남,61세,상해없음,승용,남,44세,경상
2016101200100298,2016년 10월 12일 13시,수요일,충청북도 음성군 음성읍,경상사고,0,0,1,0,차대사람 - 기타,보행자보호의무위반,건조,맑음,단일로 - 기타,화물,남,59세,상해없음,보행자,여,78세,경상
2016101200100299,2016년 10월 12일 13시,수요일,충청북도 청주시 흥덕구 봉명동,경상사고,0,0,1,0,차대차 - 측면직각충돌,교차로운행방법위반,건조,맑음,교차로 - 교차로안,이륜,남,54세,경상,승용,여,60세,상해없음
2016101200100324,2016년 10월 12일 14시,수요일,충청북도 충주시 문화동,경상사고,0,0,1,0,차대차 - 측면충돌,안전운전불이행,건조,맑음,단일로 - 기타,화물,남,66세,상해없음,자전거,남,58세,경상
2016101200100325,2016년 10월 12일 14시,수요일,충청북도 청주시 흥덕구 강내면,경상사고,0,0,1,0,차대차 - 정면충돌,신호위반,건조,맑음,교차로 - 교차로안,이륜,남,58세,상해없음,승합,남,38세,상해없음
2016101200100358,2016년 10월 12일 15시,수요일,충청북도 청주시 서원구 사창동,경상사고,0,0,1,0,차대차 - 추돌,안전운전불이행,건조,맑음,단일로 - 기타,이륜,남,18세,경상,승용,여,34세,상해없음
2016101200100359,2016년 10월 12일 15시,수요일,충청북도 청주시 청원구 내덕동,중상사고,0,1,1,0,차대차 - 정면충돌,안전운전불이행,건조,맑음,교차로 - 교차로안,승용,여,21세,상해없음,승용,남,26세,경상
2016101200100394,2016년 10월 12일 16시,수요일,충청북도 청주시 흥덕구 봉명동,경상사고,0,0,2,0,차대차 - 추돌,안전운전불이행,건조,맑음,교차로 - 교차로부근,승용,남,41세,상해없음,승용,남,34세,경상
2016101200100490,2016년 10월 12일 18시,수요일,충청북도 제천시 명동,경상사고,0,0,1,0,차대사람 - 차도통행중,안전운전불이행,건조,기타,단일로 - 기타,승용,남,36세,상해없음,보행자,여,55세,경상
2016101200100491,2016년 10월 12일 18시,수요일,충청북도 제천시 교동,경상사고,0,0,3,0,차대차 - 기타,안전거리미확보,건조,맑음,기타 - 기타,승용,남,43세,경상,승용,남,22세,상해없음