사고번호,사고일시,요일,시군구,사고내용,사망자수,중상자수,경상자수,부상신고자수,사고유형,법규위반,노면상태,기상상태,도로형태,가해운전자 차종,가해운전자 성별,가해운전자 연령,가해운전자 상해정도,피해운전자 차종,피해운전자 성별,피해운전자 연령,피해운전자 상해정도
2016101600100461,2016년 10월 16일 19시,일요일,충청북도 충주시 성내동,경상사고,0,0,4,0,차대차 - 측면충돌,교차로운행방법위반,습기,비,교차로 - 교차로안,승합,남,63세,상해없음,승용,남,43세,경상
2016101600100462,2016년 10월 16일 19시,일요일,충청북도 충주시 칠금동,경상사고,0,0,1,0,차대차 - 측면충돌,안전거리미확보,건조,맑음,교차로 - 교차로부근,승용,남,41세,상해없음,승용,남,51세,경상
2016101600100463,2016년 10월 16일 19시,일요일,충청북도 제천시 영천동,경상사고,0,0,2,0,차대차 - 추돌,안전운전불이행,습기,맑음,교차로 - 교차로안,승용,남,23세,경상,승용,남,58세,경상
2016101600100464,2016년 10월 16일 19시,일요일,충청북도 청주시 흥덕구 봉명동,중상사고,0,1,0,0,차량단독 - 전도전복,안전운전불이행,습기,비,교차로 - 교차로안,승용,남,67세,중상,,,,
2016101600100506,2016년 10월 16일 20시,일요일,충청북도 청주시 청원구 내덕동,경상사고,0,0,1,0,차대차 - 정면충돌,중앙선침범,건조,맑음,교차로 - 교차로부근,승용,남,28세,상해없음,승용,여,29세,경상
2016101600100507,2016년 10월 16일 20시,일요일,충청북도 음성군 금왕읍,경상사고,0,0,4,0,차대차 - 측면충돌,교차로운행방법위반,습기,비,교차로 - 교차로안,승용,여,37세,상해없음,승용,여,39세,경상
2016101600100536,2016년 10월 16일 21시,일요일,충청북도 청주시 청원구 북이면,경상사고,0,0,1,0,차대차 - 측면직각충돌,안전운전불이행,습기,비,교차로 - 교차로부근,승용,남,39세,상해없음,승용,여,30세,경상
2016101600100537,2016년 10월 16일 21시,일요일,충청북도 옥천군 옥천읍,경상사고,0,0,5,0,차대차 - 측면직각충돌,직진우회전진행방해,습기,비,교차로 - 교차로안,승용,남,59세,상해없음,승용,남,30세,경상
2016101600100538,2016년 10월 16일 21시,일요일,충청북도 음성군 금왕읍,경상사고,0,0,1,0,차대차 - 기타,안전운전불이행,건조,맑음,단일로 - 기타,기타불명,기타불명,기타불명,기타불명,승용,남,30세,경상
2016101600100570,2016년 10월 16일 22시,일요일,충청북도 청주시 흥덕구 신봉동,경상사고,0,0,1,0,차대사람 - 횡단중,신호위반,습기,맑음,교차로 - 교차로안,원동기,남,51세,기타불명,보행자,여,28세,경상
2016101700100016,2016년 10월 17일 02시,월요일,충청북도 괴산군 괴산읍,부상신고사고,0,0,0,1,차량단독 - 전도전복,안전운전불이행,습기,비,교차로 - 교차로부근,자전거,남,39세,부상신고,,,,
2016101700100067,2016년 10월 17일 07시,월요일,충청북도 청주시 청원구 주중동,경상사고,0,0,1,0,차대사람 - 기타,안전운전불이행,건조,맑음,기타 - 기타,승용,남,26세,상해없음,보행자,여,57세,경상
2016101700100068,2016년 10월 17일 07시,월요일,충청북도 진천군 진천읍,중상사고,0,1,0,0,차대사람 - 차도통행중,안전운전불이행,건조,맑음,단일로 - 기타,화물,남,64세,상해없음,보행자,여,38세,중상
2016101700100183,2016년 10월 17일 10시,월요일,충청북도 음성군 금왕읍,경상사고,0,0,1,0,차대차 - 측면충돌,신호위반,건조,맑음,교차로 - 교차로안,화물,남,61세,상해없음,화물,남,39세,경상
2016101700100215,2016년 10월 17일 11시,월요일,충청북도 청주시 청원구 오창읍,중상사고,0,2,3,0,차대차 - 추돌,안전운전불이행,건조,맑음,교차로 - 교차로부근,승용,남,70세,경상,승용,여,30세,중상
2016101700100253,2016년 10월 17일 12시,월요일,충청북도 옥천군 옥천읍,중상사고,0,1,0,0,차대사람 - 차도통행중,안전운전불이행,건조,맑음,단일로 - 기타,승용,남,84세,상해없음,보행자,여,62세,중상
2016101700100254,2016년 10월 17일 12시,월요일,충청북도 진천군 문백면,경상사고,0,0,1,0,차량단독 - 전도전복,안전운전불이행,건조,맑음,단일로 - 기타,승합,남,35세,경상,,,,
2016101700100255,2016년 10월 17일 12시,월요일,충청북도 청주시 흥덕구 강서동,경상사고,0,0,1,0,차대차 - 기타,안전거리미확보,건조,맑음,단일로 - 횡단보도부근,승용,여,35세,상해없음,이륜,여,26세,경상
2016101700100256,2016년 10월 17일 12시,월요일,충청북도 청주시 상당구 용정동,경상사고,0,0,2,0,차대차 - 측면충돌,신호위반,건조,맑음,교차로 - 교차로안,승용,남,54세,상해없음,화물,남,40세,경상
2016101700100284,2016년 10월 17일 13시,월요일,충청북도 충주시 금릉동,중상사고,0,1,0,0,차대차 - 정면충돌,안전운전불이행,건조,맑음,교차로 - 교차로안,승용,여,30세,상해없음,이륜,여,72세,중상
2016101700100285,2016년 10월 17일 13시,월요일,충청북도 충주시 주덕읍,경상사고,0,0,1,0,차대차 - 측면충돌,신호위반,건조,맑음,교차로 - 교차로안,승용,여,55세,경상,승용,남,47세,상해없음
2016101700100286,2016년 10월 17일 13시,월요일,충청북도 제천시 명지동,중상사고,0,2,2,0,차대차 - 측면충돌,안전운전불이행,건조,흐림,교차로 - 교차로안,승용,남,49세,경상,승용,남,69세,경상
2016101700100287,2016년 10월 17일 13시,월요일,충청북도 진천군 진천읍,경상사고,0,0,1,0,차대사람 - 차도통행중,안전운전불이행,건조,맑음,교차로 - 교차로부근,승용,남,50세,상해없음,보행자,남,9세,경상
2016101700100288,2016년 10월 17일 13시,월요일,충청북도 청주시 흥덕구 비하동,경상사고,0,0,2,0,차대차 - 정면충돌,안전운전불이행,건조,맑음,단일로 - 기타,승용,남,36세,상해없음,승용,여,52세,경상
2016101700100323,2016년 10월 17일 14시,월요일,충청북도 진천군 진천읍,경상사고,0,0,1,0,차대사람 - 횡단중,보행자보호의무위반,건조,맑음,교차로 - 교차로안,승용,여,52세,상해없음,보행자,여,7세,경상
2016101700100324,2016년 10월 17일 14시,월요일,충청북도 청주시 서원구 모충동,경상사고,0,0,1,0,차대차 - 정면충돌,안전운전불이행,건조,맑음,단일로 - 기타,승용,남,20세,상해없음,자전거,여,57세,경상
2016101700100365,2016년 10월 17일 15시,월요일,충청북도 청주시 서원구 사직동,경상사고,0,0,2,0,차대차 - 측면충돌,교차로운행방법위반,건조,맑음,교차로 - 교차로안,승용,남,70세,상해없음,승용,남,60세,경상
2016101700100366,2016년 10월 17일 15시,월요일,충청북도 단양군 단양읍,중상사고,0,1,0,0,차대차 - 측면직각충돌,직진우회전진행방해,건조,맑음,교차로 - 교차로안,승용,여,43세,상해없음,승용,남,66세,중상
2016101700100367,2016년 10월 17일 15시,월요일,충청북도 청주시 흥덕구 오송읍,중상사고,0,1,5,0,차대차 - 기타,교차로운행방법위반,건조,맑음,교차로 - 교차로안,승용,남,25세,상해없음,승합,남,61세,경상
2016101700100448,2016년 10월 17일 17시,월요일,충청북도 청주시 청원구 내덕동,경상사고,0,0,2,0,차대차 - 기타,안전운전불이행,건조,맑음,단일로 - 기타,승용,남,21세,상해없음,승합,남,55세,상해없음
2016101700100449,2016년 10월 17일 17시,월요일,충청북도 충주시 교현동,경상사고,0,0,1,0,차대차 - 정면충돌,안전운전불이행,건조,맑음,교차로 - 교차로부근,원동기,남,17세,상해없음,승용,남,63세,경상
2016101700100450,2016년 10월 17일 17시,월요일,충청북도 충주시 성서동,경상사고,0,0,1,0,차대차 - 정면충돌,안전운전불이행,건조,맑음,단일로 - 기타,승용,여,51세,상해없음,이륜,남,42세,경상
2016101700100451,2016년 10월 17일 17시,월요일,충청북도 영동군 영동읍,경상사고,0,0,1,0,차대사람 - 기타,안전운전불이행,건조,맑음,단일로 - 기타,승용,남,36세,상해없음,보행자,남,11세,경상
2016101700100452,2016년 10월 17일 17시,월요일,충청북도 청주시 서원구 남이면,중상사고,0,1,0,0,차대사람 - 길가장자리구역통행중,안전운전불이행,건조,맑음,단일로 - 기타,화물,남,50세,상해없음,보행자,여,64세,중상
2016101700100494,2016년 10월 17일 18시,월요일,충청북도 충주시 달천동,중상사고,0,1,2,1,차대차 - 측면충돌,안전운전불이행,건조,맑음,단일로 - 교량,승용,여,39세,부상신고,승용,남,32세,경상
2016101700100495,2016년 10월 17일 18시,월요일,충청북도 청주시 흥덕구 옥산면,경상사고,0,0,6,0,차대차 - 추돌,안전거리미확보,건조,맑음,단일로 - 기타,승용,남,25세,경상,승용,남,27세,경상
2016101700100536,2016년 10월 17일 19시,월요일,충청북도 청주시 서원구 사창동,경상사고,0,0,1,0,차대차 - 측면충돌,안전거리미확보,건조,맑음,단일로 - 기타,승용,남,55세,상해없음,승용,남,41세,경상
2016101700100537,2016년 10월 17일 19시,월요일,충청북도 청주시 상당구 용암동,중상사고,0,1,0,0,차대사람 - 횡단중,보행자보호의무위반,건조,맑음,교차로 - 교차로부근,승용,여,58세,상해없음,보행자,여,58세,중상
2016101700100538,2016년 10월 17일 19시,월요일,충청북도 청주시 서원구 산남동,경상사고,0,0,1,0,차대차 - 측면충돌,안전운전불이행,건조,맑음,기타 - 기타,승용,남,40세,상해없음,승용,여,32세,경상
2016101700100585,2016년 10월 17일 20시,월요일,충청북도 청주시 청원구 오창읍,경상사고,0,0,1,0,차대차 - 측면충돌,안전운전불이행,건조,기타,단일로 - 횡단보도상,승용,남,60세,상해없음,자전거,남,14세,경상
2016101700100586,2016년 10월 17일 20시,월요일,충청북도 청주시 흥덕구 복대동,경상사고,0,0,1,0,차대차 - 측면직각충돌,안전운전불이행,건조,맑음,교차로 - 교차로안,승합,여,45세,상해없음,자전거,남,24세,경상
2016101700100623,2016년 10월 17일 21시,월요일,충청북도 청주시 청원구 사천동,중상사고,0,1,1,0,차대차 - 측면직각충돌,교차로운행방법위반,건조,맑음,교차로 - 교차로부근,화물,남,49세,중상,승용,여,53세,경상
2016101700100624,2016년 10월 17일 21시,월요일,충청북도 청주시 흥덕구 복대동,경상사고,0,0,1,0,차대사람 - 길가장자리구역통행중,안전운전불이행,건조,맑음,단일로 - 기타,승용,남,35세,상해없음,보행자,남,44세,경상
2016101700100625,2016년 10월 17일 21시,월요일,충청북도 청주시 흥덕구 신봉동,경상사고,0,0,1,0,차대차 - 정면충돌,안전운전불이행,건조,맑음,교차로 - 교차로부근,승용,여,59세,상해없음,승용,남,34세,경상
2016101700100672,2016년 10월 17일 23시,월요일,충청북도 진천군 덕산면,경상사고,0,0,1,0,차량단독 - 전도전복,중앙선침범,건조,맑음,단일로 - 기타,승용,남,26세,경상,,,,
2016101800100056,2016년 10월 18일 06시,화요일,충청북도 음성군 대소면,경상사고,0,0,1,0,차대차 - 정면충돌,안전운전불이행,습기,안개,교차로 - 교차로안,승용,남,35세,상해없음,승용,남,42세,상해없음
2016101800100082,2016년 10월 18일 07시,화요일,충청북도 청주시 청원구 오창읍,경상사고,0,0,1,0,차대차 - 정면충돌,중앙선침범,기타,안개,교차로 - 교차로부근,승용,남,31세,상해없음,승용,남,38세,경상
2016101800100124,2016년 10월 18일 08시,화요일,충청북도 제천시 천남동,경상사고,0,0,1,0,차대차 - 추돌,안전거리미확보,습기,맑음,교차로 - 교차로부근,건설기계,남,52세,상해없음,승용,남,67세,경상
2016101800100125,2016년 10월 18일 08시,화요일,충청북도 청주시 흥덕구 복대동,부상신고사고,0,0,0,1,차대차 - 측면직각충돌,안전거리미확보,건조,맑음,교차로 - 교차로부근,승용,여,31세,부상신고,승합,남,58세,상해없음
2016101800100126,2016년 10월 18일 08시,화요일,충청북도 청주시 상당구 용암동,중상사고,0,1,0,0,차대차 - 측면충돌,안전운전불이행,건조,맑음,교차로 - 교차로부근,승용,여,36세,상해없음,이륜,남,28세,중상
2016101800100170,2016년 10월 18일 09시,화요일,충청북도 청주시 서원구 현도면,사망사고,1,0,0,0,차대차 - 정면충돌,차로위반,건조,맑음,교차로 - 교차로부근,자전거,남,72세,사망,화물,남,52세,상해없음
2016101800100198,2016년 10월 18일 10시,화요일,충청북도 괴산군 청천면,중상사고,0,1,0,0,차대사람 - 길가장자리구역통행중,안전운전불이행,건조,맑음,단일로 - 기타,이륜,여,54세,상해없음,보행자,여,82세,중상
2016101800100199,2016년 10월 18일 10시,화요일,충청북도 청주시 상당구 용담동,경상사고,0,0,2,0,차대차 - 정면충돌,안전운전불이행,건조,맑음,기타 - 기타,승용,남,34세,상해없음,승용,여,41세,경상
2016101800100229,2016년 10월 18일 11시,화요일,충청북도 청주시 서원구 사창동,경상사고,0,0,3,0,차대사람 - 기타,안전운전불이행,건조,맑음,교차로 - 교차로안,승용,여,34세,경상,보행자,여,51세,경상
2016101800100230,2016년 10월 18일 11시,화요일,충청북도 청주시 흥덕구 봉명동,경상사고,0,0,1,0,차대차 - 정면충돌,교차로운행방법위반,건조,맑음,교차로 - 교차로안,승용,남,30세,상해없음,승용,여,45세,경상
2016101800100274,2016년 10월 18일 13시,화요일,충청북도 청주시 청원구 사천동,경상사고,0,0,1,0,차대차 - 추돌,안전운전불이행,건조,맑음,단일로 - 기타,승용,남,27세,상해없음,승용,남,58세,상해없음
2016101800100310,2016년 10월 18일 14시,화요일,충청북도 청주시 청원구 내덕동,중상사고,0,1,0,0,차대차 - 정면충돌,신호위반,건조,맑음,교차로 - 교차로안,승용,여,24세,상해없음,이륜,남,25세,중상
2016101800100311,2016년 10월 18일 14시,화요일,충청북도 증평군 증평읍,중상사고,0,1,7,0,차대차 - 추돌,안전거리미확보,건조,맑음,교차로 - 교차로안,승용,남,53세,상해없음,승용,남,57세,경상
2016101800100312,2016년 10월 18일 14시,화요일,충청북도 옥천군 옥천읍,중상사고,0,1,0,0,차대차 - 측면직각충돌,교차로운행방법위반,건조,맑음,교차로 - 교차로안,이륜,남,86세,중상,승용,여,27세,상해없음
2016101800100345,2016년 10월 18일 15시,화요일,충청북도 음성군 원남면,중상사고,0,1,0,1,차대차 - 측면충돌,안전운전불이행,건조,맑음,교차로 - 교차로부근,승용,남,57세,부상신고,화물,남,55세,중상
2016101800100346,2016년 10월 18일 15시,화요일,충청북도 음성군 금왕읍,중상사고,0,1,0,0,차대차 - 측면직각충돌,교차로운행방법위반,건조,맑음,교차로 - 교차로안,승용,남,39세,상해없음,이륜,남,51세,중상
2016101800100347,2016년 10월 18일 15시,화요일,충청북도 청주시 흥덕구 향정동,중상사고,0,1,1,0,차대차 - 측면직각충돌,중앙선침범,건조,맑음,교차로 - 교차로부근,승용,남,59세,상해없음,승용,남,45세,경상
2016101800100379,2016년 10월 18일 16시,화요일,충청북도 청주시 청원구 오창읍,경상사고,0,0,3,0,차대차 - 기타,신호위반,건조,맑음,교차로 - 교차로안,화물,남,60세,기타불명,승용,여,59세,경상
2016101800100454,2016년 10월 18일 18시,화요일,충청북도 청주시 흥덕구 강서동,경상사고,0,0,2,0,차대차 - 기타,안전거리미확보,건조,맑음,단일로 - 기타,승용,남,50세,상해없음,승용,남,26세,경상
2016101800100514,2016년 10월 18일 19시,화요일,충청북도 음성군 감곡면,중상사고,0,1,0,0,차대차 - 기타,안전운전불이행,건조,맑음,기타 - 기타,승용,남,81세,상해없음,승용,남,64세,중상
2016101800100515,2016년 10월 18일 19시,화요일,충청북도 음성군 대소면,중상사고,0,1,2,0,차대차 - 측면충돌,교차로운행방법위반,건조,맑음,교차로 - 교차로안,승용,남,48세,중상,승용,남,34세,경상
2016101800100565,2016년 10월 18일 20시,화요일,충청북도 진천군 광혜원면,중상사고,0,1,0,0,차대차 - 정면충돌,중앙선침범,건조,맑음,단일로 - 기타,승용,남,49세,상해없음,승용,남,40세,중상
2016101800100590,2016년 10월 18일 21시,화요일,충청북도 청주시 청원구 오창읍,중상사고,0,2,0,0,차대차 - 정면충돌,중앙선침범,건조,맑음,교차로 - 교차로부근,승용,남,68세,상해없음,승용,남,55세,중상
2016101800100591,2016년 10월 18일 21시,화요일,충청북도 청주시 청원구 북이면,경상사고,0,0,2,0,차대차 - 측면직각충돌,중앙선침범,건조,맑음,단일로 - 기타,기타불명,기타불명,기타불명,기타불명,승용,여,62세,경상
2016101800100592,2016년 10월 18일 21시,화요일,충청북도 청주시 흥덕구 현암동,부상신고사고,0,0,0,1,차대차 - 측면직각충돌,안전운전불이행,습기,안개,단일로 - 기타,화물,남,54세,상해없음,승용,여,35세,부상신고
2016101900100027,2016년 10월 19일 01시,수요일,충청북도 청주시 청원구 율량동,경상사고,0,0,1,0,차대차 - 정면충돌,중앙선침범,건조,맑음,교차로 - 교차로부근,승용,남,25세,상해없음,승용,남,59세,경상
2016101900100039,2016년 10월 19일 03시,수요일,충청북도 괴산군 사리면,중상사고,0,1,0,0,차량단독 - 전도전복,안전운전불이행,건조,흐림,단일로 - 기타,승용,남,69세,중상,,,,
2016101900100040,2016년 10월 19일 03시,수요일,충청북도 청주시 서원구 분평동,사망사고,1,0,0,0,차대사람 - 횡단중,과속,기타,안개,단일로 - 기타,승용,남,24세,상해없음,보행자,남,37세,사망
2016101900100049,2016년 10월 19일 05시,수요일,충청북도 청주시 청원구 내수읍,경상사고,0,0,2,0,차대차 - 추돌,안전운전불이행,건조,맑음,단일로 - 기타,승용,남,30세,경상,화물,남,59세,경상
2016101900100082,2016년 10월 19일 07시,수요일,충청북도 청주시 서원구 사창동,중상사고,0,1,0,0,차대차 - 기타,기타,건조,맑음,교차로 - 교차로부근,승용,남,57세,상해없음,이륜,남,65세,중상
2016101900100083,2016년 10월 19일 07시,수요일,충청북도 보은군 탄부면,경상사고,0,0,1,0,차대차 - 정면충돌,중앙선침범,기타,안개,교차로 - 교차로안,원동기,여,57세,경상,승용,남,52세,상해없음
2016101900100084,2016년 10월 19일 07시,수요일,충청북도 단양군 영춘면,중상사고,0,1,0,0,차대차 - 측면충돌,안전운전불이행,습기,안개,교차로 - 교차로안,농기계,남,40세,상해없음,화물,남,58세,중상
2016101900100085,2016년 10월 19일 07시,수요일,충청북도 청주시 흥덕구 오송읍,경상사고,0,0,3,0,차대차 - 정면충돌,안전거리미확보,습기,안개,단일로 - 기타,화물,남,55세,상해없음,승용,남,27세,경상
2016101900100110,2016년 10월 19일 08시,수요일,충청북도 음성군 대소면,경상사고,0,0,1,0,차대차 - 기타,신호위반,건조,맑음,교차로 - 교차로안,승합,남,29세,상해없음,승합,남,47세,경상
2016101900100177,2016년 10월 19일 10시,수요일,충청북도 청주시 청원구 율량동,사망사고,1,1,0,0,차대차 - 측면충돌,중앙선침범,건조,맑음,단일로 - 기타,화물,남,78세,사망,승용,남,51세,중상
2016101900100210,2016년 10월 19일 11시,수요일,충청북도 증평군 증평읍,중상사고,0,1,1,0,차대차 - 측면직각충돌,안전운전불이행,건조,맑음,교차로 - 교차로안,건설기계,남,49세,상해없음,이륜,남,81세,경상
2016101900100211,2016년 10월 19일 11시,수요일,충청북도 청주시 흥덕구 신봉동,중상사고,0,1,0,0,차대차 - 측면직각충돌,안전운전불이행,건조,맑음,교차로 - 교차로부근,승용,남,41세,상해없음,자전거,남,80세,중상
2016101900100268,2016년 10월 19일 13시,수요일,충청북도 청주시 서원구 사직동,중상사고,0,1,0,0,차대사람 - 횡단중,신호위반,건조,맑음,교차로 - 교차로부근,승용,남,71세,상해없음,보행자,여,74세,중상
2016101900100269,2016년 10월 19일 13시,수요일,충청북도 청주시 상당구 용암동,경상사고,0,0,1,0,차대차 - 정면충돌,안전운전불이행,건조,맑음,교차로 - 교차로안,승용,남,29세,상해없음,승용,여,47세,경상
2016101900100301,2016년 10월 19일 14시,수요일,충청북도 제천시 장락동,중상사고,0,1,0,0,차대사람 - 횡단중,안전운전불이행,건조,맑음,단일로 - 기타,승용,남,65세,상해없음,보행자,남,6세,중상
2016101900100302,2016년 10월 19일 14시,수요일,충청북도 영동군 심천면,중상사고,0,1,0,0,차대차 - 기타,안전운전불이행,건조,맑음,교차로 - 교차로안,화물,남,56세,상해없음,농기계,남,82세,중상
2016101900100303,2016년 10월 19일 14시,수요일,충청북도 진천군 진천읍,경상사고,0,0,1,0,차대차 - 추돌,안전거리미확보,건조,맑음,교차로 - 교차로안,화물,남,50세,상해없음,화물,여,61세,경상
2016101900100304,2016년 10월 19일 14시,수요일,충청북도 청주시 흥덕구 복대동,경상사고,0,0,1,0,차대사람 - 횡단중,안전운전불이행,건조,맑음,단일로 - 기타,승용,남,35세,상해없음,보행자,남,79세,경상
2016101900100419,2016년 10월 19일 17시,수요일,충청북도 청주시 서원구 사창동,경상사고,0,0,1,0,차대사람 - 기타,기타,건조,맑음,단일로 - 기타,승합,남,34세,기타불명,보행자,여,49세,경상
2016101900100420,2016년 10월 19일 17시,수요일,충청북도 충주시 교현동,경상사고,0,0,1,0,차대차 - 측면충돌,안전운전불이행,건조,맑음,단일로 - 기타,승용,남,54세,상해없음,승용,남,59세,경상
2016101900100421,2016년 10월 19일 17시,수요일,충청북도 청주시 흥덕구 강내면,중상사고,0,1,0,0,차대차 - 정면충돌,안전운전불이행,건조,맑음,교차로 - 교차로부근,승용,남,50세,중상,화물,남,41세,상해없음
2016101900100460,2016년 10월 19일 18시,수요일,충청북도 청주시 청원구 내수읍,중상사고,0,1,2,0,차대차 - 추돌,안전운전불이행,건조,맑음,단일로 - 기타,화물,남,58세,상해없음,승용,남,50세,중상
2016101900100461,2016년 10월 19일 18시,수요일,충청북도 충주시 연수동,경상사고,0,0,3,0,차대차 - 정면충돌,안전운전불이행,건조,맑음,단일로 - 기타,승용,여,29세,상해없음,승용,여,45세,경상
2016101900100462,2016년 10월 19일 18시,수요일,충청북도 충주시 금릉동,경상사고,0,0,2,0,차대차 - 정면충돌,안전운전불이행,건조,맑음,단일로 - 기타,승용,남,57세,상해없음,화물,남,51세,경상
2016101900100463,2016년 10월 19일 18시,수요일,충청북도 충주시 연수동,경상사고,0,0,1,0,차대차 - 측면충돌,신호위반,건조,맑음,교차로 - 교차로안,승용,남,74세,상해없음,승용,남,42세,경상
2016101900100464,2016년 10월 19일 18시,수요일,충청북도 충주시 봉방동,경상사고,0,0,2,0,차대차 - 정면충돌,안전거리미확보,건조,맑음,단일로 - 기타,승용,남,29세,상해없음,승용,여,31세,경상
2016101900100466,2016년 10월 19일 18시,수요일,충청북도 충주시 안림동,경상사고,0,0,2,0,차대차 - 측면충돌,안전운전불이행,건조,맑음,단일로 - 기타,승용,남,62세,상해없음,승용,여,28세,경상
2016101900100467,2016년 10월 19일 18시,수요일,충청북도 청주시 흥덕구 복대동,경상사고,0,0,1,0,차대사람 - 횡단중,안전운전불이행,건조,맑음,단일로 - 기타,승용,여,40세,상해없음,보행자,여,37세,경상
2016101900100468,2016년 10월 19일 18시,수요일,충청북도 청주시 서원구 분평동,경상사고,0,0,1,0,차대차 - 기타,교차로운행방법위반,건조,맑음,교차로 - 교차로안,이륜,남,30세,경상,승용,남,50세,상해없음
2016101900100530,2016년 10월 19일 19시,수요일,충청북도 청주시 흥덕구 운천동,경상사고,0,0,1,0,차대차 - 기타,안전운전불이행,건조,맑음,교차로 - 교차로부근,승용,남,58세,상해없음,이륜,남,44세,경상
2016101900100531,2016년 10월 19일 19시,수요일,충청북도 청주시 흥덕구 송정동,경상사고,0,0,6,0,차대차 - 추돌,안전운전불이행,건조,맑음,교차로 - 교차로부근,승용,남,48세,상해없음,승용,남,28세,경상
2016101900100532,2016년 10월 19일 19시,수요일,충청북도 청주시 흥덕구 송정동,경상사고,0,0,5,0,차대차 - 측면직각충돌,교차로운행방법위반,건조,맑음,교차로 - 교차로안,승용,남,39세,경상,승용,남,56세,경상
2016101900100574,2016년 10월 19일 20시,수요일,충청북도 청주시 흥덕구 비하동,경상사고,0,0,1,0,차대차 - 정면충돌,안전운전불이행,건조,맑음,단일로 - 기타,승용,남,54세,상해없음,이륜,남,24세,경상
2016101900100575,2016년 10월 19일 20시,수요일,충청북도 청주시 흥덕구 봉명동,중상사고,0,1,2,0,차대차 - 정면충돌,안전운전불이행,건조,맑음,단일로 - 기타,이륜,남,33세,중상,승용,남,41세,경상
2016101900100660,2016년 10월 19일 23시,수요일,충청북도 제천시 신백동,경상사고,0,0,1,0,차대차 - 측면충돌,안전운전불이행,건조,맑음,단일로 - 기타,승용,남,30세,상해없음,승용,여,32세,경상
2016101900100661,2016년 10월 19일 23시,수요일,충청북도 제천시 신월동,중상사고,0,1,0,0,차대사람 - 횡단중,보행자보호의무위반,건조,맑음,교차로 - 교차로부근,승용,남,50세,상해없음,보행자,여,23세,중상
2016101900100662,2016년 10월 19일 23시,수요일,충청북도 청주시 서원구 산남동,경상사고,0,0,4,0,차대차 - 측면충돌,신호위반,건조,맑음,교차로 - 교차로안,승용,남,49세,상해없음,승용,여,46세,경상
2016102000100023,2016년 10월 20일 01시,목요일,충청북도 증평군 증평읍,경상사고,0,0,1,0,차대사람 - 기타,안전운전불이행,건조,맑음,단일로 - 기타,승용,남,59세,기타불명,보행자,남,43세,경상
2016102000100065,2016년 10월 20일 06시,목요일,충청북도 괴산군 괴산읍,중상사고,0,1,0,0,차대차 - 측면직각충돌,중앙선침범,습기,안개,단일로 - 기타,이륜,남,57세,중상,승용,남,40세,상해없음
2016102000100082,2016년 10월 20일 07시,목요일,충청북도 청주시 청원구 우암동,중상사고,0,2,2,0,차대차 - 정면충돌,안전운전불이행,건조,맑음,교차로 - 교차로안,승용,남,58세,경상,승용,남,39세,경상
2016102000100083,2016년 10월 20일 07시,목요일,충청북도 청주시 청원구 사천동,경상사고,0,0,2,0,차대차 - 기타,차로위반,건조,맑음,교차로 - 교차로부근,승용,여,47세,상해없음,승용,남,27세,경상
2016102000100084,2016년 10월 20일 07시,목요일,충청북도 청주시 흥덕구 비하동,경상사고,0,0,1,0,차대차 - 기타,교차로운행방법위반,건조,맑음,교차로 - 교차로안,승합,남,63세,상해없음,승용,여,30세,경상
2016102000100113,2016년 10월 20일 08시,목요일,충청북도 충주시 달천동,중상사고,0,1,0,1,차대차 - 측면충돌,안전거리미확보,건조,맑음,교차로 - 교차로부근,승용,여,33세,부상신고,승용,여,50세,중상
2016102000100154,2016년 10월 20일 09시,목요일,충청북도 음성군 생극면,중상사고,0,3,3,0,차대차 - 측면충돌,신호위반,건조,맑음,교차로 - 교차로안,승합,남,29세,경상,승합,남,60세,중상
2016102000100183,2016년 10월 20일 10시,목요일,충청북도 청주시 청원구 내덕동,경상사고,0,0,1,0,차대차 - 측면직각충돌,신호위반,건조,맑음,교차로 - 교차로안,승용,여,49세,상해없음,이륜,남,59세,경상
2016102000100184,2016년 10월 20일 10시,목요일,충청북도 괴산군 괴산읍,경상사고,0,0,2,0,차대차 - 측면직각충돌,신호위반,건조,흐림,교차로 - 교차로안,승용,남,18세,상해없음,승용,여,26세,경상
2016102000100185,2016년 10월 20일 10시,목요일,충청북도 청주시 서원구 사직동,경상사고,0,0,2,0,차대차 - 추돌,안전운전불이행,건조,맑음,교차로 - 교차로안,승용,남,59세,상해없음,승용,여,51세,경상
2016102000100215,2016년 10월 20일 11시,목요일,충청북도 청주시 흥덕구 신봉동,경상사고,0,0,2,0,차대차 - 정면충돌,안전운전불이행,건조,맑음,교차로 - 교차로안,승용,남,28세,상해없음,승용,여,31세,경상
2016102000100236,2016년 10월 20일 12시,목요일,충청북도 충주시 교현동,중상사고,0,1,0,1,차대사람 - 횡단중,보행자보호의무위반,건조,맑음,단일로 - 횡단보도상,승용,남,74세,부상신고,보행자,여,70세,중상
2016102000100237,2016년 10월 20일 12시,목요일,충청북도 충주시 문화동,경상사고,0,0,4,0,차대차 - 정면충돌,안전운전불이행,건조,맑음,단일로 - 기타,승용,남,62세,상해없음,화물,남,49세,경상