사고번호,사고일시,요일,시군구,사고내용,사망자수,중상자수,경상자수,부상신고자수,사고유형,법규위반,노면상태,기상상태,도로형태,가해운전자 차종,가해운전자 성별,가해운전자 연령,가해운전자 상해정도,피해운전자 차종,피해운전자 성별,피해운전자 연령,피해운전자 상해정도
2016102800100313,2016년 10월 28일 14시,금요일,충청북도 청주시 서원구 모충동,부상신고사고,0,0,0,1,차대차 - 측면충돌,안전운전불이행,건조,맑음,교차로 - 교차로안,자전거,남,66세,부상신고,승합,남,55세,상해없음
2016102800100314,2016년 10월 28일 14시,금요일,충청북도 청주시 상당구 석교동,경상사고,0,0,1,0,차대차 - 추돌,안전운전불이행,건조,맑음,단일로 - 기타,승용,남,68세,상해없음,승용,여,34세,경상
2016102800100344,2016년 10월 28일 15시,금요일,충청북도 청주시 서원구 현도면,경상사고,0,0,1,0,차대차 - 추돌,안전운전불이행,건조,맑음,교차로 - 교차로부근,화물,남,63세,경상,화물,남,59세,상해없음
2016102800100345,2016년 10월 28일 15시,금요일,충청북도 청주시 서원구 산남동,경상사고,0,0,3,0,차대차 - 정면충돌,안전운전불이행,건조,맑음,단일로 - 기타,승용,남,69세,상해없음,승용,남,47세,경상
2016102800100346,2016년 10월 28일 15시,금요일,충청북도 청주시 상당구 금천동,경상사고,0,0,1,0,차대차 - 정면충돌,안전운전불이행,건조,맑음,기타 - 기타,승용,여,22세,상해없음,승용,여,41세,경상
2016102800100382,2016년 10월 28일 16시,금요일,충청북도 청주시 청원구 내덕동,경상사고,0,0,1,0,차대차 - 추돌,안전운전불이행,건조,맑음,교차로 - 교차로안,승합,남,51세,기타불명,승용,여,39세,경상
2016102800100383,2016년 10월 28일 16시,금요일,충청북도 청주시 서원구 개신동,경상사고,0,0,1,0,차대차 - 측면충돌,안전운전불이행,건조,맑음,교차로 - 교차로안,화물,남,59세,상해없음,승용,여,58세,경상
2016102800100384,2016년 10월 28일 16시,금요일,충청북도 청주시 청원구 우암동,중상사고,0,1,0,0,차대사람 - 기타,안전운전불이행,건조,맑음,교차로 - 교차로부근,승용,남,48세,상해없음,보행자,여,80세,중상
2016102800100385,2016년 10월 28일 16시,금요일,충청북도 음성군 감곡면,중상사고,0,1,0,0,차대차 - 측면충돌,안전운전불이행,건조,맑음,교차로 - 교차로안,승용,여,36세,상해없음,이륜,남,73세,중상
2016102800100386,2016년 10월 28일 16시,금요일,충청북도 청주시 흥덕구 봉명동,경상사고,0,0,1,0,차대차 - 정면충돌,안전운전불이행,습기,흐림,단일로 - 기타,이륜,남,21세,경상,승용,남,64세,상해없음
2016102800100420,2016년 10월 28일 17시,금요일,충청북도 음성군 삼성면,중상사고,0,1,0,0,차대사람 - 기타,안전운전불이행,건조,맑음,교차로 - 교차로부근,승용,남,23세,상해없음,보행자,남,48세,중상
2016102800100421,2016년 10월 28일 17시,금요일,충청북도 음성군 맹동면,경상사고,0,0,2,0,차대차 - 측면충돌,교차로운행방법위반,건조,흐림,교차로 - 교차로안,승용,여,49세,상해없음,승용,남,26세,경상
2016102800100469,2016년 10월 28일 18시,금요일,충청북도 청주시 서원구 사창동,경상사고,0,0,1,0,차대차 - 정면충돌,안전운전불이행,건조,맑음,교차로 - 교차로부근,화물,남,54세,상해없음,승용,여,45세,경상
2016102800100511,2016년 10월 28일 19시,금요일,충청북도 청주시 청원구 율량동,중상사고,0,1,1,0,차대차 - 기타,교차로운행방법위반,건조,맑음,교차로 - 교차로안,이륜,남,16세,경상,승용,남,56세,상해없음
2016102800100549,2016년 10월 28일 20시,금요일,충청북도 충주시 대소원면,중상사고,0,1,0,0,차대사람 - 횡단중,안전운전불이행,건조,맑음,교차로 - 교차로안,원동기,남,24세,상해없음,보행자,남,27세,중상
2016102800100550,2016년 10월 28일 20시,금요일,충청북도 제천시 동현동,경상사고,0,0,2,0,차대차 - 추돌,안전거리미확보,건조,흐림,교차로 - 교차로안,이륜,남,18세,경상,승용,남,61세,경상
2016102800100551,2016년 10월 28일 20시,금요일,충청북도 괴산군 괴산읍,경상사고,0,0,1,0,차대차 - 추돌,안전거리미확보,건조,흐림,교차로 - 교차로부근,승용,남,21세,상해없음,이륜,남,17세,경상
2016102800100552,2016년 10월 28일 20시,금요일,충청북도 괴산군 장연면,중상사고,0,1,3,0,차대차 - 기타,기타,건조,맑음,단일로 - 기타,승용,남,56세,상해없음,승용,남,30세,경상
2016102800100593,2016년 10월 28일 21시,금요일,충청북도 청주시 청원구 율량동,경상사고,0,0,1,0,차대사람 - 횡단중,안전운전불이행,건조,맑음,교차로 - 교차로부근,승용,남,22세,상해없음,보행자,남,25세,경상
2016102800100594,2016년 10월 28일 21시,금요일,충청북도 충주시 교현동,경상사고,0,0,1,0,차대사람 - 횡단중,안전운전불이행,건조,맑음,단일로 - 기타,승용,여,66세,상해없음,보행자,남,47세,경상
2016102900100013,2016년 10월 29일 00시,토요일,충청북도 증평군 증평읍,경상사고,0,0,1,0,차대차 - 추돌,안전운전불이행,건조,맑음,교차로 - 교차로부근,승용,남,24세,상해없음,승용,여,23세,경상
2016102900100042,2016년 10월 29일 02시,토요일,충청북도 제천시 금성면,경상사고,0,0,1,0,차량단독 - 전도전복,안전운전불이행,건조,맑음,기타 - 기타,승용,남,25세,경상,,,,
2016102900100043,2016년 10월 29일 02시,토요일,충청북도 음성군 맹동면,중상사고,0,1,0,0,차대사람 - 기타,안전운전불이행,건조,맑음,단일로 - 기타,승용,남,29세,상해없음,보행자,남,35세,중상
2016102900100077,2016년 10월 29일 05시,토요일,충청북도 진천군 이월면,경상사고,0,0,1,0,차량단독 - 전도전복,안전운전불이행,건조,맑음,단일로 - 기타,승용,남,26세,경상,,,,
2016102900100091,2016년 10월 29일 06시,토요일,충청북도 음성군 금왕읍,중상사고,0,1,0,0,차대차 - 기타,안전운전불이행,건조,맑음,교차로 - 교차로안,승용,남,66세,상해없음,자전거,남,83세,중상
2016102900100103,2016년 10월 29일 07시,토요일,충청북도 청주시 청원구 오창읍,경상사고,0,0,1,0,차대차 - 추돌,안전운전불이행,건조,맑음,단일로 - 기타,승용,남,31세,경상,승합,남,54세,상해없음
2016102900100145,2016년 10월 29일 09시,토요일,충청북도 제천시 중앙로2가,경상사고,0,0,1,0,차대사람 - 기타,안전운전불이행,건조,맑음,기타 - 기타,승용,남,52세,상해없음,보행자,여,75세,경상
2016102900100146,2016년 10월 29일 09시,토요일,충청북도 청주시 흥덕구 지동동,경상사고,0,0,1,0,차대차 - 측면직각충돌,안전운전불이행,건조,맑음,교차로 - 교차로안,승용,남,64세,상해없음,이륜,남,38세,경상
2016102900100170,2016년 10월 29일 10시,토요일,충청북도 청주시 서원구 남이면,중상사고,0,1,0,0,차대차 - 정면충돌,안전운전불이행,건조,맑음,단일로 - 기타,승용,남,60세,상해없음,농기계,남,66세,중상
2016102900100171,2016년 10월 29일 10시,토요일,충청북도 청주시 서원구 산남동,경상사고,0,0,1,0,차대차 - 측면충돌,안전운전불이행,건조,맑음,교차로 - 교차로안,승용,여,43세,상해없음,자전거,남,77세,경상
2016102900100172,2016년 10월 29일 10시,토요일,충청북도 청주시 상당구 낭성면,중상사고,0,1,5,0,차대차 - 정면충돌,안전운전불이행,건조,맑음,교차로 - 교차로부근,승합,남,55세,상해없음,승용,여,50세,경상
2016102900100199,2016년 10월 29일 11시,토요일,충청북도 단양군 어상천면,중상사고,0,3,1,0,차대차 - 측면직각충돌,안전운전불이행,건조,맑음,단일로 - 기타,건설기계,남,51세,상해없음,승합,남,56세,중상
2016102900100200,2016년 10월 29일 11시,토요일,충청북도 청주시 흥덕구 가경동,경상사고,0,0,1,0,차대차 - 측면직각충돌,안전운전불이행,건조,맑음,단일로 - 기타,승용,여,40세,상해없음,승용,남,25세,상해없음
2016102900100201,2016년 10월 29일 11시,토요일,충청북도 청주시 흥덕구 오송읍,경상사고,0,0,2,0,차대차 - 정면충돌,교차로운행방법위반,건조,맑음,교차로 - 교차로안,승용,남,30세,경상,화물,여,54세,경상
2016102900100202,2016년 10월 29일 11시,토요일,충청북도 청주시 상당구 낭성면,사망사고,1,0,0,0,차량단독 - 전도전복,안전운전불이행,건조,맑음,단일로 - 기타,농기계,남,80세,사망,,,,
2016102900100203,2016년 10월 29일 11시,토요일,충청북도 청주시 상당구 북문로1가동,경상사고,0,0,1,0,차대차 - 정면충돌,안전운전불이행,건조,맑음,교차로 - 교차로안,승용,여,59세,상해없음,승용,여,28세,경상
2016102900100309,2016년 10월 29일 14시,토요일,충청북도 충주시 안림동,부상신고사고,0,0,0,1,차대차 - 측면충돌,불법유턴,건조,맑음,단일로 - 기타,자전거,남,13세,부상신고,승용,남,47세,상해없음
2016102900100310,2016년 10월 29일 14시,토요일,충청북도 단양군 단양읍,경상사고,0,0,1,0,차대사람 - 차도통행중,안전운전불이행,건조,맑음,단일로 - 기타,승용,남,40세,상해없음,보행자,남,72세,경상
2016102900100311,2016년 10월 29일 14시,토요일,충청북도 청주시 서원구 분평동,경상사고,0,0,1,0,차대차 - 정면충돌,안전운전불이행,건조,맑음,단일로 - 교량,승용,여,35세,상해없음,승용,여,47세,경상
2016102900100344,2016년 10월 29일 15시,토요일,충청북도 괴산군 괴산읍,경상사고,0,0,1,0,차대사람 - 기타,안전운전불이행,건조,맑음,교차로 - 교차로안,승용,남,43세,상해없음,보행자,남,42세,경상
2016102900100385,2016년 10월 29일 16시,토요일,충청북도 청주시 흥덕구 오송읍,경상사고,0,0,1,0,차대차 - 정면충돌,안전운전불이행,건조,맑음,교차로 - 교차로안,승용,남,23세,상해없음,건설기계,남,42세,경상
2016102900100458,2016년 10월 29일 18시,토요일,충청북도 충주시 봉방동,중상사고,0,1,0,0,차대사람 - 횡단중,안전운전불이행,건조,맑음,단일로 - 기타,승용,남,29세,상해없음,보행자,남,69세,중상
2016102900100459,2016년 10월 29일 18시,토요일,충청북도 제천시 영천동,경상사고,0,0,3,0,차대차 - 추돌,안전거리미확보,건조,맑음,기타 - 기타,승용,여,21세,상해없음,승용,여,70세,경상
2016102900100460,2016년 10월 29일 18시,토요일,충청북도 보은군 보은읍,경상사고,0,0,2,0,차대차 - 기타,교차로운행방법위반,건조,맑음,교차로 - 교차로부근,화물,남,51세,상해없음,승용,여,57세,경상
2016102900100461,2016년 10월 29일 18시,토요일,충청북도 청주시 서원구 남이면,경상사고,0,0,2,0,차대차 - 추돌,안전운전불이행,건조,맑음,단일로 - 기타,승용,남,65세,상해없음,승용,남,38세,경상
2016102900100462,2016년 10월 29일 18시,토요일,충청북도 청주시 흥덕구 봉명동,경상사고,0,0,1,0,차대차 - 측면충돌,신호위반,건조,맑음,교차로 - 교차로부근,승합,남,49세,기타불명,이륜,남,18세,경상
2016102900100463,2016년 10월 29일 18시,토요일,충청북도 청주시 상당구 지북동,경상사고,0,0,1,0,차대차 - 정면충돌,신호위반,건조,흐림,단일로 - 기타,승용,남,80세,상해없음,승용,여,41세,경상
2016102900100464,2016년 10월 29일 18시,토요일,충청북도 청주시 상당구 용암동,경상사고,0,0,1,0,차대차 - 정면충돌,안전운전불이행,건조,맑음,단일로 - 기타,승용,남,42세,상해없음,승용,남,24세,경상
2016102900100539,2016년 10월 29일 20시,토요일,충청북도 음성군 감곡면,경상사고,0,0,1,0,차대차 - 기타,안전운전불이행,건조,맑음,교차로 - 교차로부근,기타불명,기타불명,기타불명,기타불명,승용,여,61세,경상
2016102900100561,2016년 10월 29일 21시,토요일,충청북도 충주시 칠금동,경상사고,0,0,1,0,차대차 - 측면충돌,안전운전불이행,건조,맑음,기타 - 기타,승용,남,62세,상해없음,승용,남,28세,상해없음
2016102900100562,2016년 10월 29일 21시,토요일,충청북도 음성군 대소면,중상사고,0,1,3,0,차대차 - 측면충돌,신호위반,건조,맑음,교차로 - 교차로안,승용,남,45세,상해없음,승용,남,69세,경상
2016102900100589,2016년 10월 29일 22시,토요일,충청북도 제천시 모산동,경상사고,0,0,1,0,차대차 - 추돌,중앙선침범,건조,맑음,단일로 - 기타,승용,남,53세,기타불명,이륜,남,18세,경상
2016102900100612,2016년 10월 29일 23시,토요일,충청북도 괴산군 장연면,경상사고,0,0,1,0,차량단독 - 공작물충돌,안전운전불이행,건조,맑음,단일로 - 기타,승용,남,24세,경상,,,,
2016103000100035,2016년 10월 30일 01시,일요일,충청북도 충주시 연수동,경상사고,0,0,2,0,차대차 - 정면충돌,신호위반,건조,맑음,교차로 - 교차로안,승용,남,23세,상해없음,승용,남,23세,경상
2016103000100036,2016년 10월 30일 01시,일요일,충청북도 증평군 증평읍,경상사고,0,0,2,0,차대차 - 추돌,안전운전불이행,건조,흐림,교차로 - 교차로부근,승용,남,28세,상해없음,승용,남,37세,경상
2016103000100037,2016년 10월 30일 01시,일요일,충청북도 청주시 상당구 용암동,경상사고,0,0,1,0,차대차 - 측면충돌,차로위반,건조,맑음,교차로 - 교차로부근,승용,남,33세,상해없음,승용,여,50세,경상
2016103000100056,2016년 10월 30일 02시,일요일,충청북도 충주시 칠금동,경상사고,0,0,3,0,차대차 - 정면충돌,안전운전불이행,건조,맑음,단일로 - 기타,승용,남,19세,상해없음,화물,남,18세,경상
2016103000100109,2016년 10월 30일 07시,일요일,충청북도 청주시 상당구 낭성면,중상사고,0,1,0,0,차대사람 - 기타,안전운전불이행,건조,맑음,단일로 - 기타,건설기계,남,57세,상해없음,보행자,남,64세,중상
2016103000100128,2016년 10월 30일 08시,일요일,충청북도 충주시 수안보면,경상사고,0,0,2,0,차대차 - 정면충돌,신호위반,건조,맑음,교차로 - 교차로안,승용,남,44세,상해없음,승용,남,53세,경상
2016103000100168,2016년 10월 30일 10시,일요일,충청북도 괴산군 문광면,중상사고,0,1,0,0,차대차 - 추돌,안전거리미확보,건조,맑음,단일로 - 기타,승용,남,29세,상해없음,승용,남,43세,중상
2016103000100169,2016년 10월 30일 10시,일요일,충청북도 옥천군 옥천읍,경상사고,0,0,2,0,차대차 - 측면직각충돌,교차로운행방법위반,건조,맑음,교차로 - 교차로안,화물,남,58세,상해없음,승용,남,56세,경상
2016103000100223,2016년 10월 30일 12시,일요일,충청북도 충주시 신니면,부상신고사고,0,0,0,1,차대차 - 기타,과속,건조,맑음,단일로 - 기타,이륜,남,51세,부상신고,특수,남,59세,상해없음
2016103000100224,2016년 10월 30일 12시,일요일,충청북도 영동군 용산면,중상사고,0,1,0,0,차대차 - 측면충돌,안전운전불이행,건조,맑음,기타 - 기타,승용,남,56세,상해없음,특수,남,56세,중상
2016103000100225,2016년 10월 30일 12시,일요일,충청북도 음성군 생극면,경상사고,0,0,1,0,차대차 - 정면충돌,안전운전불이행,건조,맑음,교차로 - 교차로부근,승용,남,76세,상해없음,승용,남,33세,경상
2016103000100310,2016년 10월 30일 15시,일요일,충청북도 단양군 단양읍,경상사고,0,0,2,0,차대차 - 측면충돌,직진우회전진행방해,건조,맑음,교차로 - 교차로안,승용,남,76세,경상,승용,남,59세,경상
2016103000100311,2016년 10월 30일 15시,일요일,충청북도 청주시 서원구 수곡동,경상사고,0,0,1,0,차대사람 - 기타,안전운전불이행,건조,맑음,교차로 - 교차로부근,승용,남,56세,상해없음,보행자,남,54세,경상
2016103000100312,2016년 10월 30일 15시,일요일,충청북도 청주시 상당구 산성동,중상사고,0,3,3,0,차대차 - 정면충돌,안전운전불이행,건조,맑음,단일로 - 기타,승용,남,70세,경상,승용,남,66세,중상
2016103000100313,2016년 10월 30일 15시,일요일,충청북도 청주시 상당구 금천동,경상사고,0,0,2,0,차대차 - 측면충돌,안전운전불이행,건조,맑음,단일로 - 기타,승용,남,36세,상해없음,승용,남,25세,경상
2016103000100480,2016년 10월 30일 20시,일요일,충청북도 청주시 청원구 오창읍,경상사고,0,0,1,0,차대차 - 기타,안전운전불이행,건조,맑음,교차로 - 교차로부근,승용,남,43세,상해없음,자전거,남,16세,경상
2016103000100512,2016년 10월 30일 21시,일요일,충청북도 청주시 흥덕구 복대동,경상사고,0,0,1,0,차대차 - 측면직각충돌,신호위반,건조,맑음,교차로 - 교차로안,승용,남,58세,상해없음,이륜,남,42세,경상
2016103000100538,2016년 10월 30일 22시,일요일,충청북도 청주시 청원구 주중동,경상사고,0,0,1,0,차대차 - 측면충돌,안전운전불이행,건조,맑음,교차로 - 교차로부근,승용,남,48세,상해없음,화물,남,51세,경상
2016103100100004,2016년 10월 31일 00시,월요일,충청북도 청주시 흥덕구 봉명동,경상사고,0,0,1,0,차대차 - 정면충돌,신호위반,건조,맑음,교차로 - 교차로안,승용,남,58세,상해없음,이륜,남,22세,경상
2016103100100032,2016년 10월 31일 04시,월요일,충청북도 청주시 청원구 사천동,사망사고,1,1,0,0,차대차 - 추돌,안전운전불이행,건조,맑음,교차로 - 교차로부근,승용,남,51세,사망,화물,남,47세,중상
2016103100100065,2016년 10월 31일 06시,월요일,충청북도 충주시 연수동,경상사고,0,0,1,0,차대사람 - 기타,안전운전불이행,건조,맑음,교차로 - 교차로부근,승용,남,22세,상해없음,보행자,남,39세,경상
2016103100100088,2016년 10월 31일 07시,월요일,충청북도 청주시 청원구 오창읍,경상사고,0,0,1,0,차대차 - 측면직각충돌,안전운전불이행,건조,맑음,단일로 - 기타,건설기계,남,45세,상해없음,승용,여,33세,경상
2016103100100089,2016년 10월 31일 07시,월요일,충청북도 청주시 흥덕구 석소동,중상사고,0,1,0,0,차대차 - 추돌,안전거리미확보,건조,맑음,교차로 - 교차로부근,승용,남,64세,상해없음,승용,여,27세,중상
2016103100100117,2016년 10월 31일 08시,월요일,충청북도 보은군 보은읍,중상사고,0,2,1,1,차대차 - 추돌,안전운전불이행,건조,맑음,단일로 - 기타,승용,남,57세,부상신고,승용,남,31세,중상
2016103100100118,2016년 10월 31일 08시,월요일,충청북도 음성군 금왕읍,중상사고,0,1,0,0,차대차 - 측면충돌,교차로운행방법위반,건조,맑음,교차로 - 교차로안,승용,여,47세,상해없음,승용,여,28세,중상
2016103100100205,2016년 10월 31일 11시,월요일,충청북도 청주시 청원구 북이면,중상사고,0,1,0,0,차대차 - 측면직각충돌,직진우회전진행방해,건조,맑음,교차로 - 교차로안,이륜,남,73세,중상,화물,남,33세,상해없음
2016103100100259,2016년 10월 31일 13시,월요일,충청북도 충주시 연수동,경상사고,0,0,1,0,차대사람 - 기타,안전운전불이행,건조,맑음,단일로 - 기타,승용,남,46세,상해없음,보행자,여,49세,경상
2016103100100317,2016년 10월 31일 15시,월요일,충청북도 청주시 서원구 산남동,중상사고,0,1,0,0,차량단독 - 기타,안전운전불이행,건조,맑음,단일로 - 기타,승합,남,59세,상해없음,,,,
2016103100100348,2016년 10월 31일 16시,월요일,충청북도 청주시 청원구 오창읍,중상사고,0,1,0,0,차대차 - 측면직각충돌,안전운전불이행,건조,맑음,단일로 - 기타,승용,남,47세,상해없음,이륜,남,82세,중상
2016103100100349,2016년 10월 31일 16시,월요일,충청북도 충주시 교현동,경상사고,0,0,1,0,차대차 - 측면충돌,직진우회전진행방해,건조,맑음,교차로 - 교차로안,승용,여,53세,상해없음,이륜,남,16세,경상
2016103100100350,2016년 10월 31일 16시,월요일,충청북도 청주시 흥덕구 비하동,경상사고,0,0,2,0,차대차 - 측면직각충돌,안전운전불이행,건조,맑음,교차로 - 교차로안,승용,여,57세,상해없음,승용,남,57세,경상
2016103100100351,2016년 10월 31일 16시,월요일,충청북도 청주시 서원구 분평동,경상사고,0,0,1,0,차대사람 - 기타,안전운전불이행,건조,맑음,단일로 - 기타,승용,여,44세,상해없음,보행자,남,7세,경상
2016103100100385,2016년 10월 31일 17시,월요일,충청북도 청주시 흥덕구 복대동,부상신고사고,0,0,0,1,차대차 - 정면충돌,교차로운행방법위반,건조,맑음,교차로 - 교차로안,승용,여,45세,상해없음,이륜,남,27세,부상신고
2016103100100386,2016년 10월 31일 17시,월요일,충청북도 청주시 흥덕구 봉명동,경상사고,0,0,2,0,차대차 - 정면충돌,안전운전불이행,건조,맑음,교차로 - 교차로부근,승용,여,48세,상해없음,승용,여,50세,경상
2016103100100436,2016년 10월 31일 18시,월요일,충청북도 제천시 하소동,중상사고,0,2,0,0,차대차 - 측면직각충돌,안전운전불이행,건조,맑음,교차로 - 교차로안,승합,남,64세,상해없음,승합,남,47세,상해없음
2016103100100437,2016년 10월 31일 18시,월요일,충청북도 청주시 서원구 수곡동,경상사고,0,0,1,0,차대사람 - 횡단중,안전운전불이행,건조,맑음,단일로 - 기타,승용,여,51세,상해없음,보행자,여,19세,경상
2016103100100496,2016년 10월 31일 19시,월요일,충청북도 충주시 칠금동,중상사고,0,1,0,0,차대차 - 정면충돌,안전운전불이행,건조,맑음,교차로 - 교차로안,승용,남,52세,상해없음,이륜,여,29세,중상
2016103100100497,2016년 10월 31일 19시,월요일,충청북도 충주시 연수동,중상사고,0,1,0,0,차대차 - 측면충돌,안전거리미확보,건조,맑음,단일로 - 기타,승용,여,53세,상해없음,이륜,남,16세,중상
2016103100100498,2016년 10월 31일 19시,월요일,충청북도 제천시 신월동,경상사고,0,0,2,0,차대차 - 추돌,안전거리미확보,건조,맑음,교차로 - 교차로안,승용,남,39세,경상,승용,남,66세,경상
2016103100100540,2016년 10월 31일 20시,월요일,충청북도 제천시 왕암동,경상사고,0,0,1,0,차대차 - 추돌,안전운전불이행,건조,맑음,교차로 - 교차로안,승용,남,36세,상해없음,화물,남,30세,경상
2016103100100589,2016년 10월 31일 22시,월요일,충청북도 청주시 흥덕구 봉명동,경상사고,0,0,2,0,차대차 - 정면충돌,안전운전불이행,건조,맑음,단일로 - 기타,승용,남,25세,상해없음,승용,남,60세,경상
2016103100100590,2016년 10월 31일 22시,월요일,충청북도 청주시 서원구 현도면,경상사고,0,0,2,0,차대차 - 정면충돌,신호위반,건조,맑음,교차로 - 교차로안,승용,남,31세,경상,화물,남,55세,경상
2016103100100613,2016년 10월 31일 23시,월요일,충청북도 청주시 흥덕구 향정동,경상사고,0,0,2,0,차대차 - 측면충돌,신호위반,건조,맑음,교차로 - 교차로안,화물,남,43세,상해없음,승용,여,30세,경상
2016110100100011,2016년 11월 1일 00시,화요일,충청북도 충주시 교현동,중상사고,0,2,1,0,차대차 - 측면충돌,안전운전불이행,건조,맑음,교차로 - 교차로부근,승용,여,47세,경상,승용,남,34세,중상
2016110100100026,2016년 11월 1일 01시,화요일,충청북도 청주시 서원구 성화동,경상사고,0,0,2,0,차대차 - 정면충돌,교차로운행방법위반,건조,맑음,교차로 - 교차로안,승용,남,29세,상해없음,승용,남,56세,경상
2016110100100027,2016년 11월 1일 01시,화요일,충청북도 청주시 흥덕구 복대동,경상사고,0,0,1,0,차대차 - 기타,안전운전불이행,건조,맑음,교차로 - 교차로부근,승용,남,26세,상해없음,승용,남,39세,경상
2016110100100053,2016년 11월 1일 05시,화요일,충청북도 청주시 흥덕구 옥산면,중상사고,0,1,1,0,차대차 - 기타,안전운전불이행,건조,맑음,교차로 - 교차로부근,승용,남,28세,상해없음,승용,남,43세,경상
2016110100100083,2016년 11월 1일 07시,화요일,충청북도 단양군 대강면,중상사고,0,2,0,0,차대차 - 측면직각충돌,직진우회전진행방해,건조,맑음,교차로 - 교차로안,농기계,남,76세,상해없음,화물,남,60세,중상
2016110100100129,2016년 11월 1일 08시,화요일,충청북도 충주시 연수동,경상사고,0,0,1,0,차대차 - 측면충돌,안전운전불이행,건조,맑음,교차로 - 교차로부근,승용,남,69세,상해없음,승용,여,29세,경상
2016110100100130,2016년 11월 1일 08시,화요일,충청북도 충주시 노은면,경상사고,0,0,1,0,차대사람 - 횡단중,안전운전불이행,건조,맑음,단일로 - 기타,승합,남,69세,상해없음,보행자,여,30세,경상
2016110100100131,2016년 11월 1일 08시,화요일,충청북도 증평군 증평읍,경상사고,0,0,1,0,차대차 - 측면직각충돌,신호위반,건조,맑음,교차로 - 교차로안,승용,남,80세,상해없음,승용,여,40세,경상
2016110100100132,2016년 11월 1일 08시,화요일,충청북도 청주시 흥덕구 신봉동,중상사고,0,1,0,0,차대사람 - 횡단중,신호위반,건조,맑음,교차로 - 교차로부근,승용,여,36세,상해없음,보행자,여,68세,중상
2016110100100182,2016년 11월 1일 09시,화요일,충청북도 충주시 봉방동,경상사고,0,0,1,0,차대차 - 추돌,신호위반,건조,맑음,교차로 - 교차로부근,승용,여,67세,상해없음,승용,여,61세,경상
2016110100100234,2016년 11월 1일 11시,화요일,충청북도 청주시 청원구 내수읍,경상사고,0,0,1,0,차대차 - 추돌,안전운전불이행,건조,맑음,단일로 - 기타,승용,남,45세,상해없음,승용,남,50세,경상
2016110100100235,2016년 11월 1일 11시,화요일,충청북도 청주시 서원구 사창동,중상사고,0,1,0,0,차대차 - 기타,신호위반,건조,맑음,교차로 - 교차로안,화물,남,43세,상해없음,승합,남,49세,상해없음
2016110100100236,2016년 11월 1일 11시,화요일,충청북도 충주시 칠금동,경상사고,0,0,1,0,차대차 - 정면충돌,안전운전불이행,건조,맑음,단일로 - 기타,승용,남,70세,상해없음,승용,남,64세,경상
2016110100100237,2016년 11월 1일 11시,화요일,충청북도 증평군 증평읍,경상사고,0,0,1,0,차대차 - 측면직각충돌,안전운전불이행,건조,맑음,교차로 - 교차로안,승용,남,66세,상해없음,승용,남,78세,경상
2016110100100238,2016년 11월 1일 11시,화요일,충청북도 청주시 상당구 문의면,경상사고,0,0,1,0,차대차 - 측면충돌,중앙선침범,건조,맑음,단일로 - 기타,이륜,남,70세,경상,승합,남,43세,상해없음
2016110100100268,2016년 11월 1일 12시,화요일,충청북도 청주시 청원구 사천동,경상사고,0,0,1,0,차량단독 - 기타,안전운전불이행,건조,맑음,단일로 - 기타,화물,남,35세,경상,,,,
2016110100100269,2016년 11월 1일 12시,화요일,충청북도 제천시 신월동,경상사고,0,0,2,0,차대사람 - 횡단중,보행자보호의무위반,건조,맑음,교차로 - 교차로부근,승합,남,44세,상해없음,보행자,여,21세,경상
2016110100100296,2016년 11월 1일 13시,화요일,충청북도 충주시 용산동,경상사고,0,0,1,0,차대차 - 측면충돌,안전거리미확보,건조,맑음,단일로 - 기타,화물,남,37세,상해없음,이륜,남,68세,경상
2016110100100297,2016년 11월 1일 13시,화요일,충청북도 청주시 흥덕구 강내면,경상사고,0,0,1,0,차대차 - 측면충돌,안전운전불이행,건조,맑음,교차로 - 교차로안,이륜,남,73세,경상,승용,여,66세,상해없음
2016110100100298,2016년 11월 1일 13시,화요일,충청북도 청주시 상당구 용암동,경상사고,0,0,1,0,차대차 - 측면충돌,안전운전불이행,건조,맑음,교차로 - 교차로안,승용,남,78세,상해없음,승용,여,49세,경상
2016110100100365,2016년 11월 1일 15시,화요일,충청북도 증평군 증평읍,경상사고,0,0,1,0,차대차 - 측면충돌,직진우회전진행방해,건조,맑음,단일로 - 기타,승용,여,69세,경상,화물,남,46세,상해없음
2016110100100366,2016년 11월 1일 15시,화요일,충청북도 진천군 문백면,경상사고,0,0,2,0,차대차 - 추돌,안전운전불이행,건조,맑음,단일로 - 기타,승용,남,43세,상해없음,화물,남,32세,경상
2016110100100367,2016년 11월 1일 15시,화요일,충청북도 청주시 상당구 탑동,중상사고,0,1,0,0,차대사람 - 횡단중,안전운전불이행,건조,맑음,단일로 - 기타,화물,남,54세,상해없음,보행자,남,81세,중상
2016110100100402,2016년 11월 1일 16시,화요일,충청북도 청주시 상당구 북문로3가동,경상사고,0,0,2,0,차대차 - 추돌,안전운전불이행,건조,맑음,교차로 - 교차로부근,승용,남,60세,상해없음,승용,여,50세,경상
2016110100100403,2016년 11월 1일 16시,화요일,충청북도 충주시 교현동,중상사고,0,1,1,0,차대사람 - 횡단중,신호위반,건조,맑음,교차로 - 교차로부근,원동기,여,69세,중상,보행자,여,8세,경상