사고번호,사고일시,요일,시군구,사고내용,사망자수,중상자수,경상자수,부상신고자수,사고유형,법규위반,노면상태,기상상태,도로형태,가해운전자 차종,가해운전자 성별,가해운전자 연령,가해운전자 상해정도,피해운전자 차종,피해운전자 성별,피해운전자 연령,피해운전자 상해정도
2016111000100300,2016년 11월 10일 15시,목요일,충청북도 충주시 성서동,중상사고,0,1,2,0,차대차 - 측면충돌,중앙선침범,습기,맑음,단일로 - 기타,승용,여,44세,상해없음,화물,남,47세,중상
2016111000100301,2016년 11월 10일 15시,목요일,충청북도 충주시 목행동,경상사고,0,0,2,0,차대차 - 측면충돌,안전운전불이행,건조,맑음,교차로 - 교차로안,화물,남,78세,상해없음,승용,여,38세,경상
2016111000100302,2016년 11월 10일 15시,목요일,충청북도 진천군 문백면,경상사고,0,0,1,0,차량단독 - 기타,안전운전불이행,습기,비,단일로 - 터널,화물,남,67세,경상,,,,
2016111000100303,2016년 11월 10일 15시,목요일,충청북도 진천군 진천읍,경상사고,0,0,2,0,차대차 - 기타,직진우회전진행방해,건조,맑음,교차로 - 교차로안,승용,남,48세,상해없음,승용,여,27세,경상
2016111000100337,2016년 11월 10일 16시,목요일,충청북도 충주시 대소원면,경상사고,0,0,2,1,차대차 - 기타,직진우회전진행방해,습기,비,교차로 - 교차로안,승용,여,60세,부상신고,화물,남,59세,경상
2016111000100380,2016년 11월 10일 17시,목요일,충청북도 괴산군 청천면,부상신고사고,0,0,0,1,차대차 - 추돌,안전운전불이행,습기,비,단일로 - 기타,승용,여,49세,부상신고,농기계,남,52세,상해없음
2016111000100434,2016년 11월 10일 18시,목요일,충청북도 충주시 금릉동,경상사고,0,0,2,1,차대차 - 정면충돌,안전운전불이행,습기,비,단일로 - 기타,승용,남,40세,부상신고,승용,남,35세,경상
2016111000100435,2016년 11월 10일 18시,목요일,충청북도 충주시 대소원면,경상사고,0,0,4,0,차대차 - 정면충돌,안전운전불이행,습기,비,단일로 - 기타,승용,남,25세,경상,화물,남,63세,경상
2016111000100436,2016년 11월 10일 18시,목요일,충청북도 충주시 목행동,경상사고,0,0,1,0,차대차 - 기타,안전운전불이행,습기,비,교차로 - 교차로안,승용,남,53세,기타불명,승용,남,31세,경상
2016111000100437,2016년 11월 10일 18시,목요일,충청북도 제천시 신월동,중상사고,0,1,0,0,차대차 - 측면직각충돌,불법유턴,습기,비,단일로 - 기타,화물,남,46세,상해없음,승용,남,67세,중상
2016111000100438,2016년 11월 10일 18시,목요일,충청북도 진천군 광혜원면,경상사고,0,0,1,0,차대사람 - 차도통행중,안전운전불이행,습기,비,교차로 - 교차로안,이륜,남,37세,상해없음,보행자,여,14세,경상
2016111000100507,2016년 11월 10일 19시,목요일,충청북도 청주시 흥덕구 복대동,경상사고,0,0,2,0,차대차 - 정면충돌,안전운전불이행,건조,맑음,단일로 - 기타,승용,남,55세,상해없음,승용,여,39세,경상
2016111000100508,2016년 11월 10일 19시,목요일,충청북도 청주시 흥덕구 복대동,중상사고,0,1,0,0,차대사람 - 기타,안전운전불이행,습기,비,단일로 - 기타,승용,남,39세,상해없음,보행자,여,16세,중상
2016111000100509,2016년 11월 10일 19시,목요일,충청북도 청주시 상당구 금천동,중상사고,0,1,0,0,차대사람 - 횡단중,안전운전불이행,습기,비,기타 - 기타,이륜,남,55세,상해없음,보행자,여,44세,중상
2016111000100544,2016년 11월 10일 20시,목요일,충청북도 청주시 서원구 사직동,중상사고,0,1,0,0,차대차 - 측면직각충돌,신호위반,습기,비,교차로 - 교차로안,승용,남,45세,상해없음,이륜,남,39세,중상
2016111000100545,2016년 11월 10일 20시,목요일,충청북도 충주시 대소원면,경상사고,0,0,1,0,차대차 - 정면충돌,안전운전불이행,건조,맑음,단일로 - 기타,승용,남,41세,상해없음,화물,남,32세,경상
2016111000100546,2016년 11월 10일 20시,목요일,충청북도 청주시 흥덕구 봉명동,경상사고,0,0,1,0,차대차 - 기타,차로위반,습기,비,단일로 - 기타,승용,여,25세,상해없음,승용,여,45세,경상
2016111000100547,2016년 11월 10일 20시,목요일,충청북도 청주시 서원구 분평동,경상사고,0,0,2,0,차대차 - 측면충돌,안전운전불이행,건조,맑음,교차로 - 교차로부근,승용,남,40세,상해없음,승용,남,39세,경상
2016111000100580,2016년 11월 10일 21시,목요일,충청북도 옥천군 옥천읍,중상사고,0,2,3,0,차대차 - 추돌,안전운전불이행,습기,비,교차로 - 교차로부근,승용,남,53세,상해없음,승용,여,34세,중상
2016111000100581,2016년 11월 10일 21시,목요일,충청북도 청주시 상당구 금천동,경상사고,0,0,4,0,차대차 - 추돌,안전운전불이행,습기,흐림,교차로 - 교차로부근,승용,남,37세,상해없음,승용,여,30세,경상
2016111000100613,2016년 11월 10일 22시,목요일,충청북도 충주시 연수동,경상사고,0,0,1,0,차대사람 - 횡단중,안전운전불이행,건조,맑음,교차로 - 교차로부근,이륜,남,17세,상해없음,보행자,남,53세,경상
2016111000100641,2016년 11월 10일 23시,목요일,충청북도 증평군 증평읍,경상사고,0,0,4,0,차대차 - 추돌,안전운전불이행,습기,비,교차로 - 교차로부근,화물,남,59세,상해없음,승용,여,44세,경상
2016111100100011,2016년 11월 11일 00시,금요일,충청북도 음성군 생극면,부상신고사고,0,0,0,1,차량단독 - 공작물충돌,안전운전불이행,습기,맑음,교차로 - 교차로안,승용,남,36세,부상신고,,,,
2016111100100075,2016년 11월 11일 04시,금요일,충청북도 청주시 흥덕구 복대동,경상사고,0,0,2,0,차대차 - 측면직각충돌,중앙선침범,습기,비,단일로 - 기타,승용,남,30세,상해없음,승용,남,27세,기타불명
2016111100100086,2016년 11월 11일 05시,금요일,충청북도 충주시 연수동,경상사고,0,0,1,0,차대사람 - 횡단중,안전운전불이행,건조,맑음,교차로 - 교차로부근,승용,남,23세,상해없음,보행자,여,55세,경상
2016111100100107,2016년 11월 11일 06시,금요일,충청북도 충주시 칠금동,중상사고,0,1,0,0,차대차 - 측면충돌,신호위반,건조,맑음,교차로 - 교차로안,승용,여,45세,상해없음,승용,남,26세,중상
2016111100100108,2016년 11월 11일 06시,금요일,충청북도 청주시 흥덕구 봉명동,경상사고,0,0,1,0,차대차 - 측면충돌,신호위반,건조,맑음,교차로 - 교차로안,승용,남,52세,상해없음,승용,여,28세,경상
2016111100100109,2016년 11월 11일 06시,금요일,충청북도 청주시 서원구 모충동,중상사고,0,1,0,0,차대사람 - 횡단중,안전운전불이행,건조,맑음,교차로 - 교차로부근,승합,남,44세,상해없음,보행자,여,46세,중상
2016111100100132,2016년 11월 11일 07시,금요일,충청북도 음성군 맹동면,중상사고,0,2,0,0,차대차 - 측면충돌,신호위반,습기,흐림,교차로 - 교차로안,승용,남,51세,중상,승용,남,23세,중상
2016111100100133,2016년 11월 11일 07시,금요일,충청북도 청주시 흥덕구 복대동,경상사고,0,0,2,0,차대차 - 정면충돌,안전운전불이행,건조,맑음,교차로 - 교차로부근,승용,여,42세,상해없음,승용,여,47세,경상
2016111100100172,2016년 11월 11일 08시,금요일,충청북도 충주시 호암동,경상사고,0,0,1,0,차대차 - 측면충돌,안전운전불이행,건조,맑음,교차로 - 교차로안,승용,여,43세,상해없음,원동기,남,57세,경상
2016111100100173,2016년 11월 11일 08시,금요일,충청북도 청주시 흥덕구 봉명동,부상신고사고,0,0,0,1,차대사람 - 기타,안전운전불이행,건조,맑음,교차로 - 교차로안,승용,여,39세,상해없음,보행자,남,43세,부상신고
2016111100100174,2016년 11월 11일 08시,금요일,충청북도 청주시 서원구 수곡동,중상사고,0,1,2,0,차대차 - 측면충돌,신호위반,건조,맑음,교차로 - 교차로안,승용,남,42세,상해없음,승용,남,71세,중상
2016111100100253,2016년 11월 11일 10시,금요일,충청북도 청주시 상당구 북문로3가동,중상사고,0,1,0,0,차대차 - 기타,안전운전불이행,건조,맑음,단일로 - 기타,승용,남,68세,상해없음,이륜,남,27세,중상
2016111100100254,2016년 11월 11일 10시,금요일,충청북도 청주시 흥덕구 오송읍,중상사고,0,1,1,0,차대차 - 측면직각충돌,안전운전불이행,건조,맑음,교차로 - 교차로안,승용,남,61세,경상,화물,남,59세,중상
2016111100100255,2016년 11월 11일 10시,금요일,충청북도 청주시 흥덕구 향정동,중상사고,0,2,0,0,차대차 - 정면충돌,신호위반,건조,맑음,교차로 - 교차로안,승합,남,52세,상해없음,승용,남,52세,중상
2016111100100256,2016년 11월 11일 10시,금요일,충청북도 청주시 상당구 석교동,중상사고,0,1,0,0,차대사람 - 기타,안전운전불이행,건조,맑음,단일로 - 기타,승용,남,56세,기타불명,보행자,남,66세,중상
2016111100100259,2016년 11월 11일 10시,금요일,충청북도 청주시 흥덕구 옥산면,중상사고,0,1,0,0,차대차 - 기타,안전운전불이행,건조,맑음,단일로 - 기타,승합,남,52세,상해없음,화물,남,42세,중상
2016111100100297,2016년 11월 11일 11시,금요일,충청북도 제천시 청풍면,중상사고,0,2,0,0,차량단독 - 전도전복,안전운전불이행,건조,맑음,단일로 - 기타,이륜,남,56세,중상,,,,
2016111100100298,2016년 11월 11일 11시,금요일,충청북도 청주시 상당구 낭성면,경상사고,0,0,1,0,차대차 - 정면충돌,안전운전불이행,건조,맑음,단일로 - 기타,화물,여,73세,상해없음,승용,남,65세,경상
2016111100100299,2016년 11월 11일 11시,금요일,충청북도 청주시 서원구 미평동,경상사고,0,0,1,0,차대차 - 측면충돌,안전거리미확보,건조,맑음,단일로 - 기타,화물,남,51세,상해없음,승용,남,34세,경상
2016111100100333,2016년 11월 11일 12시,금요일,충청북도 충주시 금릉동,경상사고,0,0,1,0,차대사람 - 횡단중,안전운전불이행,건조,맑음,단일로 - 기타,승용,남,58세,상해없음,보행자,여,20세,경상
2016111100100334,2016년 11월 11일 12시,금요일,충청북도 제천시 남천동,경상사고,0,0,1,0,차대차 - 정면충돌,안전운전불이행,건조,흐림,교차로 - 교차로부근,승용,남,77세,상해없음,승용,남,26세,경상
2016111100100366,2016년 11월 11일 13시,금요일,충청북도 음성군 생극면,중상사고,0,1,0,0,차대차 - 정면충돌,신호위반,건조,맑음,교차로 - 교차로안,화물,남,59세,상해없음,화물,남,56세,중상
2016111100100401,2016년 11월 11일 14시,금요일,충청북도 청주시 서원구 성화동,경상사고,0,0,1,0,차대사람 - 횡단중,보행자보호의무위반,건조,맑음,교차로 - 교차로안,승용,남,34세,상해없음,보행자,남,43세,경상
2016111100100472,2016년 11월 11일 16시,금요일,충청북도 충주시 연수동,경상사고,0,0,1,0,차대차 - 측면충돌,안전거리미확보,건조,맑음,단일로 - 기타,승용,남,74세,상해없음,이륜,남,67세,경상
2016111100100473,2016년 11월 11일 16시,금요일,충청북도 증평군 증평읍,중상사고,0,1,0,0,차대차 - 측면충돌,중앙선침범,건조,맑음,교차로 - 교차로부근,화물,남,64세,상해없음,자전거,남,54세,중상
2016111100100474,2016년 11월 11일 16시,금요일,충청북도 청주시 청원구 오창읍,중상사고,0,1,0,0,차대차 - 추돌,안전운전불이행,건조,맑음,단일로 - 기타,승용,여,36세,상해없음,승용,남,51세,중상
2016111100100510,2016년 11월 11일 17시,금요일,충청북도 청주시 서원구 개신동,경상사고,0,0,1,0,차대사람 - 횡단중,보행자보호의무위반,건조,맑음,단일로 - 횡단보도상,승용,남,20세,기타불명,보행자,남,24세,경상
2016111100100511,2016년 11월 11일 17시,금요일,충청북도 영동군 영동읍,중상사고,0,2,0,0,차대차 - 기타,안전운전불이행,건조,맑음,교차로 - 교차로안,화물,남,62세,중상,건설기계,남,61세,상해없음
2016111100100572,2016년 11월 11일 18시,금요일,충청북도 청주시 상당구 북문로2가동,경상사고,0,0,4,0,차대차 - 추돌,안전운전불이행,건조,맑음,단일로 - 기타,승용,남,55세,상해없음,승용,여,44세,경상
2016111100100573,2016년 11월 11일 18시,금요일,충청북도 충주시 연수동,중상사고,0,1,0,0,차대차 - 측면충돌,안전운전불이행,건조,흐림,교차로 - 교차로안,승용,여,39세,상해없음,원동기,남,60세,중상
2016111100100574,2016년 11월 11일 18시,금요일,충청북도 청주시 흥덕구 오송읍,경상사고,0,0,1,0,차대차 - 기타,안전운전불이행,건조,맑음,단일로 - 기타,승용,남,27세,상해없음,화물,남,42세,경상
2016111100100575,2016년 11월 11일 18시,금요일,충청북도 청주시 서원구 수곡동,경상사고,0,0,1,0,차대사람 - 차도통행중,안전운전불이행,건조,맑음,단일로 - 기타,승용,남,62세,상해없음,보행자,남,14세,경상
2016111100100644,2016년 11월 11일 19시,금요일,충청북도 청주시 흥덕구 강서동,경상사고,0,0,1,0,차대차 - 기타,안전운전불이행,건조,맑음,교차로 - 교차로부근,승용,남,67세,상해없음,원동기,남,23세,경상
2016111100100645,2016년 11월 11일 19시,금요일,충청북도 청주시 흥덕구 봉명동,경상사고,0,0,2,0,차대차 - 정면충돌,안전운전불이행,건조,맑음,단일로 - 기타,승용,남,45세,상해없음,이륜,남,17세,경상
2016111100100646,2016년 11월 11일 19시,금요일,충청북도 청주시 흥덕구 복대동,경상사고,0,0,1,0,차대차 - 추돌,안전운전불이행,건조,맑음,단일로 - 기타,승용,여,47세,상해없음,승용,여,20세,경상
2016111100100647,2016년 11월 11일 19시,금요일,충청북도 청주시 흥덕구 석소동,경상사고,0,0,1,0,차대차 - 정면충돌,차로위반,건조,맑음,단일로 - 기타,화물,남,61세,상해없음,승용,남,45세,경상
2016111100100691,2016년 11월 11일 20시,금요일,충청북도 청주시 흥덕구 복대동,경상사고,0,0,1,0,차대차 - 측면직각충돌,신호위반,건조,맑음,교차로 - 교차로부근,승용,남,23세,상해없음,이륜,남,17세,경상
2016111100100692,2016년 11월 11일 20시,금요일,충청북도 청주시 흥덕구 운천동,중상사고,0,2,0,0,차대차 - 정면충돌,신호위반,건조,맑음,교차로 - 교차로안,승용,남,56세,상해없음,승용,남,24세,중상
2016111100100729,2016년 11월 11일 21시,금요일,충청북도 음성군 생극면,경상사고,0,0,1,0,차대차 - 측면충돌,교차로운행방법위반,건조,맑음,교차로 - 교차로안,화물,남,49세,상해없음,이륜,남,18세,경상
2016111200100053,2016년 11월 12일 02시,토요일,충청북도 충주시 금릉동,경상사고,0,0,1,0,차대차 - 정면충돌,신호위반,건조,맑음,교차로 - 교차로안,승합,남,58세,상해없음,화물,남,48세,경상
2016111200100076,2016년 11월 12일 04시,토요일,충청북도 제천시 교동,부상신고사고,0,0,0,1,차량단독 - 전도전복,안전운전불이행,건조,맑음,단일로 - 기타,승용,남,34세,부상신고,,,,
2016111200100077,2016년 11월 12일 04시,토요일,충청북도 청주시 흥덕구 신봉동,중상사고,0,1,0,0,차대차 - 기타,신호위반,건조,맑음,교차로 - 교차로안,승용,남,69세,상해없음,승용,여,42세,중상
2016111200100111,2016년 11월 12일 06시,토요일,충청북도 충주시 연수동,중상사고,0,1,0,0,차대차 - 측면충돌,안전운전불이행,건조,맑음,교차로 - 교차로부근,승용,남,64세,상해없음,승용,여,56세,상해없음
2016111200100134,2016년 11월 12일 07시,토요일,충청북도 청주시 청원구 북이면,경상사고,0,0,1,1,차대차 - 정면충돌,중앙선침범,건조,맑음,단일로 - 기타,승용,남,51세,부상신고,건설기계,남,50세,경상
2016111200100135,2016년 11월 12일 07시,토요일,충청북도 제천시 교동,중상사고,0,1,0,0,차대사람 - 횡단중,안전운전불이행,건조,흐림,교차로 - 교차로부근,승용,남,41세,상해없음,보행자,여,66세,중상
2016111200100148,2016년 11월 12일 08시,토요일,충청북도 충주시 용산동,경상사고,0,0,1,0,차대차 - 기타,안전운전불이행,건조,맑음,교차로 - 교차로부근,화물,남,40세,상해없음,승용,남,68세,경상
2016111200100149,2016년 11월 12일 08시,토요일,충청북도 제천시 장락동,중상사고,0,2,1,0,차대차 - 측면직각충돌,안전운전불이행,건조,흐림,교차로 - 교차로안,승합,남,62세,중상,화물,여,41세,경상
2016111200100270,2016년 11월 12일 12시,토요일,충청북도 영동군 용산면,경상사고,0,0,1,0,차량단독 - 전도전복,안전운전불이행,건조,맑음,단일로 - 기타,원동기,남,68세,경상,,,,
2016111200100271,2016년 11월 12일 12시,토요일,충청북도 음성군 삼성면,중상사고,0,1,0,0,차대차 - 정면충돌,교차로운행방법위반,건조,맑음,교차로 - 교차로안,승용,남,64세,중상,건설기계,남,60세,상해없음
2016111200100303,2016년 11월 12일 13시,토요일,충청북도 청주시 서원구 산남동,경상사고,0,0,1,0,차대차 - 측면충돌,교차로운행방법위반,건조,맑음,교차로 - 교차로안,화물,남,46세,상해없음,승용,남,50세,상해없음
2016111200100342,2016년 11월 12일 14시,토요일,충청북도 청주시 흥덕구 비하동,경상사고,0,0,1,0,차대차 - 추돌,안전운전불이행,건조,맑음,교차로 - 교차로부근,승용,여,38세,상해없음,승용,남,34세,경상
2016111200100343,2016년 11월 12일 14시,토요일,충청북도 청주시 상당구 남문로1가동,경상사고,0,0,3,0,차대차 - 측면충돌,안전운전불이행,건조,맑음,단일로 - 기타,승용,여,48세,상해없음,승합,남,53세,상해없음
2016111200100388,2016년 11월 12일 15시,토요일,충청북도 청주시 흥덕구 복대동,경상사고,0,0,1,0,차대차 - 추돌,안전운전불이행,건조,맑음,단일로 - 기타,화물,남,75세,상해없음,승용,남,62세,경상
2016111200100389,2016년 11월 12일 15시,토요일,충청북도 청주시 서원구 현도면,경상사고,0,0,1,0,차대차 - 측면직각충돌,안전운전불이행,건조,맑음,교차로 - 교차로안,승용,여,50세,상해없음,승용,여,47세,경상
2016111200100423,2016년 11월 12일 16시,토요일,충청북도 증평군 도안면,경상사고,0,0,1,0,차대차 - 측면충돌,차로위반,건조,맑음,단일로 - 기타,승용,남,72세,상해없음,승용,남,47세,상해없음
2016111200100424,2016년 11월 12일 16시,토요일,충청북도 청주시 흥덕구 송정동,중상사고,0,1,0,0,차대차 - 정면충돌,신호위반,건조,맑음,교차로 - 교차로안,자전거,남,63세,중상,승용,여,38세,상해없음
2016111200100425,2016년 11월 12일 16시,토요일,충청북도 청주시 상당구 용담동,경상사고,0,0,1,0,차대차 - 정면충돌,안전운전불이행,건조,맑음,교차로 - 교차로부근,승용,남,45세,기타불명,승용,남,52세,상해없음
2016111200100457,2016년 11월 12일 17시,토요일,충청북도 보은군 마로면,경상사고,0,0,2,0,차대차 - 정면충돌,중앙선침범,건조,맑음,단일로 - 기타,승용,남,57세,상해없음,화물,남,46세,경상
2016111200100458,2016년 11월 12일 17시,토요일,충청북도 음성군 금왕읍,경상사고,0,0,3,0,차대차 - 측면충돌,교차로운행방법위반,건조,맑음,교차로 - 교차로안,승용,남,58세,경상,승용,남,58세,경상
2016111200100496,2016년 11월 12일 18시,토요일,충청북도 증평군 도안면,경상사고,0,0,1,0,차대차 - 추돌,안전운전불이행,건조,맑음,교차로 - 교차로부근,승용,남,76세,경상,화물,남,48세,상해없음
2016111200100567,2016년 11월 12일 20시,토요일,충청북도 충주시 대소원면,경상사고,0,0,1,0,차대차 - 추돌,안전운전불이행,건조,맑음,단일로 - 기타,승용,남,53세,상해없음,승용,남,36세,경상
2016111200100599,2016년 11월 12일 21시,토요일,충청북도 제천시 청전동,경상사고,0,0,1,0,차대차 - 측면충돌,직진우회전진행방해,건조,흐림,교차로 - 교차로안,승용,남,22세,상해없음,이륜,남,24세,경상
2016111200100600,2016년 11월 12일 21시,토요일,충청북도 음성군 대소면,경상사고,0,0,2,0,차대차 - 측면충돌,신호위반,건조,맑음,교차로 - 교차로안,승용,여,22세,상해없음,승용,여,50세,경상
2016111200100621,2016년 11월 12일 22시,토요일,충청북도 청주시 청원구 오창읍,경상사고,0,0,2,0,차대차 - 측면직각충돌,안전운전불이행,건조,맑음,단일로 - 기타,화물,남,30세,상해없음,승용,남,23세,경상
2016111200100622,2016년 11월 12일 22시,토요일,충청북도 제천시 강제동,중상사고,0,2,2,0,차대사람 - 횡단중,신호위반,건조,맑음,교차로 - 교차로안,원동기,남,15세,경상,보행자,여,65세,중상
2016111300100026,2016년 11월 13일 01시,일요일,충청북도 청주시 흥덕구 복대동,경상사고,0,0,1,0,차대차 - 측면직각충돌,안전운전불이행,건조,맑음,단일로 - 기타,화물,남,27세,상해없음,승용,남,23세,경상
2016111300100044,2016년 11월 13일 02시,일요일,충청북도 청주시 서원구 사창동,중상사고,0,1,0,0,차량단독 - 전도전복,안전운전불이행,건조,맑음,교차로 - 교차로안,이륜,남,23세,중상,,,,
2016111300100058,2016년 11월 13일 03시,일요일,충청북도 증평군 증평읍,경상사고,0,0,1,0,차대차 - 추돌,안전운전불이행,건조,맑음,단일로 - 기타,승용,남,32세,상해없음,승용,남,34세,기타불명
2016111300100073,2016년 11월 13일 05시,일요일,충청북도 청주시 흥덕구 복대동,중상사고,0,2,0,0,차대사람 - 횡단중,신호위반,건조,맑음,단일로 - 기타,화물,남,48세,중상,보행자,여,61세,중상
2016111300100098,2016년 11월 13일 07시,일요일,충청북도 청주시 흥덕구 가경동,중상사고,0,1,0,0,차대사람 - 차도통행중,안전운전불이행,건조,맑음,교차로 - 교차로안,승용,여,27세,상해없음,보행자,남,46세,중상
2016111300100130,2016년 11월 13일 09시,일요일,충청북도 청주시 흥덕구 복대동,경상사고,0,0,1,0,차대차 - 정면충돌,안전거리미확보,건조,맑음,단일로 - 기타,이륜,여,67세,경상,승용,남,77세,상해없음
2016111300100131,2016년 11월 13일 09시,일요일,충청북도 청주시 청원구 오창읍,경상사고,0,0,10,0,차대차 - 기타,안전거리미확보,건조,맑음,단일로 - 기타,승용,남,66세,상해없음,승합,남,45세,경상
2016111300100153,2016년 11월 13일 10시,일요일,충청북도 청주시 흥덕구 오송읍,중상사고,0,2,2,0,차대차 - 측면직각충돌,직진우회전진행방해,건조,맑음,교차로 - 교차로안,승합,남,49세,경상,화물,남,50세,경상
2016111300100154,2016년 11월 13일 10시,일요일,충청북도 청주시 흥덕구 오송읍,중상사고,0,1,1,0,차대차 - 기타,교차로운행방법위반,건조,맑음,교차로 - 교차로안,승용,여,58세,중상,승용,남,41세,경상
2016111300100155,2016년 11월 13일 10시,일요일,충청북도 청주시 상당구 석교동,중상사고,0,1,3,0,차대차 - 측면충돌,안전운전불이행,건조,맑음,단일로 - 기타,승용,여,30세,상해없음,승용,여,61세,경상
2016111300100182,2016년 11월 13일 11시,일요일,충청북도 청주시 흥덕구 옥산면,경상사고,0,0,2,0,차대차 - 측면충돌,안전운전불이행,건조,맑음,교차로 - 교차로안,화물,남,28세,상해없음,승용,남,60세,경상
2016111300100207,2016년 11월 13일 12시,일요일,충청북도 보은군 회인면,중상사고,0,2,1,0,차대차 - 측면직각충돌,교차로운행방법위반,건조,맑음,교차로 - 교차로안,화물,남,45세,중상,승합,여,56세,중상
2016111300100227,2016년 11월 13일 13시,일요일,충청북도 청주시 서원구 현도면,중상사고,0,1,0,0,차대차 - 측면직각충돌,안전운전불이행,건조,맑음,교차로 - 교차로부근,승용,여,33세,상해없음,자전거,남,81세,중상
2016111300100249,2016년 11월 13일 14시,일요일,충청북도 진천군 진천읍,경상사고,0,0,1,0,차대차 - 측면충돌,안전운전불이행,건조,맑음,교차로 - 교차로안,원동기,남,16세,경상,승용,남,41세,상해없음
2016111300100304,2016년 11월 13일 16시,일요일,충청북도 증평군 증평읍,경상사고,0,0,1,0,차대차 - 추돌,안전운전불이행,건조,맑음,교차로 - 교차로부근,승용,남,59세,상해없음,승용,여,42세,경상
2016111300100305,2016년 11월 13일 16시,일요일,충청북도 보은군 마로면,경상사고,0,0,1,0,차대차 - 정면충돌,중앙선침범,건조,흐림,단일로 - 기타,원동기,남,59세,상해없음,승용,여,60세,경상
2016111300100306,2016년 11월 13일 16시,일요일,충청북도 청주시 흥덕구 송절동,경상사고,0,0,1,0,차대차 - 정면충돌,교차로운행방법위반,건조,맑음,교차로 - 교차로안,승용,남,59세,상해없음,이륜,남,40세,경상
2016111300100378,2016년 11월 13일 18시,일요일,충청북도 충주시 금릉동,경상사고,0,0,2,0,차대차 - 정면충돌,안전운전불이행,건조,맑음,단일로 - 기타,승용,남,26세,상해없음,승용,남,44세,경상
2016111300100379,2016년 11월 13일 18시,일요일,충청북도 충주시 산척면,경상사고,0,0,1,0,차대차 - 정면충돌,안전운전불이행,건조,맑음,교차로 - 교차로부근,승용,남,29세,상해없음,화물,남,67세,경상
2016111300100380,2016년 11월 13일 18시,일요일,충청북도 충주시 교현동,부상신고사고,0,0,0,1,차대차 - 측면충돌,안전운전불이행,건조,맑음,교차로 - 교차로부근,이륜,남,17세,부상신고,승용,남,64세,상해없음
2016111300100381,2016년 11월 13일 18시,일요일,충청북도 충주시 교현동,중상사고,0,1,0,0,차대차 - 측면충돌,교차로운행방법위반,건조,맑음,교차로 - 교차로안,승용,남,32세,상해없음,이륜,남,18세,중상
2016111300100382,2016년 11월 13일 18시,일요일,충청북도 청주시 흥덕구 복대동,경상사고,0,0,6,0,차대차 - 측면충돌,안전운전불이행,건조,맑음,단일로 - 기타,승합,남,42세,경상,승용,남,50세,경상
2016111300100494,2016년 11월 13일 21시,일요일,충청북도 청주시 흥덕구 오송읍,경상사고,0,0,5,1,차대차 - 추돌,안전운전불이행,건조,맑음,단일로 - 교량,승용,여,46세,부상신고,승합,남,50세,경상
2016111300100541,2016년 11월 13일 23시,일요일,충청북도 제천시 청전동,중상사고,0,1,0,0,차대사람 - 횡단중,안전운전불이행,건조,맑음,교차로 - 교차로안,승용,남,35세,상해없음,보행자,남,36세,중상
2016111400100010,2016년 11월 14일 01시,월요일,충청북도 청주시 흥덕구 운천동,경상사고,0,0,2,0,차대차 - 기타,안전운전불이행,건조,맑음,단일로 - 기타,승용,남,42세,상해없음,승용,남,23세,경상
2016111400100030,2016년 11월 14일 04시,월요일,충청북도 청주시 상당구 용암동,경상사고,0,0,2,0,차대차 - 정면충돌,신호위반,건조,맑음,교차로 - 교차로안,승용,남,24세,상해없음,승용,남,41세,경상
2016111400100053,2016년 11월 14일 06시,월요일,충청북도 충주시 노은면,사망사고,1,0,2,0,차대차 - 정면충돌,안전운전불이행,건조,맑음,단일로 - 기타,화물,남,57세,상해없음,승용,남,72세,상해없음
2016111400100078,2016년 11월 14일 07시,월요일,충청북도 제천시 송학면,중상사고,0,1,2,0,차대차 - 측면충돌,안전거리미확보,건조,맑음,단일로 - 기타,승용,남,43세,경상,승용,남,33세,중상
2016111400100128,2016년 11월 14일 08시,월요일,충청북도 충주시 호암동,경상사고,0,0,1,0,차대사람 - 횡단중,보행자보호의무위반,건조,맑음,단일로 - 횡단보도상,승용,여,57세,상해없음,보행자,남,7세,경상
2016111400100183,2016년 11월 14일 09시,월요일,충청북도 청주시 서원구 분평동,경상사고,0,0,1,0,차대차 - 측면충돌,안전운전불이행,건조,맑음,단일로 - 횡단보도상,승용,여,48세,상해없음,자전거,남,24세,경상
2016111400100208,2016년 11월 14일 10시,월요일,충청북도 충주시 연수동,경상사고,0,0,2,0,차대차 - 측면충돌,안전운전불이행,건조,맑음,단일로 - 기타,승용,여,51세,경상,승용,남,47세,경상
2016111400100209,2016년 11월 14일 10시,월요일,충청북도 청주시 상당구 남일면,경상사고,0,0,2,0,차대차 - 기타,신호위반,건조,맑음,교차로 - 교차로안,화물,남,49세,상해없음,승용,여,37세,경상
2016111400100235,2016년 11월 14일 11시,월요일,충청북도 청주시 서원구 개신동,경상사고,0,0,2,0,차대차 - 추돌,안전운전불이행,건조,맑음,단일로 - 기타,승용,여,42세,상해없음,승용,여,58세,경상
2016111400100236,2016년 11월 14일 11시,월요일,충청북도 음성군 음성읍,경상사고,0,0,1,0,차대차 - 기타,안전운전불이행,건조,맑음,단일로 - 기타,승용,남,57세,상해없음,승용,여,43세,경상