사고번호,사고일시,요일,시군구,사고내용,사망자수,중상자수,경상자수,부상신고자수,사고유형,법규위반,노면상태,기상상태,도로형태,가해운전자 차종,가해운전자 성별,가해운전자 연령,가해운전자 상해정도,피해운전자 차종,피해운전자 성별,피해운전자 연령,피해운전자 상해정도
2016111800100249,2016년 11월 18일 12시,금요일,충청북도 제천시 청전동,경상사고,0,0,2,0,차대차 - 추돌,직진우회전진행방해,건조,맑음,교차로 - 교차로안,화물,여,58세,경상,승용,남,46세,경상
2016111800100250,2016년 11월 18일 12시,금요일,충청북도 괴산군 칠성면,중상사고,0,1,0,0,차대차 - 추돌,안전운전불이행,건조,맑음,교차로 - 교차로부근,승용,남,64세,상해없음,자전거,남,14세,중상
2016111800100251,2016년 11월 18일 12시,금요일,충청북도 청주시 서원구 개신동,경상사고,0,0,1,0,차대차 - 추돌,안전운전불이행,건조,맑음,교차로 - 교차로안,화물,남,35세,상해없음,이륜,남,41세,경상
2016111800100252,2016년 11월 18일 12시,금요일,충청북도 청주시 흥덕구 오송읍,경상사고,0,0,1,0,차대차 - 측면충돌,안전운전불이행,건조,맑음,교차로 - 교차로부근,화물,남,63세,상해없음,승용,남,55세,경상
2016111800100253,2016년 11월 18일 12시,금요일,충청북도 청주시 상당구 미원면,경상사고,0,0,1,0,차량단독 - 전도전복,안전운전불이행,건조,맑음,단일로 - 기타,특수,남,53세,경상,,,,
2016111800100322,2016년 11월 18일 14시,금요일,충청북도 청주시 서원구 산남동,경상사고,0,0,1,0,차대차 - 측면충돌,안전운전불이행,습기,흐림,교차로 - 교차로안,승용,남,58세,상해없음,승용,여,29세,상해없음
2016111800100387,2016년 11월 18일 16시,금요일,충청북도 제천시 금성면,중상사고,0,1,0,0,차대차 - 기타,안전운전불이행,습기,비,단일로 - 기타,이륜,남,22세,중상,승용,남,38세,상해없음
2016111800100440,2016년 11월 18일 17시,금요일,충청북도 제천시 송학면,경상사고,0,0,1,1,차대차 - 기타,직진우회전진행방해,건조,맑음,교차로 - 교차로안,승용,여,21세,부상신고,화물,남,55세,경상
2016111800100441,2016년 11월 18일 17시,금요일,충청북도 단양군 어상천면,사망사고,1,0,0,0,차대사람 - 기타,중앙선침범,습기,비,단일로 - 기타,승용,남,34세,상해없음,보행자,남,52세,사망
2016111800100442,2016년 11월 18일 17시,금요일,충청북도 청주시 흥덕구 복대동,경상사고,0,0,1,0,차대차 - 정면충돌,안전거리미확보,습기,비,단일로 - 기타,승용,남,43세,상해없음,승용,남,37세,경상
2016111800100510,2016년 11월 18일 18시,금요일,충청북도 충주시 문화동,경상사고,0,0,3,0,차대차 - 측면충돌,안전운전불이행,건조,맑음,단일로 - 기타,승용,남,67세,상해없음,승용,남,71세,경상
2016111800100511,2016년 11월 18일 18시,금요일,충청북도 진천군 진천읍,경상사고,0,0,2,0,차대차 - 추돌,안전거리미확보,건조,맑음,단일로 - 기타,화물,남,65세,경상,화물,남,43세,경상
2016111800100512,2016년 11월 18일 18시,금요일,충청북도 청주시 서원구 남이면,부상신고사고,0,0,0,1,차대차 - 기타,안전운전불이행,습기,비,단일로 - 기타,화물,남,52세,상해없음,승용,여,50세,부상신고
2016111800100513,2016년 11월 18일 18시,금요일,충청북도 청주시 상당구 용암동,중상사고,0,1,1,0,차대차 - 정면충돌,신호위반,습기,비,교차로 - 교차로안,승용,여,56세,경상,승용,남,61세,중상
2016111800100596,2016년 11월 18일 19시,금요일,충청북도 제천시 왕암동,중상사고,0,1,1,0,차대차 - 추돌,직진우회전진행방해,습기,비,교차로 - 교차로안,승용,남,48세,상해없음,승용,남,26세,중상
2016111800100597,2016년 11월 18일 19시,금요일,충청북도 진천군 이월면,중상사고,0,1,0,0,차대사람 - 차도통행중,안전운전불이행,습기,비,단일로 - 기타,승용,남,28세,상해없음,보행자,남,79세,중상
2016111800100598,2016년 11월 18일 19시,금요일,충청북도 청주시 흥덕구 신봉동,중상사고,0,2,0,0,차대사람 - 횡단중,신호위반,습기,비,교차로 - 교차로안,원동기,남,50세,중상,보행자,여,69세,중상
2016111800100599,2016년 11월 18일 19시,금요일,충청북도 청주시 서원구 산남동,경상사고,0,0,1,0,차대차 - 측면직각충돌,안전운전불이행,건조,맑음,교차로 - 교차로안,승용,남,35세,상해없음,승용,남,44세,경상
2016111800100655,2016년 11월 18일 20시,금요일,충청북도 청주시 서원구 사창동,경상사고,0,0,1,0,차대차 - 추돌,안전운전불이행,습기,비,교차로 - 교차로부근,승용,여,52세,상해없음,승용,남,24세,상해없음
2016111800100656,2016년 11월 18일 20시,금요일,충청북도 충주시 봉방동,경상사고,0,0,1,0,차대차 - 측면충돌,안전운전불이행,습기,맑음,단일로 - 기타,화물,여,49세,상해없음,승용,여,32세,경상
2016111800100657,2016년 11월 18일 20시,금요일,충청북도 진천군 문백면,중상사고,0,1,0,0,차대차 - 측면충돌,교차로운행방법위반,습기,비,교차로 - 교차로안,승용,남,21세,상해없음,승합,남,48세,상해없음
2016111800100704,2016년 11월 18일 21시,금요일,충청북도 청주시 흥덕구 강서동,경상사고,0,0,4,0,차대차 - 정면충돌,안전운전불이행,습기,비,교차로 - 교차로안,승용,남,52세,상해없음,승용,남,55세,경상
2016111800100748,2016년 11월 18일 22시,금요일,충청북도 충주시 달천동,중상사고,0,2,0,0,차대사람 - 횡단중,안전운전불이행,습기,비,단일로 - 기타,승용,남,26세,상해없음,보행자,여,18세,중상
2016111800100749,2016년 11월 18일 22시,금요일,충청북도 청주시 흥덕구 강서동,중상사고,0,2,0,0,차대차 - 정면충돌,안전운전불이행,습기,비,단일로 - 기타,승용,여,45세,상해없음,승용,남,58세,중상
2016111800100787,2016년 11월 18일 23시,금요일,충청북도 청주시 서원구 사창동,경상사고,0,0,2,0,차대차 - 측면충돌,안전운전불이행,건조,맑음,단일로 - 기타,승용,남,23세,상해없음,승용,남,54세,상해없음
2016111800100788,2016년 11월 18일 23시,금요일,충청북도 청주시 청원구 오창읍,중상사고,0,1,0,0,차대차 - 추돌,안전운전불이행,건조,맑음,단일로 - 교량,승용,남,40세,중상,화물,남,43세,상해없음
2016111800100789,2016년 11월 18일 23시,금요일,충청북도 청주시 서원구 산남동,경상사고,0,0,1,0,차대차 - 정면충돌,안전운전불이행,습기,비,교차로 - 교차로안,승용,남,21세,상해없음,승용,남,60세,경상
2016111900100048,2016년 11월 19일 01시,토요일,충청북도 청주시 청원구 오창읍,경상사고,0,0,1,0,차대차 - 측면충돌,안전운전불이행,건조,맑음,교차로 - 교차로부근,승용,남,41세,상해없음,승용,남,45세,경상
2016111900100064,2016년 11월 19일 02시,토요일,충청북도 청주시 흥덕구 복대동,경상사고,0,0,4,0,차대차 - 측면직각충돌,안전운전불이행,습기,흐림,단일로 - 기타,승용,남,49세,경상,승용,남,44세,경상
2016111900100065,2016년 11월 19일 02시,토요일,충청북도 청주시 흥덕구 봉명동,경상사고,0,0,2,0,차대차 - 정면충돌,안전운전불이행,건조,맑음,단일로 - 기타,승용,남,37세,상해없음,승용,남,22세,경상
2016111900100127,2016년 11월 19일 07시,토요일,충청북도 청주시 청원구 오창읍,중상사고,0,1,0,0,차대차 - 정면충돌,신호위반,건조,맑음,교차로 - 교차로안,승용,남,35세,상해없음,승합,남,45세,중상
2016111900100146,2016년 11월 19일 08시,토요일,충청북도 충주시 중앙탑면,중상사고,0,1,0,1,차대차 - 정면충돌,안전운전불이행,건조,맑음,단일로 - 기타,승용,남,68세,부상신고,특수,남,43세,중상
2016111900100147,2016년 11월 19일 08시,토요일,충청북도 청주시 서원구 남이면,중상사고,0,2,2,0,차대차 - 기타,신호위반,건조,맑음,교차로 - 교차로안,승용,여,50세,상해없음,승용,여,37세,중상
2016111900100204,2016년 11월 19일 10시,토요일,충청북도 청주시 상당구 북문로2가동,경상사고,0,0,1,0,차대사람 - 횡단중,안전운전불이행,건조,맑음,단일로 - 기타,승용,남,55세,상해없음,보행자,남,11세,경상
2016111900100239,2016년 11월 19일 11시,토요일,충청북도 충주시 칠금동,경상사고,0,0,1,0,차대사람 - 기타,신호위반,건조,맑음,교차로 - 교차로부근,승용,여,49세,상해없음,보행자,남,15세,경상
2016111900100240,2016년 11월 19일 11시,토요일,충청북도 제천시 남천동,경상사고,0,0,1,0,차대차 - 기타,중앙선침범,건조,맑음,기타 - 기타,승용,남,71세,상해없음,승용,여,45세,경상
2016111900100278,2016년 11월 19일 12시,토요일,충청북도 음성군 금왕읍,중상사고,0,1,2,0,차대차 - 정면충돌,신호위반,건조,맑음,교차로 - 교차로안,화물,남,49세,중상,화물,남,25세,경상
2016111900100279,2016년 11월 19일 12시,토요일,충청북도 청주시 흥덕구 강내면,경상사고,0,0,4,0,차대차 - 추돌,안전거리미확보,건조,맑음,교차로 - 교차로부근,승용,남,53세,상해없음,승용,남,43세,경상
2016111900100316,2016년 11월 19일 13시,토요일,충청북도 제천시 교동,중상사고,0,1,4,0,차대차 - 추돌,안전운전불이행,건조,맑음,교차로 - 교차로부근,승용,남,24세,상해없음,승용,여,31세,경상
2016111900100317,2016년 11월 19일 13시,토요일,충청북도 증평군 증평읍,경상사고,0,0,1,0,차대사람 - 횡단중,안전운전불이행,건조,흐림,교차로 - 교차로부근,승용,남,41세,상해없음,보행자,남,75세,경상
2016111900100319,2016년 11월 19일 13시,토요일,충청북도 청주시 흥덕구 운천동,경상사고,0,0,4,0,차대차 - 기타,안전운전불이행,건조,맑음,단일로 - 기타,승용,남,39세,상해없음,승용,남,34세,경상
2016111900100361,2016년 11월 19일 14시,토요일,충청북도 진천군 덕산면,중상사고,0,1,0,0,차량단독 - 전도전복,안전운전불이행,습기,비,교차로 - 교차로안,승용,남,28세,중상,,,,
2016111900100362,2016년 11월 19일 14시,토요일,충청북도 청주시 흥덕구 가경동,경상사고,0,0,1,0,차대차 - 기타,안전운전불이행,건조,맑음,교차로 - 교차로안,승용,여,55세,상해없음,승용,여,56세,경상
2016111900100399,2016년 11월 19일 15시,토요일,충청북도 제천시 천남동,중상사고,0,1,3,0,차대차 - 추돌,안전거리미확보,건조,맑음,기타 - 기타,승용,남,62세,경상,승합,남,54세,중상
2016111900100400,2016년 11월 19일 15시,토요일,충청북도 청주시 상당구 용정동,중상사고,0,2,0,0,차대차 - 기타,안전운전불이행,건조,맑음,단일로 - 기타,승용,여,62세,상해없음,화물,남,37세,상해없음
2016111900100479,2016년 11월 19일 17시,토요일,충청북도 영동군 양산면,경상사고,0,0,2,1,차대차 - 정면충돌,중앙선침범,건조,맑음,단일로 - 기타,화물,남,55세,상해없음,화물,남,43세,경상
2016111900100480,2016년 11월 19일 17시,토요일,충청북도 괴산군 청안면,중상사고,0,2,1,0,차대차 - 추돌,안전운전불이행,건조,맑음,단일로 - 기타,화물,남,73세,중상,화물,남,58세,경상
2016111900100481,2016년 11월 19일 17시,토요일,충청북도 청주시 흥덕구 가경동,중상사고,0,1,0,0,차대사람 - 횡단중,보행자보호의무위반,건조,맑음,단일로 - 횡단보도상,승용,여,32세,상해없음,보행자,여,49세,중상
2016111900100600,2016년 11월 19일 19시,토요일,충청북도 청주시 상당구 용암동,사망사고,1,0,1,0,차대차 - 정면충돌,안전운전불이행,건조,맑음,교차로 - 교차로안,승용,남,56세,상해없음,이륜,남,16세,경상
2016111900100601,2016년 11월 19일 19시,토요일,충청북도 청주시 상당구 방서동,중상사고,0,1,2,0,차대차 - 정면충돌,안전운전불이행,건조,맑음,교차로 - 교차로부근,화물,남,45세,상해없음,화물,남,42세,경상
2016111900100602,2016년 11월 19일 19시,토요일,충청북도 음성군 금왕읍,중상사고,0,1,2,0,차대차 - 추돌,안전운전불이행,건조,맑음,단일로 - 기타,승용,여,49세,중상,화물,남,52세,경상
2016111900100644,2016년 11월 19일 20시,토요일,충청북도 청주시 청원구 오창읍,경상사고,0,0,2,0,차대차 - 측면충돌,신호위반,건조,맑음,교차로 - 교차로안,승용,남,63세,상해없음,특수,남,27세,경상
2016111900100645,2016년 11월 19일 20시,토요일,충청북도 음성군 대소면,중상사고,0,1,0,0,차대차 - 기타,안전운전불이행,건조,맑음,단일로 - 기타,승합,남,64세,상해없음,승용,남,28세,상해없음
2016111900100673,2016년 11월 19일 21시,토요일,충청북도 청주시 청원구 내덕동,경상사고,0,0,1,0,차대차 - 기타,안전운전불이행,건조,맑음,교차로 - 교차로부근,승용,남,27세,상해없음,이륜,남,45세,경상
2016111900100699,2016년 11월 19일 22시,토요일,충청북도 증평군 증평읍,경상사고,0,0,1,0,차대차 - 추돌,안전운전불이행,습기,비,교차로 - 교차로안,승용,여,53세,상해없음,승합,남,42세,경상
2016111900100700,2016년 11월 19일 22시,토요일,충청북도 청주시 흥덕구 옥산면,중상사고,0,2,0,0,차량단독 - 기타,안전운전불이행,습기,흐림,교차로 - 교차로부근,승용,남,26세,중상,,,,
2016111900100728,2016년 11월 19일 23시,토요일,충청북도 충주시 교현동,중상사고,0,1,2,0,차대차 - 정면충돌,안전운전불이행,건조,맑음,단일로 - 기타,승용,남,40세,상해없음,승용,남,25세,경상
2016111900100729,2016년 11월 19일 23시,토요일,충청북도 청주시 서원구 성화동,경상사고,0,0,2,0,차대차 - 측면직각충돌,안전거리미확보,습기,비,단일로 - 기타,승용,남,24세,상해없음,승용,남,55세,경상
2016112000100043,2016년 11월 20일 02시,일요일,충청북도 청주시 흥덕구 비하동,경상사고,0,0,1,0,차대사람 - 기타,안전운전불이행,건조,맑음,교차로 - 교차로안,승용,남,32세,상해없음,보행자,남,45세,경상
2016112000100093,2016년 11월 20일 06시,일요일,충청북도 충주시 노은면,경상사고,0,0,2,0,차대차 - 추돌,안전운전불이행,건조,맑음,단일로 - 기타,승용,남,31세,상해없음,승용,남,50세,경상
2016112000100109,2016년 11월 20일 07시,일요일,충청북도 청주시 청원구 율량동,경상사고,0,0,3,0,차대차 - 추돌,안전운전불이행,건조,맑음,교차로 - 교차로부근,승용,여,32세,상해없음,승용,남,46세,경상
2016112000100151,2016년 11월 20일 10시,일요일,충청북도 청주시 상당구 남주동,경상사고,0,0,5,0,차대차 - 측면충돌,교차로운행방법위반,건조,맑음,교차로 - 교차로안,승용,남,64세,경상,승용,남,69세,경상
2016112000100178,2016년 11월 20일 11시,일요일,충청북도 음성군 음성읍,경상사고,0,0,1,0,차대차 - 기타,안전운전불이행,건조,맑음,교차로 - 교차로부근,승용,남,71세,상해없음,승용,여,58세,경상
2016112000100179,2016년 11월 20일 11시,일요일,충청북도 청주시 서원구 수곡동,경상사고,0,0,1,0,차대차 - 측면충돌,신호위반,건조,맑음,교차로 - 교차로안,승용,남,28세,상해없음,승용,여,40세,경상
2016112000100180,2016년 11월 20일 11시,일요일,충청북도 청주시 서원구 수곡동,경상사고,0,0,1,0,차대사람 - 횡단중,안전운전불이행,건조,맑음,단일로 - 기타,승용,남,60세,상해없음,보행자,남,6세,경상
2016112000100237,2016년 11월 20일 13시,일요일,충청북도 영동군 영동읍,경상사고,0,0,2,0,차대차 - 기타,안전운전불이행,건조,맑음,기타 - 기타,승용,남,54세,상해없음,승용,남,22세,경상
2016112000100238,2016년 11월 20일 13시,일요일,충청북도 청주시 상당구 용암동,경상사고,0,0,3,0,차대차 - 기타,안전운전불이행,건조,맑음,교차로 - 교차로안,승용,여,28세,경상,승용,남,32세,경상
2016112000100270,2016년 11월 20일 14시,일요일,충청북도 충주시 엄정면,중상사고,0,1,0,0,차대차 - 측면충돌,직진우회전진행방해,건조,맑음,교차로 - 교차로안,승용,남,52세,상해없음,자전거,남,81세,중상
2016112000100271,2016년 11월 20일 14시,일요일,충청북도 단양군 매포읍,경상사고,0,0,1,0,차대차 - 추돌,안전거리미확보,건조,맑음,단일로 - 기타,화물,남,62세,상해없음,승용,남,60세,경상
2016112000100335,2016년 11월 20일 16시,일요일,충청북도 충주시 교현동,부상신고사고,0,0,0,1,차대차 - 정면충돌,안전거리미확보,건조,맑음,단일로 - 기타,이륜,남,20세,부상신고,승용,여,65세,상해없음
2016112000100371,2016년 11월 20일 17시,일요일,충청북도 청주시 청원구 사천동,경상사고,0,0,1,0,차대사람 - 횡단중,안전운전불이행,건조,맑음,교차로 - 교차로안,승용,남,55세,기타불명,보행자,남,9세,경상
2016112000100372,2016년 11월 20일 17시,일요일,충청북도 제천시 장락동,경상사고,0,0,1,0,차대차 - 측면직각충돌,안전운전불이행,건조,맑음,교차로 - 교차로부근,승용,남,65세,상해없음,승용,남,60세,경상
2016112000100373,2016년 11월 20일 17시,일요일,충청북도 제천시 송학면,경상사고,0,0,4,1,차대차 - 기타,과속,건조,맑음,교차로 - 교차로부근,승용,남,28세,경상,승용,여,57세,부상신고
2016112000100374,2016년 11월 20일 17시,일요일,충청북도 제천시 중앙로2가,경상사고,0,0,2,0,차대차 - 추돌,안전운전불이행,건조,맑음,교차로 - 교차로부근,승용,남,46세,상해없음,승용,여,42세,경상
2016112000100375,2016년 11월 20일 17시,일요일,충청북도 증평군 증평읍,경상사고,0,0,1,0,차대차 - 기타,안전운전불이행,건조,흐림,기타 - 기타,승용,남,46세,상해없음,자전거,남,77세,경상
2016112000100376,2016년 11월 20일 17시,일요일,충청북도 보은군 마로면,부상신고사고,0,0,0,1,차대차 - 추돌,안전운전불이행,건조,맑음,단일로 - 기타,승용,남,50세,부상신고,특수,남,51세,상해없음
2016112000100410,2016년 11월 20일 18시,일요일,충청북도 충주시 교현동,중상사고,0,1,1,1,차대차 - 정면충돌,안전거리미확보,건조,맑음,단일로 - 기타,승합,남,62세,부상신고,원동기,남,17세,중상
2016112000100472,2016년 11월 20일 20시,일요일,충청북도 충주시 노은면,경상사고,0,0,6,0,차대차 - 추돌,안전거리미확보,건조,맑음,단일로 - 기타,승용,남,61세,경상,승용,남,53세,경상
2016112000100473,2016년 11월 20일 20시,일요일,충청북도 청주시 흥덕구 지동동,중상사고,0,1,2,0,차대차 - 추돌,안전운전불이행,건조,맑음,단일로 - 기타,승용,남,25세,상해없음,승용,여,21세,경상
2016112000100494,2016년 11월 20일 21시,일요일,충청북도 충주시 목행동,중상사고,0,1,2,0,차대차 - 정면충돌,안전운전불이행,건조,맑음,단일로 - 기타,승용,남,39세,상해없음,승용,여,27세,경상
2016112100100007,2016년 11월 21일 00시,월요일,충청북도 청주시 상당구 석교동,경상사고,0,0,2,0,차대차 - 측면충돌,교차로운행방법위반,건조,맑음,교차로 - 교차로부근,승용,남,34세,상해없음,승용,남,62세,경상
2016112100100050,2016년 11월 21일 06시,월요일,충청북도 청주시 흥덕구 향정동,경상사고,0,0,1,0,차대차 - 정면충돌,중앙선침범,건조,맑음,단일로 - 기타,승용,남,21세,기타불명,승용,남,48세,경상
2016112100100099,2016년 11월 21일 08시,월요일,충청북도 충주시 주덕읍,중상사고,0,1,1,1,차대차 - 정면충돌,안전운전불이행,건조,맑음,교차로 - 교차로부근,화물,남,78세,부상신고,승용,남,36세,경상
2016112100100100,2016년 11월 21일 08시,월요일,충청북도 제천시 청전동,경상사고,0,0,3,0,차대차 - 추돌,직진우회전진행방해,건조,맑음,교차로 - 교차로안,승용,여,48세,경상,승용,여,59세,경상
2016112100100101,2016년 11월 21일 08시,월요일,충청북도 제천시 서부동,경상사고,0,0,1,0,차대차 - 측면충돌,신호위반,건조,흐림,교차로 - 교차로안,승용,여,60세,상해없음,승용,여,49세,경상
2016112100100147,2016년 11월 21일 09시,월요일,충청북도 제천시 하소동,중상사고,0,1,0,0,차대차 - 기타,안전운전불이행,건조,맑음,단일로 - 횡단보도상,화물,남,60세,상해없음,자전거,남,73세,중상
2016112100100250,2016년 11월 21일 12시,월요일,충청북도 충주시 용산동,중상사고,0,1,0,0,차대차 - 측면충돌,안전운전불이행,건조,맑음,교차로 - 교차로안,자전거,여,59세,중상,승용,남,47세,상해없음
2016112100100273,2016년 11월 21일 13시,월요일,충청북도 충주시 신니면,사망사고,1,0,0,0,차대차 - 측면충돌,안전운전불이행,건조,맑음,기타 - 기타,승용,남,66세,사망,승용,남,31세,상해없음
2016112100100309,2016년 11월 21일 14시,월요일,충청북도 청주시 청원구 율량동,중상사고,0,1,0,0,차대차 - 추돌,안전운전불이행,건조,맑음,교차로 - 교차로안,승용,남,51세,상해없음,이륜,남,39세,중상
2016112100100310,2016년 11월 21일 14시,월요일,충청북도 제천시 송학면,부상신고사고,0,0,0,1,차량단독 - 공작물충돌,안전운전불이행,건조,맑음,단일로 - 기타,승용,여,62세,부상신고,,,,
2016112100100311,2016년 11월 21일 14시,월요일,충청북도 청주시 상당구 영운동,중상사고,0,1,0,0,차대차 - 정면충돌,안전운전불이행,습기,비,단일로 - 기타,승용,여,45세,상해없음,자전거,여,82세,중상
2016112100100342,2016년 11월 21일 15시,월요일,충청북도 청주시 상당구 남일면,중상사고,0,1,0,0,차대차 - 기타,안전거리미확보,습기,흐림,교차로 - 교차로부근,승용,남,57세,상해없음,화물,남,67세,상해없음
2016112100100381,2016년 11월 21일 16시,월요일,충청북도 증평군 증평읍,중상사고,0,1,0,0,차대차 - 측면직각충돌,신호위반,건조,흐림,교차로 - 교차로안,승용,남,69세,상해없음,승용,여,33세,중상
2016112100100382,2016년 11월 21일 16시,월요일,충청북도 진천군 진천읍,중상사고,0,1,1,0,차대차 - 정면충돌,중앙선침범,건조,맑음,단일로 - 기타,화물,남,59세,상해없음,승용,여,54세,경상
2016112100100422,2016년 11월 21일 17시,월요일,충청북도 음성군 원남면,중상사고,0,1,0,0,차대사람 - 횡단중,안전운전불이행,건조,맑음,단일로 - 기타,승용,남,55세,상해없음,보행자,여,73세,중상
2016112100100476,2016년 11월 21일 18시,월요일,충청북도 청주시 서원구 사직동,경상사고,0,0,1,0,차대차 - 추돌,안전운전불이행,건조,맑음,교차로 - 교차로부근,승용,여,36세,상해없음,승용,남,58세,경상
2016112100100477,2016년 11월 21일 18시,월요일,충청북도 충주시 봉방동,중상사고,0,1,0,0,차대차 - 측면충돌,안전운전불이행,건조,맑음,교차로 - 교차로부근,승합,남,58세,상해없음,화물,여,46세,중상
2016112100100478,2016년 11월 21일 18시,월요일,충청북도 증평군 증평읍,중상사고,0,1,2,0,차대차 - 추돌,신호위반,건조,맑음,교차로 - 교차로부근,화물,남,63세,경상,승용,남,35세,경상
2016112100100559,2016년 11월 21일 20시,월요일,충청북도 청주시 상당구 영운동,중상사고,0,1,0,0,차량단독 - 전도전복,안전운전불이행,건조,맑음,단일로 - 기타,이륜,남,67세,중상,,,,
2016112100100583,2016년 11월 21일 21시,월요일,충청북도 진천군 이월면,경상사고,0,0,2,0,차대사람 - 길가장자리구역통행중,안전운전불이행,건조,맑음,단일로 - 기타,원동기,남,16세,상해없음,보행자,남,40세,경상
2016112100100630,2016년 11월 21일 23시,월요일,충청북도 청주시 흥덕구 화계동,경상사고,0,0,1,0,차대차 - 정면충돌,안전운전불이행,건조,맑음,교차로 - 교차로안,승용,남,21세,상해없음,승용,남,26세,경상
2016112200100021,2016년 11월 22일 01시,화요일,충청북도 음성군 삼성면,경상사고,0,0,1,0,차량단독 - 전도전복,안전운전불이행,습기,비,단일로 - 기타,화물,남,22세,경상,,,,
2016112200100061,2016년 11월 22일 06시,화요일,충청북도 음성군 금왕읍,경상사고,0,0,2,0,차대차 - 정면충돌,중앙선침범,습기,비,단일로 - 기타,건설기계,남,52세,경상,화물,여,43세,경상
2016112200100062,2016년 11월 22일 06시,화요일,충청북도 청주시 상당구 탑동,경상사고,0,0,4,0,차대차 - 정면충돌,안전운전불이행,건조,맑음,교차로 - 교차로안,승용,남,52세,상해없음,승합,여,53세,경상
2016112200100078,2016년 11월 22일 07시,화요일,충청북도 청주시 청원구 오창읍,중상사고,0,1,1,0,차대차 - 측면충돌,신호위반,건조,맑음,교차로 - 교차로안,승용,남,25세,경상,승용,남,35세,중상
2016112200100079,2016년 11월 22일 07시,화요일,충청북도 제천시 청전동,경상사고,0,0,1,0,차대차 - 추돌,직진우회전진행방해,습기,비,교차로 - 교차로안,승용,남,57세,상해없음,승용,여,25세,경상
2016112200100100,2016년 11월 22일 08시,화요일,충청북도 충주시 호암동,경상사고,0,0,1,0,차대차 - 측면충돌,안전거리미확보,습기,비,단일로 - 기타,화물,남,70세,상해없음,승용,남,41세,경상
2016112200100101,2016년 11월 22일 08시,화요일,충청북도 제천시 청전동,경상사고,0,0,6,0,차대차 - 추돌,안전운전불이행,습기,비,기타 - 기타,승용,여,48세,경상,승용,여,50세,경상
2016112200100102,2016년 11월 22일 08시,화요일,충청북도 음성군 맹동면,경상사고,0,0,1,0,차대차 - 정면충돌,교차로운행방법위반,건조,맑음,교차로 - 교차로안,승용,여,62세,상해없음,이륜,남,68세,경상
2016112200100103,2016년 11월 22일 08시,화요일,충청북도 청주시 흥덕구 신봉동,경상사고,0,0,1,0,차대차 - 추돌,안전운전불이행,건조,맑음,교차로 - 교차로부근,승용,여,26세,상해없음,승용,여,24세,경상
2016112200100104,2016년 11월 22일 08시,화요일,충청북도 청주시 흥덕구 봉명동,경상사고,0,0,2,0,차대차 - 정면충돌,안전운전불이행,건조,맑음,교차로 - 교차로안,승용,여,34세,상해없음,승용,남,30세,경상
2016112200100132,2016년 11월 22일 09시,화요일,충청북도 청주시 청원구 내덕동,중상사고,0,1,0,0,차대차 - 기타,안전운전불이행,건조,맑음,교차로 - 교차로안,승용,여,39세,상해없음,자전거,남,82세,중상
2016112200100133,2016년 11월 22일 09시,화요일,충청북도 음성군 감곡면,경상사고,0,0,1,0,차대사람 - 기타,안전운전불이행,건조,맑음,단일로 - 기타,승합,남,60세,상해없음,보행자,남,26세,경상
2016112200100205,2016년 11월 22일 12시,화요일,충청북도 제천시 봉양읍,경상사고,0,0,6,0,차대차 - 추돌,안전운전불이행,건조,흐림,교차로 - 교차로부근,화물,남,49세,경상,화물,남,59세,경상
2016112200100206,2016년 11월 22일 12시,화요일,충청북도 증평군 도안면,경상사고,0,0,1,0,차대차 - 측면충돌,안전운전불이행,건조,맑음,단일로 - 기타,화물,남,32세,상해없음,화물,남,54세,상해없음
2016112200100207,2016년 11월 22일 12시,화요일,충청북도 청주시 흥덕구 오송읍,경상사고,0,0,2,0,차대차 - 정면충돌,신호위반,건조,맑음,교차로 - 교차로안,승용,남,58세,경상,승용,여,45세,경상
2016112200100208,2016년 11월 22일 12시,화요일,충청북도 청주시 흥덕구 오송읍,경상사고,0,0,2,0,차대차 - 추돌,안전거리미확보,건조,맑음,단일로 - 기타,화물,남,46세,상해없음,승용,여,45세,경상
2016112200100266,2016년 11월 22일 14시,화요일,충청북도 충주시 노은면,경상사고,0,0,4,0,차대차 - 추돌,안전운전불이행,건조,맑음,단일로 - 기타,승용,남,22세,상해없음,승용,남,45세,경상
2016112200100290,2016년 11월 22일 15시,화요일,충청북도 청주시 청원구 율량동,경상사고,0,0,1,0,차대차 - 측면충돌,안전운전불이행,건조,맑음,교차로 - 교차로안,화물,남,31세,기타불명,승용,여,64세,경상
2016112200100291,2016년 11월 22일 15시,화요일,충청북도 충주시 호암동,중상사고,0,1,1,0,차대차 - 측면충돌,중앙선침범,건조,맑음,단일로 - 기타,승용,남,72세,경상,승용,여,44세,중상
2016112200100292,2016년 11월 22일 15시,화요일,충청북도 청주시 흥덕구 복대동,경상사고,0,0,2,0,차대차 - 추돌,안전운전불이행,건조,맑음,교차로 - 교차로부근,승용,남,58세,상해없음,승용,남,35세,경상
2016112200100293,2016년 11월 22일 15시,화요일,충청북도 청주시 서원구 수곡동,경상사고,0,0,1,0,차대차 - 정면충돌,안전운전불이행,건조,맑음,단일로 - 기타,승합,남,54세,상해없음,승용,여,33세,상해없음