사고번호,사고일시,요일,시군구,사고내용,사망자수,중상자수,경상자수,부상신고자수,사고유형,법규위반,노면상태,기상상태,도로형태,가해운전자 차종,가해운전자 성별,가해운전자 연령,가해운전자 상해정도,피해운전자 차종,피해운전자 성별,피해운전자 연령,피해운전자 상해정도
2016112200100317,2016년 11월 22일 16시,화요일,충청북도 청주시 상당구 석교동,중상사고,0,1,0,0,차대사람 - 횡단중,안전운전불이행,건조,맑음,교차로 - 교차로안,승용,여,63세,상해없음,보행자,여,72세,중상
2016112200100407,2016년 11월 22일 18시,화요일,충청북도 청주시 청원구 오창읍,경상사고,0,0,3,0,차대차 - 추돌,안전운전불이행,건조,맑음,단일로 - 기타,승용,남,53세,상해없음,승용,남,43세,경상
2016112200100408,2016년 11월 22일 18시,화요일,충청북도 충주시 신니면,중상사고,0,2,0,0,차대차 - 측면충돌,안전운전불이행,건조,맑음,단일로 - 기타,화물,남,62세,중상,농기계,남,74세,중상
2016112200100409,2016년 11월 22일 18시,화요일,충청북도 영동군 용산면,중상사고,0,1,0,0,차대사람 - 횡단중,안전운전불이행,건조,맑음,단일로 - 기타,승용,남,38세,상해없음,보행자,여,74세,중상
2016112200100459,2016년 11월 22일 19시,화요일,충청북도 충주시 연수동,중상사고,0,1,0,0,차대차 - 측면충돌,안전운전불이행,건조,맑음,교차로 - 교차로부근,화물,남,43세,상해없음,이륜,남,18세,중상
2016112200100460,2016년 11월 22일 19시,화요일,충청북도 영동군 상촌면,중상사고,0,1,2,0,차대차 - 기타,안전운전불이행,건조,맑음,단일로 - 기타,화물,남,57세,중상,화물,남,65세,경상
2016112200100461,2016년 11월 22일 19시,화요일,충청북도 청주시 상당구 용암동,경상사고,0,0,1,0,차대차 - 정면충돌,안전운전불이행,건조,맑음,단일로 - 기타,승용,남,36세,상해없음,승용,남,24세,상해없음
2016112200100494,2016년 11월 22일 20시,화요일,충청북도 음성군 금왕읍,경상사고,0,0,6,0,차대차 - 측면충돌,교차로운행방법위반,건조,맑음,교차로 - 교차로안,화물,남,62세,경상,승용,여,30세,경상
2016112200100551,2016년 11월 22일 22시,화요일,충청북도 충주시 성서동,중상사고,0,1,1,0,차대차 - 측면충돌,신호위반,건조,맑음,교차로 - 교차로안,승용,남,23세,상해없음,승용,남,52세,경상
2016112300100015,2016년 11월 23일 00시,수요일,충청북도 청주시 서원구 모충동,경상사고,0,0,2,0,차대차 - 정면충돌,신호위반,건조,맑음,교차로 - 교차로안,승용,남,37세,상해없음,승용,남,48세,경상
2016112300100032,2016년 11월 23일 01시,수요일,충청북도 청주시 상당구 영운동,사망사고,1,0,0,0,차량단독 - 전도전복,안전운전불이행,건조,맑음,교차로 - 교차로안,승용,남,43세,사망,,,,
2016112300100049,2016년 11월 23일 04시,수요일,충청북도 제천시 고암동,경상사고,0,0,1,0,차대차 - 추돌,안전거리미확보,건조,흐림,교차로 - 교차로부근,화물,남,78세,상해없음,승용,남,45세,경상
2016112300100075,2016년 11월 23일 06시,수요일,충청북도 청주시 흥덕구 신촌동,중상사고,0,1,1,0,차대차 - 추돌,안전운전불이행,건조,맑음,단일로 - 교량,화물,남,52세,상해없음,화물,남,70세,중상
2016112300100097,2016년 11월 23일 07시,수요일,충청북도 제천시 동현동,경상사고,0,0,1,0,차대사람 - 횡단중,안전운전불이행,건조,맑음,교차로 - 교차로부근,승용,남,65세,상해없음,보행자,여,60세,경상
2016112300100129,2016년 11월 23일 08시,수요일,충청북도 청주시 청원구 사천동,경상사고,0,0,1,0,차대사람 - 횡단중,보행자보호의무위반,건조,맑음,교차로 - 교차로부근,화물,남,53세,상해없음,보행자,남,7세,경상
2016112300100130,2016년 11월 23일 08시,수요일,충청북도 제천시 장락동,경상사고,0,0,1,0,차대사람 - 기타,안전운전불이행,건조,맑음,단일로 - 기타,승용,여,52세,상해없음,보행자,여,13세,경상
2016112300100131,2016년 11월 23일 08시,수요일,충청북도 증평군 증평읍,중상사고,0,1,0,0,차대차 - 추돌,기타,건조,맑음,교차로 - 교차로안,승용,남,60세,상해없음,자전거,남,88세,중상
2016112300100237,2016년 11월 23일 11시,수요일,충청북도 제천시 천남동,경상사고,0,0,1,0,차대차 - 기타,안전운전불이행,건조,흐림,교차로 - 교차로부근,이륜,남,76세,경상,승합,남,34세,상해없음
2016112300100238,2016년 11월 23일 11시,수요일,충청북도 청주시 상당구 미원면,경상사고,0,0,1,0,차대차 - 측면충돌,교차로운행방법위반,건조,맑음,교차로 - 교차로안,화물,남,76세,상해없음,승용,여,35세,경상
2016112300100339,2016년 11월 23일 15시,수요일,충청북도 괴산군 청안면,중상사고,0,2,0,0,차량단독 - 전도전복,안전운전불이행,건조,흐림,단일로 - 기타,화물,남,51세,중상,,,,
2016112300100340,2016년 11월 23일 15시,수요일,충청북도 청주시 흥덕구 오송읍,경상사고,0,0,1,0,차대차 - 정면충돌,신호위반,건조,맑음,교차로 - 교차로안,특수,남,28세,상해없음,승용,남,54세,경상
2016112300100341,2016년 11월 23일 15시,수요일,충청북도 청주시 흥덕구 오송읍,중상사고,0,2,2,0,차대차 - 측면충돌,교차로운행방법위반,건조,맑음,교차로 - 교차로안,승용,여,35세,경상,승용,남,44세,중상
2016112300100342,2016년 11월 23일 15시,수요일,충청북도 청주시 서원구 남이면,중상사고,0,1,1,0,차대차 - 정면충돌,안전운전불이행,건조,맑음,교차로 - 교차로부근,화물,남,51세,상해없음,화물,남,62세,경상
2016112300100374,2016년 11월 23일 16시,수요일,충청북도 충주시 살미면,경상사고,0,0,1,0,차대차 - 측면충돌,기타,건조,맑음,교차로 - 교차로안,승용,남,56세,상해없음,농기계,남,47세,경상
2016112300100375,2016년 11월 23일 16시,수요일,충청북도 제천시 화산동,중상사고,0,1,0,0,차대사람 - 횡단중,안전운전불이행,건조,맑음,기타 - 기타,화물,남,54세,상해없음,보행자,남,77세,중상
2016112300100376,2016년 11월 23일 16시,수요일,충청북도 옥천군 옥천읍,중상사고,0,1,0,0,차대차 - 측면직각충돌,안전운전불이행,건조,맑음,교차로 - 교차로부근,승용,남,40세,상해없음,원동기,남,56세,중상
2016112300100377,2016년 11월 23일 16시,수요일,충청북도 청주시 서원구 분평동,경상사고,0,0,1,0,차대차 - 정면충돌,안전운전불이행,건조,맑음,단일로 - 기타,이륜,남,37세,경상,승용,남,58세,상해없음
2016112300100378,2016년 11월 23일 16시,수요일,충청북도 청주시 서원구 산남동,경상사고,0,0,1,0,차대차 - 측면충돌,교차로운행방법위반,건조,맑음,교차로 - 교차로안,승용,남,55세,상해없음,승용,여,35세,경상
2016112300100410,2016년 11월 23일 17시,수요일,충청북도 제천시 중앙로2가,경상사고,0,0,1,0,차대차 - 측면충돌,안전운전불이행,건조,맑음,단일로 - 기타,승용,남,59세,상해없음,자전거,남,49세,경상
2016112300100459,2016년 11월 23일 18시,수요일,충청북도 제천시 영천동,중상사고,0,1,0,0,차대차 - 추돌,안전운전불이행,건조,맑음,교차로 - 교차로안,승용,남,45세,상해없음,이륜,남,42세,중상
2016112300100460,2016년 11월 23일 18시,수요일,충청북도 옥천군 옥천읍,중상사고,0,1,0,0,차대사람 - 횡단중,보행자보호의무위반,건조,맑음,교차로 - 교차로부근,화물,남,28세,상해없음,보행자,남,69세,중상
2016112300100504,2016년 11월 23일 19시,수요일,충청북도 단양군 매포읍,경상사고,0,0,1,0,차대차 - 추돌,안전거리미확보,건조,맑음,단일로 - 기타,화물,남,57세,상해없음,승용,여,38세,경상
2016112300100534,2016년 11월 23일 20시,수요일,충청북도 증평군 증평읍,경상사고,0,0,1,0,차대차 - 정면충돌,안전운전불이행,건조,맑음,교차로 - 교차로안,승용,남,53세,상해없음,자전거,남,13세,경상
2016112300100535,2016년 11월 23일 20시,수요일,충청북도 괴산군 소수면,경상사고,0,0,1,0,차대차 - 측면충돌,직진우회전진행방해,건조,맑음,교차로 - 교차로안,승용,남,56세,상해없음,승용,남,28세,경상
2016112300100536,2016년 11월 23일 20시,수요일,충청북도 청주시 상당구 용담동,경상사고,0,0,2,0,차대차 - 측면충돌,안전운전불이행,건조,맑음,교차로 - 교차로부근,승용,여,64세,상해없음,승용,남,44세,경상
2016112300100563,2016년 11월 23일 21시,수요일,충청북도 증평군 증평읍,경상사고,0,0,2,0,차대차 - 측면충돌,직진우회전진행방해,건조,맑음,교차로 - 교차로안,승용,남,23세,상해없음,승용,남,61세,상해없음
2016112300100564,2016년 11월 23일 21시,수요일,충청북도 청주시 흥덕구 운천동,중상사고,0,1,0,0,차대차 - 기타,안전운전불이행,건조,맑음,교차로 - 교차로부근,승합,남,62세,상해없음,원동기,남,16세,중상
2016112300100620,2016년 11월 23일 23시,수요일,충청북도 청주시 흥덕구 오송읍,사망사고,1,0,0,0,차량단독 - 공작물충돌,안전운전불이행,건조,맑음,단일로 - 기타,화물,남,49세,사망,,,,
2016112400100010,2016년 11월 24일 00시,목요일,충청북도 청주시 청원구 율량동,중상사고,0,1,0,0,차대차 - 기타,안전운전불이행,건조,맑음,교차로 - 교차로안,이륜,남,28세,중상,승용,남,22세,상해없음
2016112400100011,2016년 11월 24일 00시,목요일,충청북도 음성군 대소면,중상사고,0,1,2,0,차대차 - 추돌,안전운전불이행,건조,맑음,교차로 - 교차로안,승용,남,29세,경상,승합,남,53세,경상
2016112400100047,2016년 11월 24일 05시,목요일,충청북도 청주시 흥덕구 복대동,경상사고,0,0,5,0,차대차 - 추돌,안전운전불이행,건조,맑음,교차로 - 교차로부근,승용,남,59세,상해없음,승용,여,43세,경상
2016112400100064,2016년 11월 24일 06시,목요일,충청북도 청주시 흥덕구 오송읍,중상사고,0,2,0,0,차대차 - 추돌,안전운전불이행,건조,맑음,미분류 - 미분류,승용,남,56세,중상,건설기계,남,33세,상해없음
2016112400100080,2016년 11월 24일 07시,목요일,충청북도 청주시 청원구 내수읍,경상사고,0,0,1,0,차대차 - 추돌,안전운전불이행,건조,맑음,단일로 - 기타,화물,남,47세,상해없음,승용,여,43세,경상
2016112400100081,2016년 11월 24일 07시,목요일,충청북도 진천군 진천읍,중상사고,0,1,1,0,차대차 - 기타,중앙선침범,건조,맑음,단일로 - 기타,승용,남,60세,상해없음,승합,남,39세,경상
2016112400100135,2016년 11월 24일 08시,목요일,충청북도 청주시 청원구 오창읍,경상사고,0,0,2,0,차대차 - 기타,중앙선침범,건조,맑음,단일로 - 기타,승용,남,42세,기타불명,승용,여,51세,경상
2016112400100136,2016년 11월 24일 08시,목요일,충청북도 보은군 보은읍,중상사고,0,1,0,0,차대차 - 추돌,안전운전불이행,건조,맑음,교차로 - 교차로부근,승용,여,46세,상해없음,승용,여,46세,중상
2016112400100178,2016년 11월 24일 09시,목요일,충청북도 청주시 흥덕구 화계동,경상사고,0,0,2,0,차대차 - 기타,안전운전불이행,건조,맑음,교차로 - 교차로부근,승합,여,51세,상해없음,승용,여,37세,경상
2016112400100211,2016년 11월 24일 10시,목요일,충청북도 청주시 흥덕구 복대동,경상사고,0,0,1,0,차대사람 - 횡단중,보행자보호의무위반,건조,맑음,교차로 - 교차로부근,승용,여,54세,상해없음,보행자,남,73세,경상
2016112400100245,2016년 11월 24일 11시,목요일,충청북도 청주시 서원구 사창동,경상사고,0,0,2,0,차대차 - 추돌,안전운전불이행,건조,맑음,단일로 - 기타,승용,남,48세,상해없음,승용,남,52세,경상
2016112400100246,2016년 11월 24일 11시,목요일,충청북도 청주시 청원구 오창읍,경상사고,0,0,1,0,차대차 - 정면충돌,신호위반,건조,맑음,교차로 - 교차로안,화물,남,60세,상해없음,승용,남,27세,경상
2016112400100304,2016년 11월 24일 13시,목요일,충청북도 충주시 주덕읍,경상사고,0,0,1,0,차대차 - 측면충돌,신호위반,건조,맑음,교차로 - 교차로안,화물,남,62세,상해없음,승용,여,61세,경상
2016112400100337,2016년 11월 24일 14시,목요일,충청북도 영동군 영동읍,부상신고사고,0,0,0,1,차대사람 - 횡단중,안전운전불이행,건조,맑음,단일로 - 기타,승용,남,42세,상해없음,보행자,여,10세,부상신고
2016112400100377,2016년 11월 24일 15시,목요일,충청북도 청주시 상당구 미원면,경상사고,0,0,2,0,차대차 - 정면충돌,중앙선침범,건조,맑음,단일로 - 기타,화물,남,51세,상해없음,승용,남,54세,경상
2016112400100407,2016년 11월 24일 16시,목요일,충청북도 옥천군 동이면,경상사고,0,0,1,0,차대차 - 측면직각충돌,중앙선침범,건조,맑음,교차로 - 교차로부근,승용,남,49세,상해없음,승용,여,35세,경상
2016112400100408,2016년 11월 24일 16시,목요일,충청북도 청주시 서원구 수곡동,경상사고,0,0,1,0,차대차 - 정면충돌,교차로운행방법위반,건조,맑음,교차로 - 교차로안,승용,여,37세,상해없음,이륜,남,35세,경상
2016112400100448,2016년 11월 24일 17시,목요일,충청북도 제천시 장락동,부상신고사고,0,0,0,1,차대사람 - 횡단중,기타,건조,맑음,교차로 - 교차로안,승용,남,44세,상해없음,보행자,남,9세,부상신고
2016112400100504,2016년 11월 24일 18시,목요일,충청북도 청주시 청원구 오창읍,중상사고,0,1,0,0,차대차 - 측면직각충돌,안전운전불이행,건조,맑음,교차로 - 교차로부근,이륜,남,40세,상해없음,자전거,남,9세,중상
2016112400100505,2016년 11월 24일 18시,목요일,충청북도 제천시 모산동,경상사고,0,0,1,0,차대사람 - 횡단중,안전운전불이행,건조,맑음,교차로 - 교차로부근,승용,여,28세,상해없음,보행자,남,20세,경상
2016112400100547,2016년 11월 24일 19시,목요일,충청북도 충주시 대소원면,경상사고,0,0,2,0,차대차 - 측면충돌,직진우회전진행방해,건조,맑음,교차로 - 교차로안,승용,여,65세,상해없음,승용,남,52세,경상
2016112400100584,2016년 11월 24일 20시,목요일,충청북도 청주시 청원구 내수읍,경상사고,0,0,1,0,차대차 - 측면충돌,교차로운행방법위반,건조,맑음,교차로 - 교차로안,승용,남,48세,상해없음,이륜,남,47세,경상
2016112400100585,2016년 11월 24일 20시,목요일,충청북도 청주시 청원구 우암동,부상신고사고,0,0,0,1,차대차 - 측면충돌,신호위반,건조,맑음,교차로 - 교차로안,자전거,남,55세,부상신고,승용,남,70세,상해없음
2016112400100586,2016년 11월 24일 20시,목요일,충청북도 청주시 서원구 사직동,경상사고,0,0,1,0,차대차 - 측면직각충돌,안전운전불이행,건조,맑음,단일로 - 기타,승용,남,41세,상해없음,자전거,여,62세,경상
2016112400100612,2016년 11월 24일 21시,목요일,충청북도 제천시 화산동,경상사고,0,0,1,0,차대차 - 추돌,안전운전불이행,건조,맑음,기타 - 기타,화물,남,51세,상해없음,승용,남,51세,경상
2016112500100007,2016년 11월 25일 00시,금요일,충청북도 제천시 모산동,경상사고,0,0,3,0,차대차 - 측면직각충돌,안전거리미확보,건조,맑음,교차로 - 교차로안,승용,남,66세,상해없음,승용,남,31세,경상
2016112500100008,2016년 11월 25일 00시,금요일,충청북도 청주시 흥덕구 복대동,경상사고,0,0,1,0,차대차 - 측면직각충돌,교차로운행방법위반,건조,맑음,교차로 - 교차로안,이륜,남,55세,경상,승용,남,50세,상해없음
2016112500100009,2016년 11월 25일 00시,금요일,충청북도 청주시 서원구 현도면,사망사고,1,0,1,0,차대차 - 기타,안전운전불이행,건조,맑음,단일로 - 기타,화물,남,45세,상해없음,화물,남,58세,사망
2016112500100032,2016년 11월 25일 02시,금요일,충청북도 청주시 상당구 문의면,경상사고,0,0,1,0,차대차 - 추돌,안전거리미확보,건조,맑음,단일로 - 기타,화물,남,52세,상해없음,화물,남,51세,경상
2016112500100050,2016년 11월 25일 04시,금요일,충청북도 제천시 영천동,경상사고,0,0,1,0,차대차 - 측면직각충돌,신호위반,건조,맑음,교차로 - 교차로안,이륜,남,16세,경상,화물,남,47세,상해없음
2016112500100073,2016년 11월 25일 06시,금요일,충청북도 괴산군 괴산읍,중상사고,0,1,0,0,차대차 - 측면직각충돌,중앙선침범,건조,흐림,교차로 - 교차로안,자전거,남,75세,중상,화물,남,34세,상해없음
2016112500100090,2016년 11월 25일 07시,금요일,충청북도 충주시 살미면,경상사고,0,0,1,0,차대사람 - 길가장자리구역통행중,안전운전불이행,건조,맑음,교차로 - 교차로부근,화물,남,51세,상해없음,보행자,남,55세,경상
2016112500100091,2016년 11월 25일 07시,금요일,충청북도 진천군 이월면,경상사고,0,0,1,0,차대차 - 기타,차로위반,건조,맑음,단일로 - 기타,승용,남,34세,경상,승용,남,25세,상해없음
2016112500100092,2016년 11월 25일 07시,금요일,충청북도 진천군 광혜원면,경상사고,0,0,1,0,차대차 - 기타,교차로운행방법위반,건조,맑음,교차로 - 교차로안,승용,여,67세,상해없음,승용,남,31세,경상
2016112500100120,2016년 11월 25일 08시,금요일,충청북도 청주시 서원구 사직동,중상사고,0,1,0,0,차대차 - 측면충돌,중앙선침범,건조,맑음,단일로 - 기타,승용,남,35세,상해없음,승용,여,36세,중상
2016112500100121,2016년 11월 25일 08시,금요일,충청북도 보은군 보은읍,경상사고,0,0,2,0,차대차 - 측면직각충돌,교차로운행방법위반,건조,맑음,교차로 - 교차로안,승용,여,55세,경상,승용,여,40세,경상
2016112500100122,2016년 11월 25일 08시,금요일,충청북도 음성군 생극면,경상사고,0,0,2,0,차량단독 - 전도전복,안전운전불이행,건조,맑음,단일로 - 기타,승용,남,53세,경상,,,,
2016112500100165,2016년 11월 25일 09시,금요일,충청북도 제천시 송학면,경상사고,0,0,1,1,차대차 - 추돌,중앙선침범,건조,맑음,단일로 - 기타,승용,남,64세,부상신고,특수,남,47세,경상
2016112500100166,2016년 11월 25일 09시,금요일,충청북도 음성군 맹동면,중상사고,0,1,0,0,차대차 - 측면충돌,차로위반,건조,맑음,단일로 - 기타,화물,남,53세,상해없음,승합,여,38세,중상
2016112500100200,2016년 11월 25일 11시,금요일,충청북도 청주시 상당구 남일면,중상사고,0,1,0,0,차대차 - 추돌,안전운전불이행,건조,맑음,단일로 - 교량,승용,남,52세,상해없음,이륜,남,73세,중상
2016112500100263,2016년 11월 25일 13시,금요일,충청북도 충주시 풍동,경상사고,0,0,1,0,차대차 - 측면충돌,직진우회전진행방해,건조,맑음,교차로 - 교차로안,화물,남,61세,상해없음,승용,남,59세,경상
2016112500100299,2016년 11월 25일 14시,금요일,충청북도 옥천군 옥천읍,부상신고사고,0,0,0,1,차대차 - 추돌,안전운전불이행,건조,맑음,교차로 - 교차로부근,원동기,남,55세,부상신고,승합,남,26세,상해없음
2016112500100332,2016년 11월 25일 15시,금요일,충청북도 제천시 중앙로2가,중상사고,0,1,0,0,차대차 - 기타,안전거리미확보,건조,맑음,단일로 - 기타,승용,남,60세,상해없음,이륜,남,24세,중상
2016112500100376,2016년 11월 25일 16시,금요일,충청북도 보은군 내북면,경상사고,0,0,1,0,차대차 - 추돌,안전운전불이행,건조,흐림,교차로 - 교차로안,화물,남,30세,경상,화물,남,50세,상해없음
2016112500100377,2016년 11월 25일 16시,금요일,충청북도 단양군 매포읍,중상사고,0,1,0,0,차량단독 - 전도전복,안전운전불이행,건조,맑음,단일로 - 기타,승용,남,40세,상해없음,,,,
2016112500100378,2016년 11월 25일 16시,금요일,충청북도 청주시 상당구 미원면,부상신고사고,0,0,0,1,차량단독 - 공작물충돌,안전운전불이행,건조,맑음,단일로 - 기타,화물,남,58세,부상신고,,,,
2016112500100417,2016년 11월 25일 17시,금요일,충청북도 충주시 연수동,경상사고,0,0,1,0,차대사람 - 기타,기타,건조,맑음,단일로 - 기타,승용,남,56세,상해없음,보행자,여,32세,경상
2016112500100418,2016년 11월 25일 17시,금요일,충청북도 음성군 음성읍,중상사고,0,1,0,0,차대차 - 측면충돌,안전운전불이행,건조,맑음,단일로 - 기타,승용,남,38세,상해없음,농기계,남,60세,중상
2016112500100470,2016년 11월 25일 18시,금요일,충청북도 음성군 대소면,사망사고,1,0,2,0,차대차 - 추돌,안전운전불이행,건조,맑음,단일로 - 기타,화물,남,59세,사망,화물,남,43세,경상
2016112500100471,2016년 11월 25일 18시,금요일,충청북도 청주시 흥덕구 신촌동,경상사고,0,0,2,0,차대차 - 정면충돌,안전운전불이행,건조,맑음,단일로 - 기타,승용,남,34세,상해없음,승용,남,44세,경상
2016112500100527,2016년 11월 25일 19시,금요일,충청북도 충주시 달천동,중상사고,0,1,3,0,차대차 - 정면충돌,안전운전불이행,건조,맑음,교차로 - 교차로부근,승용,여,60세,중상,승용,여,32세,경상
2016112500100528,2016년 11월 25일 19시,금요일,충청북도 충주시 연수동,부상신고사고,0,0,0,1,차대차 - 측면충돌,중앙선침범,건조,맑음,단일로 - 기타,원동기,남,16세,부상신고,승용,남,53세,상해없음
2016112500100529,2016년 11월 25일 19시,금요일,충청북도 충주시 대소원면,경상사고,0,0,1,0,차대차 - 추돌,안전운전불이행,건조,맑음,단일로 - 기타,승용,남,42세,상해없음,승용,여,42세,경상
2016112500100530,2016년 11월 25일 19시,금요일,충청북도 청주시 서원구 산남동,경상사고,0,0,1,0,차대차 - 측면충돌,안전운전불이행,건조,맑음,교차로 - 교차로안,승용,남,39세,상해없음,이륜,남,15세,경상
2016112500100566,2016년 11월 25일 20시,금요일,충청북도 제천시 하소동,경상사고,0,0,1,0,차대차 - 기타,안전운전불이행,기타,맑음,기타 - 기타,승용,여,35세,상해없음,승용,남,55세,상해없음
2016112500100567,2016년 11월 25일 20시,금요일,충청북도 증평군 도안면,경상사고,0,0,2,0,차대차 - 측면충돌,신호위반,건조,맑음,교차로 - 교차로안,승용,남,54세,상해없음,승용,여,52세,경상
2016112500100568,2016년 11월 25일 20시,금요일,충청북도 청주시 상당구 용암동,중상사고,0,1,0,0,차대차 - 측면충돌,안전운전불이행,건조,맑음,교차로 - 교차로안,이륜,남,24세,중상,승용,남,33세,상해없음
2016112500100607,2016년 11월 25일 21시,금요일,충청북도 음성군 금왕읍,경상사고,0,0,6,0,차대차 - 측면충돌,교차로운행방법위반,건조,맑음,교차로 - 교차로안,승용,남,69세,경상,승용,여,48세,경상
2016112500100608,2016년 11월 25일 21시,금요일,충청북도 단양군 단양읍,중상사고,0,1,0,0,차대사람 - 차도통행중,안전운전불이행,건조,맑음,교차로 - 교차로안,승용,남,69세,상해없음,보행자,남,44세,중상
2016112500100662,2016년 11월 25일 22시,금요일,충청북도 음성군 원남면,사망사고,1,0,1,0,차량단독 - 전도전복,안전운전불이행,결빙,맑음,단일로 - 기타,승합,남,59세,경상,,,,
2016112500100692,2016년 11월 25일 23시,금요일,충청북도 청주시 청원구 오창읍,경상사고,0,0,1,0,차대차 - 기타,안전운전불이행,건조,맑음,교차로 - 교차로안,승용,남,27세,상해없음,승합,남,61세,상해없음
2016112500100693,2016년 11월 25일 23시,금요일,충청북도 청주시 상당구 용암동,경상사고,0,0,2,0,차대차 - 정면충돌,안전운전불이행,건조,맑음,단일로 - 기타,승용,남,45세,상해없음,승용,남,31세,경상
2016112600100016,2016년 11월 26일 00시,토요일,충청북도 충주시 교현동,경상사고,0,0,1,1,차대차 - 측면충돌,안전운전불이행,건조,맑음,교차로 - 교차로안,승용,여,49세,부상신고,승용,남,22세,경상
2016112600100059,2016년 11월 26일 02시,토요일,충청북도 청주시 청원구 오창읍,경상사고,0,0,2,0,차대차 - 측면직각충돌,교차로운행방법위반,건조,맑음,교차로 - 교차로안,승용,여,33세,상해없음,화물,남,45세,경상
2016112600100108,2016년 11월 26일 06시,토요일,충청북도 충주시 교현동,경상사고,0,0,5,0,차대차 - 측면충돌,신호위반,건조,맑음,교차로 - 교차로안,승용,남,51세,상해없음,화물,남,49세,경상
2016112600100136,2016년 11월 26일 08시,토요일,충청북도 청주시 청원구 주중동,중상사고,0,1,1,0,차대차 - 측면충돌,신호위반,건조,맑음,교차로 - 교차로안,승용,여,58세,경상,승용,남,69세,중상
2016112600100150,2016년 11월 26일 09시,토요일,충청북도 충주시 교현동,경상사고,0,0,1,0,차대차 - 측면충돌,안전거리미확보,건조,맑음,단일로 - 기타,승용,남,57세,상해없음,승용,남,22세,경상
2016112600100172,2016년 11월 26일 10시,토요일,충청북도 청주시 상당구 금천동,경상사고,0,0,1,0,차대차 - 측면충돌,안전운전불이행,건조,맑음,교차로 - 교차로부근,승용,남,55세,상해없음,이륜,남,18세,경상
2016112600100193,2016년 11월 26일 11시,토요일,충청북도 제천시 청전동,중상사고,0,1,5,0,차대차 - 측면충돌,직진우회전진행방해,건조,맑음,교차로 - 교차로안,승용,여,44세,경상,승용,남,57세,경상
2016112600100225,2016년 11월 26일 12시,토요일,충청북도 제천시 의림동,중상사고,0,1,0,0,차대차 - 측면충돌,안전운전불이행,건조,흐림,교차로 - 교차로부근,이륜,남,35세,중상,승용,여,52세,상해없음
2016112600100251,2016년 11월 26일 13시,토요일,충청북도 증평군 증평읍,경상사고,0,0,2,0,차대차 - 측면직각충돌,직진우회전진행방해,건조,맑음,교차로 - 교차로안,승용,남,44세,경상,승용,여,47세,경상
2016112600100283,2016년 11월 26일 14시,토요일,충청북도 충주시 소태면,중상사고,0,1,1,0,차대차 - 정면충돌,안전운전불이행,건조,맑음,단일로 - 기타,승용,남,23세,상해없음,승용,남,54세,경상
2016112600100284,2016년 11월 26일 14시,토요일,충청북도 충주시 소태면,경상사고,0,0,4,0,차대차 - 정면충돌,안전운전불이행,습기,눈,단일로 - 기타,승용,남,25세,경상,승용,남,28세,경상
2016112600100285,2016년 11월 26일 14시,토요일,충청북도 청주시 흥덕구 봉명동,경상사고,0,0,2,0,차대차 - 정면충돌,신호위반,건조,맑음,교차로 - 교차로안,승용,남,39세,경상,승용,여,49세,경상
2016112600100326,2016년 11월 26일 15시,토요일,충청북도 청주시 서원구 분평동,경상사고,0,0,1,0,차대사람 - 횡단중,안전운전불이행,습기,눈,단일로 - 기타,승용,여,47세,상해없음,보행자,여,15세,경상
2016112600100402,2016년 11월 26일 17시,토요일,충청북도 청주시 청원구 내덕동,경상사고,0,0,3,0,차대차 - 기타,안전운전불이행,건조,맑음,단일로 - 기타,승합,남,24세,경상,승용,여,63세,경상
2016112600100403,2016년 11월 26일 17시,토요일,충청북도 충주시 산척면,경상사고,0,0,2,0,차대차 - 측면충돌,안전운전불이행,습기,흐림,단일로 - 기타,승용,남,69세,상해없음,승용,여,70세,경상
2016112600100404,2016년 11월 26일 17시,토요일,충청북도 충주시 문화동,경상사고,0,0,1,0,차대차 - 측면충돌,안전운전불이행,습기,흐림,교차로 - 교차로안,승용,남,54세,경상,건설기계,남,48세,상해없음
2016112600100406,2016년 11월 26일 17시,토요일,충청북도 청주시 서원구 개신동,경상사고,0,0,2,0,차대차 - 측면직각충돌,신호위반,습기,비,교차로 - 교차로안,화물,남,76세,상해없음,승용,남,30세,경상
2016112600100472,2016년 11월 26일 18시,토요일,충청북도 청주시 청원구 오창읍,중상사고,0,1,0,0,차대차 - 측면직각충돌,교차로운행방법위반,건조,맑음,교차로 - 교차로안,원동기,남,64세,중상,화물,남,54세,상해없음
2016112600100473,2016년 11월 26일 18시,토요일,충청북도 제천시 산곡동,사망사고,1,0,0,0,차대사람 - 횡단중,보행자보호의무위반,습기,흐림,교차로 - 교차로안,승용,남,49세,상해없음,보행자,여,59세,사망
2016112600100474,2016년 11월 26일 18시,토요일,충청북도 진천군 덕산면,중상사고,0,1,0,0,차대차 - 측면충돌,신호위반,건조,맑음,교차로 - 교차로안,승용,남,30세,상해없음,이륜,남,45세,중상
2016112600100475,2016년 11월 26일 18시,토요일,충청북도 청주시 상당구 석교동,중상사고,0,1,1,0,차대차 - 측면충돌,신호위반,건조,맑음,교차로 - 교차로안,승용,남,36세,중상,승합,남,57세,경상
2016112600100476,2016년 11월 26일 18시,토요일,충청북도 청주시 서원구 수곡동,경상사고,0,0,2,0,차대차 - 정면충돌,안전운전불이행,건조,맑음,단일로 - 기타,승합,남,50세,상해없음,승용,여,33세,상해없음