사고번호,사고일시,요일,시군구,사고내용,사망자수,중상자수,경상자수,부상신고자수,사고유형,법규위반,노면상태,기상상태,도로형태,가해운전자 차종,가해운전자 성별,가해운전자 연령,가해운전자 상해정도,피해운전자 차종,피해운전자 성별,피해운전자 연령,피해운전자 상해정도
2016120100100140,2016년 12월 1일 08시,목요일,충청북도 청주시 서원구 사창동,경상사고,0,0,1,0,차대차 - 측면충돌,안전운전불이행,건조,맑음,교차로 - 교차로부근,승용,여,54세,상해없음,화물,남,39세,경상
2016120100100141,2016년 12월 1일 08시,목요일,충청북도 청주시 흥덕구 봉명동,경상사고,0,0,1,0,차대차 - 측면충돌,안전운전불이행,건조,맑음,교차로 - 교차로부근,승용,남,29세,상해없음,자전거,남,13세,경상
2016120100100188,2016년 12월 1일 09시,목요일,충청북도 충주시 목행동,경상사고,0,0,1,0,차대차 - 정면충돌,안전운전불이행,건조,맑음,교차로 - 교차로부근,승용,여,43세,기타불명,건설기계,남,58세,경상
2016120100100189,2016년 12월 1일 09시,목요일,충청북도 제천시 하소동,경상사고,0,0,1,0,차대사람 - 횡단중,안전운전불이행,건조,맑음,교차로 - 교차로부근,승합,남,45세,상해없음,보행자,여,68세,경상
2016120100100190,2016년 12월 1일 09시,목요일,충청북도 진천군 진천읍,중상사고,0,1,0,0,차대사람 - 차도통행중,안전운전불이행,건조,맑음,교차로 - 교차로안,승용,여,41세,상해없음,보행자,남,53세,중상
2016120100100191,2016년 12월 1일 09시,목요일,충청북도 청주시 상당구 남문로1가동,경상사고,0,0,1,0,차대차 - 기타,안전운전불이행,건조,맑음,단일로 - 기타,승용,남,53세,기타불명,승용,여,32세,경상
2016120100100217,2016년 12월 1일 10시,목요일,충청북도 충주시 교현동,경상사고,0,0,1,0,차대사람 - 횡단중,안전운전불이행,건조,맑음,단일로 - 기타,승용,여,47세,상해없음,보행자,여,44세,경상
2016120100100218,2016년 12월 1일 10시,목요일,충청북도 청주시 상당구 영운동,경상사고,0,0,1,0,차대사람 - 횡단중,안전운전불이행,건조,맑음,교차로 - 교차로안,승용,여,52세,상해없음,보행자,남,57세,경상
2016120100100244,2016년 12월 1일 11시,목요일,충청북도 청주시 흥덕구 옥산면,경상사고,0,0,3,0,차대차 - 측면직각충돌,중앙선침범,건조,맑음,단일로 - 기타,승용,남,50세,경상,승용,여,43세,경상
2016120100100266,2016년 12월 1일 12시,목요일,충청북도 청주시 서원구 개신동,경상사고,0,0,1,0,차대차 - 기타,안전운전불이행,건조,맑음,교차로 - 교차로부근,승용,여,60세,상해없음,승용,남,51세,경상
2016120100100267,2016년 12월 1일 12시,목요일,충청북도 영동군 상촌면,사망사고,1,0,0,0,차량단독 - 전도전복,안전운전불이행,건조,맑음,단일로 - 기타,화물,남,46세,사망,,,,
2016120100100268,2016년 12월 1일 12시,목요일,충청북도 청주시 흥덕구 봉명동,경상사고,0,0,1,0,차대사람 - 횡단중,안전운전불이행,건조,맑음,기타 - 기타,화물,남,35세,상해없음,보행자,남,55세,경상
2016120100100269,2016년 12월 1일 12시,목요일,충청북도 청주시 상당구 석교동,경상사고,0,0,1,0,차대차 - 정면충돌,안전운전불이행,건조,맑음,교차로 - 교차로부근,기타불명,기타불명,기타불명,기타불명,승용,남,60세,상해없음
2016120100100441,2016년 12월 1일 17시,목요일,충청북도 청주시 흥덕구 가경동,중상사고,0,1,0,0,차대사람 - 횡단중,안전운전불이행,건조,맑음,교차로 - 교차로안,기타불명,기타불명,기타불명,기타불명,보행자,남,15세,중상
2016120100100442,2016년 12월 1일 17시,목요일,충청북도 청주시 서원구 분평동,경상사고,0,0,1,0,차대차 - 측면충돌,안전운전불이행,건조,맑음,단일로 - 기타,승용,여,50세,경상,화물,남,59세,상해없음
2016120100100496,2016년 12월 1일 18시,목요일,충청북도 청주시 서원구 장암동,경상사고,0,0,2,0,차대차 - 측면충돌,안전운전불이행,건조,맑음,교차로 - 교차로안,승용,남,37세,상해없음,승용,여,42세,경상
2016120100100539,2016년 12월 1일 19시,목요일,충청북도 괴산군 괴산읍,중상사고,0,1,0,1,차대차 - 측면직각충돌,안전운전불이행,건조,맑음,교차로 - 교차로안,승용,여,31세,부상신고,이륜,여,47세,중상
2016120100100540,2016년 12월 1일 19시,목요일,충청북도 청주시 흥덕구 운천동,경상사고,0,0,1,0,차대사람 - 횡단중,신호위반,건조,맑음,교차로 - 교차로안,승용,남,53세,상해없음,보행자,여,32세,경상
2016120100100633,2016년 12월 1일 22시,목요일,충청북도 제천시 봉양읍,경상사고,0,0,1,0,차대사람 - 횡단중,보행자보호의무위반,건조,맑음,교차로 - 교차로안,이륜,여,53세,상해없음,보행자,남,24세,경상
2016120100100634,2016년 12월 1일 22시,목요일,충청북도 진천군 광혜원면,중상사고,0,1,0,0,차대사람 - 차도통행중,안전운전불이행,건조,맑음,단일로 - 기타,승용,남,59세,상해없음,보행자,남,37세,중상
2016120200100026,2016년 12월 2일 01시,금요일,충청북도 음성군 삼성면,중상사고,0,1,0,0,차대차 - 추돌,기타,건조,맑음,단일로 - 기타,승용,남,32세,상해없음,승용,남,46세,중상
2016120200100063,2016년 12월 2일 05시,금요일,충청북도 청주시 청원구 오창읍,중상사고,0,2,0,0,차대차 - 추돌,안전운전불이행,건조,맑음,단일로 - 기타,승용,남,30세,중상,화물,남,58세,중상
2016120200100101,2016년 12월 2일 07시,금요일,충청북도 단양군 단양읍,중상사고,0,1,1,0,차대차 - 측면직각충돌,직진우회전진행방해,건조,맑음,교차로 - 교차로안,승용,남,32세,상해없음,화물,남,74세,경상
2016120200100102,2016년 12월 2일 07시,금요일,충청북도 청주시 흥덕구 강내면,경상사고,0,0,1,0,차대차 - 정면충돌,중앙선침범,건조,맑음,단일로 - 기타,승합,남,64세,상해없음,승용,남,25세,경상
2016120200100179,2016년 12월 2일 09시,금요일,충청북도 충주시 안림동,중상사고,0,2,0,0,차대차 - 정면충돌,안전운전불이행,건조,맑음,단일로 - 기타,승용,남,58세,상해없음,승용,남,45세,중상
2016120200100180,2016년 12월 2일 09시,금요일,충청북도 제천시 영천동,경상사고,0,0,1,0,차대차 - 추돌,안전거리미확보,건조,맑음,교차로 - 교차로부근,이륜,남,77세,경상,승용,남,28세,상해없음
2016120200100234,2016년 12월 2일 11시,금요일,충청북도 청주시 흥덕구 복대동,경상사고,0,0,1,0,차대차 - 측면직각충돌,중앙선침범,건조,맑음,교차로 - 교차로부근,승용,여,42세,상해없음,승용,여,45세,경상
2016120200100235,2016년 12월 2일 11시,금요일,충청북도 청주시 상당구 용암동,중상사고,0,1,1,0,차대차 - 측면충돌,안전운전불이행,건조,맑음,단일로 - 기타,승용,남,54세,중상,건설기계,남,50세,경상
2016120200100272,2016년 12월 2일 12시,금요일,충청북도 청주시 흥덕구 오송읍,중상사고,0,1,1,0,차대차 - 측면직각충돌,안전운전불이행,건조,맑음,교차로 - 교차로부근,화물,남,58세,경상,화물,남,62세,중상
2016120200100305,2016년 12월 2일 13시,금요일,충청북도 제천시 중앙로2가,중상사고,0,1,0,0,차대사람 - 횡단중,안전운전불이행,건조,맑음,교차로 - 교차로안,화물,남,35세,상해없음,보행자,여,64세,중상
2016120200100342,2016년 12월 2일 14시,금요일,충청북도 진천군 문백면,경상사고,0,0,1,0,차대차 - 측면충돌,신호위반,건조,맑음,교차로 - 교차로안,승용,여,33세,상해없음,승용,남,45세,경상
2016120200100343,2016년 12월 2일 14시,금요일,충청북도 청주시 흥덕구 봉명동,경상사고,0,0,3,0,차대차 - 정면충돌,안전운전불이행,건조,맑음,단일로 - 기타,승용,남,57세,경상,승용,남,60세,경상
2016120200100380,2016년 12월 2일 15시,금요일,충청북도 제천시 수산면,경상사고,0,0,1,0,차량단독 - 공작물충돌,안전운전불이행,건조,맑음,단일로 - 기타,화물,남,62세,경상,,,,
2016120200100417,2016년 12월 2일 16시,금요일,충청북도 청주시 청원구 내덕동,경상사고,0,0,1,0,차대사람 - 길가장자리구역통행중,안전운전불이행,건조,맑음,교차로 - 교차로부근,승용,여,60세,상해없음,보행자,여,21세,경상
2016120200100418,2016년 12월 2일 16시,금요일,충청북도 충주시 용산동,경상사고,0,0,1,0,차대차 - 측면충돌,안전운전불이행,건조,맑음,교차로 - 교차로부근,승용,남,40세,상해없음,자전거,남,8세,경상
2016120200100419,2016년 12월 2일 16시,금요일,충청북도 제천시 서부동,경상사고,0,0,1,0,차대사람 - 횡단중,안전운전불이행,건조,흐림,단일로 - 기타,승용,남,49세,상해없음,보행자,여,62세,경상
2016120200100420,2016년 12월 2일 16시,금요일,충청북도 제천시 봉양읍,경상사고,0,0,1,0,차대차 - 추돌,중앙선침범,건조,흐림,기타 - 기타,원동기,남,72세,경상,승용,남,77세,상해없음
2016120200100421,2016년 12월 2일 16시,금요일,충청북도 청주시 상당구 영운동,중상사고,0,1,0,0,차대차 - 정면충돌,안전운전불이행,건조,맑음,단일로 - 기타,승용,여,42세,상해없음,자전거,남,75세,중상
2016120200100470,2016년 12월 2일 17시,금요일,충청북도 제천시 영천동,중상사고,0,1,0,0,차대사람 - 횡단중,안전운전불이행,건조,흐림,교차로 - 교차로부근,승용,남,33세,상해없음,보행자,남,57세,중상
2016120200100529,2016년 12월 2일 18시,금요일,충청북도 청주시 청원구 내덕동,경상사고,0,0,1,0,차대차 - 측면충돌,교차로운행방법위반,건조,맑음,교차로 - 교차로안,자전거,남,48세,경상,승용,남,61세,상해없음
2016120200100530,2016년 12월 2일 18시,금요일,충청북도 청주시 청원구 율량동,중상사고,0,2,1,0,차대차 - 추돌,안전운전불이행,건조,맑음,교차로 - 교차로안,화물,남,52세,상해없음,승용,여,51세,중상
2016120200100531,2016년 12월 2일 18시,금요일,충청북도 충주시 산척면,경상사고,0,0,4,1,차대차 - 기타,직진우회전진행방해,건조,맑음,교차로 - 교차로안,승용,남,58세,부상신고,승용,여,64세,경상
2016120200100532,2016년 12월 2일 18시,금요일,충청북도 제천시 명동,중상사고,0,1,3,0,차대차 - 추돌,안전거리미확보,건조,흐림,교차로 - 교차로부근,승용,남,24세,경상,승용,남,66세,중상
2016120200100533,2016년 12월 2일 18시,금요일,충청북도 청주시 서원구 분평동,경상사고,0,0,1,0,차대차 - 기타,안전운전불이행,건조,맑음,단일로 - 기타,자전거,남,16세,경상,승용,남,39세,상해없음
2016120200100534,2016년 12월 2일 18시,금요일,충청북도 청주시 서원구 모충동,경상사고,0,0,2,0,차대차 - 측면충돌,교차로운행방법위반,건조,맑음,교차로 - 교차로안,승용,여,47세,경상,승용,여,53세,경상
2016120200100578,2016년 12월 2일 19시,금요일,충청북도 청주시 청원구 오창읍,중상사고,0,1,0,0,차대차 - 기타,안전운전불이행,건조,맑음,단일로 - 기타,승용,남,54세,상해없음,이륜,남,18세,중상
2016120200100579,2016년 12월 2일 19시,금요일,충청북도 충주시 교현동,경상사고,0,0,1,0,차대차 - 측면충돌,중앙선침범,건조,맑음,단일로 - 기타,원동기,남,21세,상해없음,원동기,남,19세,경상
2016120200100580,2016년 12월 2일 19시,금요일,충청북도 청주시 서원구 산남동,경상사고,0,0,3,0,차대차 - 정면충돌,안전운전불이행,건조,맑음,단일로 - 기타,승용,남,55세,상해없음,승용,남,26세,상해없음
2016120200100654,2016년 12월 2일 21시,금요일,충청북도 청주시 상당구 용암동,중상사고,0,1,0,0,차대차 - 기타,안전운전불이행,건조,흐림,교차로 - 교차로부근,승용,여,47세,상해없음,원동기,남,43세,중상
2016120300100017,2016년 12월 3일 00시,토요일,충청북도 진천군 덕산면,중상사고,0,3,5,0,차대차 - 정면충돌,안전운전불이행,건조,맑음,단일로 - 기타,화물,남,42세,상해없음,승용,남,38세,중상
2016120300100040,2016년 12월 3일 01시,토요일,충청북도 청주시 상당구 미원면,중상사고,0,1,0,1,차량단독 - 기타,안전운전불이행,습기,흐림,단일로 - 기타,이륜,남,19세,부상신고,,,,
2016120300100042,2016년 12월 3일 01시,토요일,충청북도 청주시 서원구 현도면,중상사고,0,2,0,0,차대차 - 기타,안전운전불이행,건조,맑음,단일로 - 기타,승용,남,36세,상해없음,승용,남,24세,상해없음
2016120300100062,2016년 12월 3일 02시,토요일,충청북도 청주시 흥덕구 봉명동,경상사고,0,0,1,0,차대사람 - 횡단중,안전운전불이행,건조,맑음,교차로 - 교차로안,승용,남,70세,상해없음,보행자,남,46세,경상
2016120300100076,2016년 12월 3일 03시,토요일,충청북도 제천시 봉양읍,중상사고,0,2,0,0,차대차 - 추돌,안전운전불이행,건조,흐림,교차로 - 교차로부근,화물,남,50세,중상,화물,남,58세,중상
2016120300100077,2016년 12월 3일 03시,토요일,충청북도 청주시 흥덕구 비하동,경상사고,0,0,1,0,차대사람 - 횡단중,안전운전불이행,건조,맑음,교차로 - 교차로안,승용,남,30세,상해없음,보행자,남,33세,경상
2016120300100092,2016년 12월 3일 04시,토요일,충청북도 청주시 흥덕구 비하동,경상사고,0,0,1,0,차량단독 - 기타,안전운전불이행,건조,맑음,단일로 - 기타,자전거,남,71세,경상,,,,
2016120300100100,2016년 12월 3일 05시,토요일,충청북도 청주시 서원구 사직동,중상사고,0,1,2,0,차대차 - 추돌,안전운전불이행,건조,맑음,단일로 - 기타,승용,남,33세,상해없음,화물,남,52세,경상
2016120300100117,2016년 12월 3일 06시,토요일,충청북도 청주시 흥덕구 석소동,중상사고,0,1,0,0,차대차 - 정면충돌,안전운전불이행,건조,맑음,단일로 - 기타,승용,남,56세,상해없음,승용,남,32세,중상
2016120300100135,2016년 12월 3일 07시,토요일,충청북도 청주시 청원구 오창읍,경상사고,0,0,2,0,차대차 - 정면충돌,안전운전불이행,건조,맑음,단일로 - 기타,승용,남,22세,상해없음,승용,남,53세,경상
2016120300100136,2016년 12월 3일 07시,토요일,충청북도 진천군 진천읍,중상사고,0,2,0,0,차대차 - 추돌,안전거리미확보,건조,흐림,단일로 - 기타,승용,남,65세,상해없음,농기계,남,76세,중상
2016120300100158,2016년 12월 3일 08시,토요일,충청북도 음성군 대소면,경상사고,0,0,1,0,차대차 - 정면충돌,중앙선침범,건조,맑음,단일로 - 기타,화물,남,79세,상해없음,승용,남,32세,경상
2016120300100177,2016년 12월 3일 09시,토요일,충청북도 청주시 흥덕구 봉명동,경상사고,0,0,2,0,차대차 - 측면직각충돌,안전거리미확보,건조,맑음,단일로 - 기타,승용,여,25세,경상,승합,남,45세,상해없음
2016120300100229,2016년 12월 3일 11시,토요일,충청북도 괴산군 괴산읍,중상사고,0,2,0,0,차대차 - 측면직각충돌,안전운전불이행,건조,맑음,단일로 - 기타,승용,남,35세,상해없음,이륜,남,76세,중상
2016120300100230,2016년 12월 3일 11시,토요일,충청북도 음성군 음성읍,중상사고,0,1,0,0,차대차 - 측면충돌,안전운전불이행,건조,맑음,단일로 - 기타,자전거,남,74세,중상,승용,여,57세,상해없음
2016120300100231,2016년 12월 3일 11시,토요일,충청북도 청주시 흥덕구 봉명동,경상사고,0,0,1,0,차대차 - 정면충돌,신호위반,건조,맑음,교차로 - 교차로안,승용,여,50세,상해없음,승용,남,24세,경상
2016120300100232,2016년 12월 3일 11시,토요일,충청북도 청주시 서원구 분평동,경상사고,0,0,3,0,차대차 - 정면충돌,안전운전불이행,건조,맑음,단일로 - 기타,승용,여,25세,상해없음,승용,여,56세,경상
2016120300100233,2016년 12월 3일 11시,토요일,충청북도 청주시 상당구 남문로1가동,중상사고,0,1,0,0,차대사람 - 기타,안전운전불이행,건조,맑음,기타 - 기타,승합,남,53세,상해없음,보행자,여,71세,중상
2016120300100475,2016년 12월 3일 18시,토요일,충청북도 진천군 진천읍,경상사고,0,0,4,0,차대차 - 기타,중앙선침범,건조,맑음,단일로 - 기타,화물,남,60세,경상,승용,남,52세,경상
2016120300100477,2016년 12월 3일 18시,토요일,충청북도 청주시 상당구 용담동,경상사고,0,0,1,0,차대차 - 추돌,안전운전불이행,건조,맑음,단일로 - 기타,화물,남,61세,상해없음,승용,남,52세,경상
2016120300100526,2016년 12월 3일 19시,토요일,충청북도 청주시 청원구 내덕동,중상사고,0,1,0,0,차대차 - 기타,기타,건조,맑음,교차로 - 교차로부근,승용,남,56세,상해없음,이륜,남,27세,중상
2016120300100527,2016년 12월 3일 19시,토요일,충청북도 충주시 성서동,경상사고,0,0,2,0,차대차 - 측면충돌,신호위반,건조,맑음,교차로 - 교차로안,승용,여,21세,상해없음,승용,남,46세,경상
2016120300100528,2016년 12월 3일 19시,토요일,충청북도 청주시 흥덕구 봉명동,경상사고,0,0,2,0,차대차 - 정면충돌,안전거리미확보,습기,맑음,교차로 - 교차로안,이륜,남,20세,경상,이륜,남,47세,경상
2016120300100564,2016년 12월 3일 20시,토요일,충청북도 제천시 신월동,중상사고,0,1,5,0,차대차 - 추돌,신호위반,건조,흐림,교차로 - 교차로안,승용,남,35세,상해없음,승용,여,45세,경상
2016120300100565,2016년 12월 3일 20시,토요일,충청북도 청주시 서원구 모충동,경상사고,0,0,5,0,차대차 - 기타,안전운전불이행,건조,맑음,교차로 - 교차로부근,승용,여,52세,상해없음,승용,남,30세,경상
2016120400100032,2016년 12월 4일 01시,일요일,충청북도 청주시 청원구 북이면,경상사고,0,0,1,0,차량단독 - 전도전복,안전운전불이행,건조,맑음,단일로 - 기타,화물,남,57세,경상,,,,
2016120400100078,2016년 12월 4일 06시,일요일,충청북도 청주시 서원구 사직동,경상사고,0,0,1,0,차대차 - 기타,안전운전불이행,건조,맑음,교차로 - 교차로부근,승용,남,59세,상해없음,자전거,남,63세,경상
2016120400100079,2016년 12월 4일 06시,일요일,충청북도 청주시 흥덕구 옥산면,중상사고,0,1,0,0,차대차 - 기타,안전운전불이행,습기,흐림,단일로 - 기타,승용,남,35세,상해없음,승용,남,27세,중상
2016120400100113,2016년 12월 4일 09시,일요일,충청북도 충주시 문화동,경상사고,0,0,3,0,차대차 - 측면충돌,신호위반,건조,맑음,교차로 - 교차로안,승용,남,43세,경상,승용,남,29세,경상
2016120400100114,2016년 12월 4일 09시,일요일,충청북도 청주시 흥덕구 복대동,부상신고사고,0,0,0,1,차량단독 - 전도전복,안전운전불이행,기타,맑음,단일로 - 기타,이륜,남,46세,부상신고,,,,
2016120400100124,2016년 12월 4일 10시,일요일,충청북도 제천시 청전동,경상사고,0,0,1,0,차대사람 - 길가장자리구역통행중,안전운전불이행,건조,흐림,기타 - 기타,승용,여,52세,상해없음,보행자,여,53세,경상
2016120400100162,2016년 12월 4일 12시,일요일,충청북도 청주시 상당구 남일면,경상사고,0,0,2,0,차량단독 - 전도전복,안전운전불이행,건조,맑음,단일로 - 기타,승용,여,24세,경상,,,,
2016120400100219,2016년 12월 4일 15시,일요일,충청북도 청주시 흥덕구 강서동,경상사고,0,0,1,0,차대차 - 측면직각충돌,신호위반,건조,맑음,단일로 - 기타,승용,남,65세,상해없음,승용,남,59세,경상
2016120400100220,2016년 12월 4일 15시,일요일,충청북도 청주시 상당구 용암동,중상사고,0,1,1,0,차대차 - 측면충돌,교차로운행방법위반,건조,맑음,교차로 - 교차로안,승용,여,29세,경상,이륜,남,20세,중상
2016120400100251,2016년 12월 4일 16시,일요일,충청북도 보은군 보은읍,경상사고,0,0,2,0,차대차 - 추돌,안전운전불이행,건조,맑음,단일로 - 기타,승용,남,38세,상해없음,승용,남,55세,경상
2016120400100252,2016년 12월 4일 16시,일요일,충청북도 음성군 대소면,경상사고,0,0,1,0,차대차 - 측면충돌,안전운전불이행,건조,맑음,단일로 - 기타,승용,여,31세,상해없음,승용,여,42세,상해없음
2016120400100282,2016년 12월 4일 17시,일요일,충청북도 충주시 성남동,경상사고,0,0,1,0,차대차 - 측면충돌,안전운전불이행,건조,맑음,교차로 - 교차로안,승용,여,50세,상해없음,원동기,남,28세,경상
2016120400100283,2016년 12월 4일 17시,일요일,충청북도 청주시 서원구 수곡동,중상사고,0,1,0,0,차대차 - 측면충돌,교차로운행방법위반,건조,맑음,교차로 - 교차로안,승용,남,47세,상해없음,자전거,남,66세,중상
2016120400100311,2016년 12월 4일 18시,일요일,충청북도 청주시 상당구 영동,경상사고,0,0,1,0,차대차 - 측면직각충돌,교차로운행방법위반,건조,맑음,교차로 - 교차로안,승용,여,58세,상해없음,자전거,남,76세,경상
2016120400100312,2016년 12월 4일 18시,일요일,충청북도 청주시 상당구 문화동,경상사고,0,0,1,0,차대차 - 측면충돌,안전운전불이행,건조,맑음,단일로 - 기타,승용,남,63세,상해없음,승용,남,55세,경상
2016120400100313,2016년 12월 4일 18시,일요일,충청북도 청주시 서원구 분평동,중상사고,0,1,0,0,차대차 - 측면충돌,안전운전불이행,건조,맑음,단일로 - 기타,승용,남,25세,상해없음,이륜,남,32세,중상
2016120400100349,2016년 12월 4일 19시,일요일,충청북도 진천군 진천읍,경상사고,0,0,2,0,차대차 - 정면충돌,안전운전불이행,건조,맑음,교차로 - 교차로부근,승용,남,46세,경상,승용,남,58세,경상
2016120400100368,2016년 12월 4일 20시,일요일,충청북도 제천시 청전동,중상사고,0,2,0,0,차대차 - 측면직각충돌,직진우회전진행방해,건조,맑음,교차로 - 교차로안,승용,남,25세,상해없음,이륜,남,18세,중상
2016120400100369,2016년 12월 4일 20시,일요일,충청북도 진천군 이월면,중상사고,0,1,0,0,차대차 - 기타,안전운전불이행,건조,맑음,단일로 - 기타,승용,남,47세,상해없음,자전거,남,59세,중상
2016120400100392,2016년 12월 4일 21시,일요일,충청북도 옥천군 옥천읍,중상사고,0,1,0,0,차대차 - 추돌,안전운전불이행,건조,맑음,교차로 - 교차로부근,원동기,남,33세,상해없음,자전거,여,63세,중상
2016120400100406,2016년 12월 4일 22시,일요일,충청북도 제천시 명동,중상사고,0,1,1,0,차대차 - 측면직각충돌,불법유턴,건조,맑음,단일로 - 기타,승용,남,22세,상해없음,승용,남,44세,경상
2016120500100085,2016년 12월 5일 07시,월요일,충청북도 옥천군 군북면,중상사고,0,2,6,0,차대차 - 추돌,안전운전불이행,습기,흐림,교차로 - 교차로부근,승합,남,33세,경상,승용,남,25세,중상
2016120500100118,2016년 12월 5일 08시,월요일,충청북도 청주시 청원구 내덕동,경상사고,0,0,2,0,차대차 - 측면충돌,안전운전불이행,건조,맑음,교차로 - 교차로부근,승용,여,70세,경상,승용,여,43세,경상
2016120500100154,2016년 12월 5일 09시,월요일,충청북도 청주시 서원구 사직동,경상사고,0,0,1,0,차대차 - 기타,안전운전불이행,건조,맑음,단일로 - 기타,기타불명,기타불명,기타불명,기타불명,이륜,남,34세,경상
2016120500100242,2016년 12월 5일 12시,월요일,충청북도 음성군 맹동면,사망사고,1,0,0,0,차대차 - 측면직각충돌,교차로운행방법위반,건조,맑음,교차로 - 교차로안,승용,여,35세,상해없음,자전거,남,82세,사망
2016120500100265,2016년 12월 5일 13시,월요일,충청북도 증평군 증평읍,경상사고,0,0,1,0,차대차 - 기타,안전운전불이행,건조,맑음,교차로 - 교차로안,이륜,남,75세,경상,승용,남,69세,상해없음
2016120500100288,2016년 12월 5일 14시,월요일,충청북도 충주시 엄정면,중상사고,0,1,0,0,차대차 - 측면충돌,기타,건조,맑음,단일로 - 기타,승용,남,74세,상해없음,승합,남,50세,상해없음
2016120500100404,2016년 12월 5일 18시,월요일,충청북도 청주시 청원구 오창읍,중상사고,0,1,0,0,차대차 - 측면충돌,신호위반,건조,맑음,교차로 - 교차로안,이륜,남,39세,상해없음,이륜,남,26세,중상
2016120500100405,2016년 12월 5일 18시,월요일,충청북도 청주시 청원구 오창읍,경상사고,0,0,3,1,차대차 - 추돌,안전운전불이행,건조,맑음,단일로 - 기타,승용,여,32세,경상,승용,남,38세,경상
2016120500100406,2016년 12월 5일 18시,월요일,충청북도 청주시 청원구 내덕동,경상사고,0,0,3,0,차대차 - 기타,교차로운행방법위반,건조,맑음,교차로 - 교차로안,승용,남,53세,경상,화물,남,30세,경상
2016120500100407,2016년 12월 5일 18시,월요일,충청북도 청주시 청원구 우암동,경상사고,0,0,2,0,차대차 - 추돌,안전운전불이행,건조,맑음,단일로 - 기타,승용,여,53세,상해없음,승용,여,50세,경상
2016120500100408,2016년 12월 5일 18시,월요일,충청북도 영동군 용산면,경상사고,0,0,4,0,차대차 - 정면충돌,중앙선침범,건조,맑음,단일로 - 기타,승용,남,57세,상해없음,승용,남,49세,경상
2016120500100409,2016년 12월 5일 18시,월요일,충청북도 보은군 마로면,중상사고,0,3,0,0,차대차 - 정면충돌,중앙선침범,건조,맑음,단일로 - 교량,승용,남,59세,상해없음,승용,남,59세,중상
2016120500100410,2016년 12월 5일 18시,월요일,충청북도 청주시 상당구 용암동,경상사고,0,0,1,0,차대차 - 측면충돌,중앙선침범,건조,맑음,단일로 - 기타,승용,여,40세,상해없음,이륜,남,24세,경상
2016120500100411,2016년 12월 5일 18시,월요일,충청북도 청주시 서원구 수곡동,중상사고,0,1,0,0,차대사람 - 횡단중,안전운전불이행,건조,맑음,단일로 - 횡단보도상,이륜,남,18세,상해없음,보행자,남,8세,중상
2016120500100472,2016년 12월 5일 19시,월요일,충청북도 진천군 광혜원면,중상사고,0,1,3,0,차대차 - 측면충돌,신호위반,건조,맑음,교차로 - 교차로안,승합,남,42세,상해없음,승합,남,35세,경상
2016120500100509,2016년 12월 5일 20시,월요일,충청북도 충주시 용산동,부상신고사고,0,0,0,1,차량단독 - 전도전복,안전운전불이행,습기,흐림,교차로 - 교차로부근,원동기,남,17세,부상신고,,,,
2016120500100542,2016년 12월 5일 21시,월요일,충청북도 청주시 흥덕구 송정동,경상사고,0,0,2,0,차대차 - 기타,안전운전불이행,건조,맑음,교차로 - 교차로안,승용,남,27세,상해없음,승용,남,30세,경상
2016120600100007,2016년 12월 6일 00시,화요일,충청북도 청주시 상당구 석교동,경상사고,0,0,1,0,차대차 - 정면충돌,안전운전불이행,건조,맑음,교차로 - 교차로부근,승용,남,72세,상해없음,승용,남,47세,경상
2016120600100035,2016년 12월 6일 03시,화요일,충청북도 충주시 앙성면,중상사고,0,1,1,0,차대차 - 측면충돌,중앙선침범,건조,맑음,단일로 - 기타,승용,남,32세,상해없음,승용,남,43세,중상
2016120600100036,2016년 12월 6일 03시,화요일,충청북도 충주시 노은면,중상사고,0,1,0,0,차대차 - 추돌,안전거리미확보,건조,맑음,단일로 - 기타,화물,남,36세,중상,특수,남,41세,상해없음
2016120600100046,2016년 12월 6일 05시,화요일,충청북도 청주시 서원구 남이면,중상사고,0,1,0,0,차대차 - 정면충돌,안전운전불이행,건조,맑음,단일로 - 기타,승용,남,52세,상해없음,승용,여,46세,중상
2016120600100057,2016년 12월 6일 06시,화요일,충청북도 제천시 하소동,경상사고,0,0,1,0,차대차 - 측면직각충돌,신호위반,건조,맑음,교차로 - 교차로안,화물,남,67세,상해없음,승용,남,30세,경상
2016120600100059,2016년 12월 6일 06시,화요일,충청북도 청주시 상당구 금천동,중상사고,0,1,0,0,차대사람 - 보도통행중,중앙선침범,건조,흐림,교차로 - 교차로부근,승용,여,40세,상해없음,보행자,남,40세,중상
2016120600100060,2016년 12월 6일 06시,화요일,충청북도 청주시 상당구 용암동,중상사고,0,3,1,0,차량단독 - 전도전복,안전운전불이행,건조,맑음,교차로 - 교차로부근,승용,남,22세,중상,,,,
2016120600100075,2016년 12월 6일 07시,화요일,충청북도 제천시 서부동,경상사고,0,0,2,0,차대차 - 추돌,직진우회전진행방해,습기,맑음,교차로 - 교차로안,화물,남,56세,상해없음,승용,여,49세,경상
2016120600100105,2016년 12월 6일 08시,화요일,충청북도 제천시 중앙로2가,중상사고,0,1,0,0,차대사람 - 횡단중,보행자보호의무위반,건조,맑음,교차로 - 교차로안,승용,여,60세,상해없음,보행자,여,71세,중상
2016120600100106,2016년 12월 6일 08시,화요일,충청북도 청주시 상당구 용암동,경상사고,0,0,1,0,차대차 - 측면충돌,안전운전불이행,건조,맑음,단일로 - 기타,승용,여,53세,상해없음,이륜,남,48세,경상