사고번호,사고일시,요일,시군구,사고내용,사망자수,중상자수,경상자수,부상신고자수,사고유형,법규위반,노면상태,기상상태,도로형태,가해운전자 차종,가해운전자 성별,가해운전자 연령,가해운전자 상해정도,피해운전자 차종,피해운전자 성별,피해운전자 연령,피해운전자 상해정도
2016121500100508,2016년 12월 15일 19시,목요일,충청북도 청주시 흥덕구 가경동,경상사고,0,0,1,0,차대사람 - 횡단중,안전운전불이행,건조,맑음,교차로 - 교차로부근,승용,남,74세,상해없음,보행자,남,13세,경상
2016121500100509,2016년 12월 15일 19시,목요일,충청북도 청주시 흥덕구 복대동,경상사고,0,0,2,0,차대차 - 추돌,안전운전불이행,건조,맑음,단일로 - 기타,승용,남,59세,상해없음,승용,여,29세,경상
2016121500100510,2016년 12월 15일 19시,목요일,충청북도 청주시 서원구 모충동,경상사고,0,0,2,0,차대차 - 측면충돌,교차로운행방법위반,건조,맑음,교차로 - 교차로안,승용,여,26세,상해없음,원동기,남,17세,경상
2016121500100563,2016년 12월 15일 21시,목요일,충청북도 청주시 서원구 현도면,경상사고,0,0,1,0,차대차 - 기타,신호위반,건조,맑음,교차로 - 교차로안,승용,여,52세,상해없음,승합,남,50세,상해없음
2016121500100595,2016년 12월 15일 22시,목요일,충청북도 청주시 서원구 사직동,경상사고,0,0,1,0,차대차 - 측면충돌,안전거리미확보,건조,맑음,교차로 - 교차로부근,승합,남,63세,상해없음,화물,남,60세,경상
2016121500100596,2016년 12월 15일 22시,목요일,충청북도 청주시 흥덕구 봉명동,경상사고,0,0,1,0,차대차 - 추돌,안전운전불이행,건조,맑음,교차로 - 교차로부근,승용,남,39세,상해없음,승용,여,28세,경상
2016121500100629,2016년 12월 15일 23시,목요일,충청북도 충주시 단월동,경상사고,0,0,1,0,차대차 - 측면충돌,중앙선침범,건조,맑음,단일로 - 기타,승용,남,64세,상해없음,승용,여,53세,경상
2016121600100026,2016년 12월 16일 01시,금요일,충청북도 청주시 상당구 용담동,경상사고,0,0,2,0,차대차 - 측면충돌,교차로운행방법위반,건조,맑음,교차로 - 교차로안,승용,여,19세,상해없음,승용,남,47세,경상
2016121600100034,2016년 12월 16일 02시,금요일,충청북도 음성군 맹동면,경상사고,0,0,1,0,차량단독 - 전도전복,안전운전불이행,건조,맑음,단일로 - 교량,승용,남,27세,경상,,,,
2016121600100051,2016년 12월 16일 03시,금요일,충청북도 청주시 서원구 사창동,경상사고,0,0,1,0,차대차 - 측면충돌,신호위반,건조,맑음,교차로 - 교차로안,승용,남,60세,상해없음,이륜,남,24세,경상
2016121600100058,2016년 12월 16일 04시,금요일,충청북도 진천군 진천읍,경상사고,0,0,1,0,차량단독 - 기타,안전운전불이행,건조,맑음,단일로 - 기타,승용,여,16세,경상,,,,
2016121600100078,2016년 12월 16일 06시,금요일,충청북도 제천시 명동,중상사고,0,1,1,0,차대차 - 측면직각충돌,신호위반,건조,맑음,교차로 - 교차로안,화물,남,59세,상해없음,승용,남,53세,경상
2016121600100079,2016년 12월 16일 06시,금요일,충청북도 증평군 증평읍,경상사고,0,0,1,0,차대차 - 추돌,안전운전불이행,건조,맑음,교차로 - 교차로부근,승용,남,55세,상해없음,승용,남,30세,경상
2016121600100080,2016년 12월 16일 06시,금요일,충청북도 청주시 서원구 수곡동,경상사고,0,0,2,0,차대차 - 정면충돌,안전운전불이행,건조,맑음,교차로 - 교차로부근,승합,남,63세,상해없음,화물,남,42세,경상
2016121600100109,2016년 12월 16일 07시,금요일,충청북도 청주시 흥덕구 옥산면,중상사고,0,1,1,0,차대차 - 정면충돌,중앙선침범,건조,맑음,단일로 - 기타,승용,여,54세,상해없음,이륜,남,70세,중상
2016121600100142,2016년 12월 16일 08시,금요일,충청북도 제천시 영천동,중상사고,0,2,0,0,차대사람 - 횡단중,신호위반,건조,맑음,단일로 - 횡단보도상,승용,남,39세,상해없음,보행자,여,38세,중상
2016121600100143,2016년 12월 16일 08시,금요일,충청북도 청주시 서원구 모충동,경상사고,0,0,4,0,차대차 - 정면충돌,안전운전불이행,건조,맑음,단일로 - 기타,승용,남,26세,상해없음,승용,남,48세,경상
2016121600100146,2016년 12월 16일 08시,금요일,충청북도 옥천군 옥천읍,중상사고,0,1,2,0,차대차 - 기타,안전운전불이행,건조,맑음,단일로 - 기타,승합,남,71세,상해없음,승용,남,37세,중상
2016121600100177,2016년 12월 16일 09시,금요일,충청북도 청주시 흥덕구 가경동,중상사고,0,1,0,0,차량단독 - 전도전복,안전운전불이행,건조,맑음,단일로 - 기타,이륜,남,35세,중상,,,,
2016121600100178,2016년 12월 16일 09시,금요일,충청북도 청주시 상당구 용암동,경상사고,0,0,1,0,차대차 - 정면충돌,안전거리미확보,습기,흐림,교차로 - 교차로부근,승용,남,58세,상해없음,승용,남,27세,경상
2016121600100205,2016년 12월 16일 10시,금요일,충청북도 청주시 서원구 사직동,경상사고,0,0,1,0,차대차 - 측면충돌,중앙선침범,건조,맑음,단일로 - 기타,화물,남,57세,상해없음,승용,여,59세,경상
2016121600100234,2016년 12월 16일 11시,금요일,충청북도 충주시 대소원면,부상신고사고,0,0,0,1,차대차 - 측면충돌,안전운전불이행,건조,맑음,교차로 - 교차로부근,승용,남,34세,부상신고,승용,여,49세,상해없음
2016121600100257,2016년 12월 16일 12시,금요일,충청북도 청주시 청원구 오창읍,중상사고,0,1,1,0,차대차 - 정면충돌,중앙선침범,건조,맑음,단일로 - 기타,승용,남,27세,상해없음,이륜,남,41세,중상
2016121600100336,2016년 12월 16일 14시,금요일,충청북도 청주시 청원구 내덕동,경상사고,0,0,1,0,차대차 - 추돌,안전운전불이행,건조,맑음,단일로 - 기타,승용,남,61세,상해없음,승용,남,73세,상해없음
2016121600100337,2016년 12월 16일 14시,금요일,충청북도 단양군 매포읍,경상사고,0,0,1,0,차대차 - 측면직각충돌,직진우회전진행방해,건조,맑음,교차로 - 교차로안,승용,남,42세,상해없음,승용,여,38세,경상
2016121600100338,2016년 12월 16일 14시,금요일,충청북도 진천군 초평면,중상사고,0,1,4,0,차대차 - 기타,차로위반,건조,맑음,단일로 - 기타,화물,남,53세,상해없음,승용,남,64세,중상
2016121600100378,2016년 12월 16일 15시,금요일,충청북도 청주시 흥덕구 가경동,경상사고,0,0,1,0,차대차 - 측면직각충돌,교차로운행방법위반,건조,맑음,교차로 - 교차로안,승용,남,60세,상해없음,승용,여,52세,경상
2016121600100466,2016년 12월 16일 17시,금요일,충청북도 충주시 안림동,경상사고,0,0,2,0,차대차 - 측면충돌,직진우회전진행방해,건조,맑음,교차로 - 교차로안,승용,남,53세,경상,승용,여,49세,경상
2016121600100467,2016년 12월 16일 17시,금요일,충청북도 충주시 교현동,중상사고,0,1,0,0,차대차 - 측면충돌,안전거리미확보,건조,맑음,교차로 - 교차로부근,승용,여,60세,상해없음,원동기,여,37세,중상
2016121600100469,2016년 12월 16일 17시,금요일,충청북도 진천군 이월면,경상사고,0,0,1,0,차대차 - 기타,안전운전불이행,건조,맑음,교차로 - 교차로안,이륜,남,16세,상해없음,승합,남,50세,상해없음
2016121600100470,2016년 12월 16일 17시,금요일,충청북도 청주시 흥덕구 비하동,중상사고,0,1,0,0,차대차 - 측면직각충돌,직진우회전진행방해,건조,맑음,교차로 - 교차로안,화물,남,26세,상해없음,이륜,남,54세,중상
2016121600100509,2016년 12월 16일 18시,금요일,충청북도 청주시 서원구 미평동,경상사고,0,0,1,0,차대사람 - 횡단중,안전운전불이행,건조,맑음,교차로 - 교차로부근,승용,남,45세,상해없음,보행자,여,61세,경상
2016121600100547,2016년 12월 16일 19시,금요일,충청북도 청주시 상당구 용담동,경상사고,0,0,2,0,차대차 - 측면충돌,교차로운행방법위반,건조,맑음,교차로 - 교차로부근,승용,남,58세,상해없음,승용,남,79세,경상
2016121600100548,2016년 12월 16일 19시,금요일,충청북도 청주시 상당구 용정동,중상사고,0,1,0,0,차대차 - 측면직각충돌,교차로운행방법위반,건조,맑음,교차로 - 교차로안,승용,여,50세,상해없음,승용,여,43세,중상
2016121600100590,2016년 12월 16일 20시,금요일,충청북도 청주시 청원구 내수읍,중상사고,0,1,0,0,차량단독 - 전도전복,안전운전불이행,건조,맑음,단일로 - 기타,화물,남,54세,중상,,,,
2016121600100650,2016년 12월 16일 22시,금요일,충청북도 청주시 상당구 용암동,경상사고,0,0,1,0,차대차 - 정면충돌,중앙선침범,건조,맑음,단일로 - 기타,승용,남,55세,상해없음,이륜,남,57세,경상
2016121600100683,2016년 12월 16일 23시,금요일,충청북도 진천군 이월면,경상사고,0,0,1,0,차대차 - 기타,안전운전불이행,건조,맑음,단일로 - 기타,승용,남,45세,상해없음,자전거,남,39세,경상
2016121700100042,2016년 12월 17일 01시,토요일,충청북도 청주시 청원구 내덕동,경상사고,0,0,1,0,차대사람 - 기타,안전운전불이행,건조,맑음,기타 - 기타,승용,남,25세,상해없음,보행자,남,28세,경상
2016121700100043,2016년 12월 17일 01시,토요일,충청북도 진천군 이월면,경상사고,0,0,2,0,차대차 - 추돌,안전운전불이행,건조,맑음,단일로 - 기타,승용,여,36세,경상,화물,남,47세,경상
2016121700100093,2016년 12월 17일 05시,토요일,충청북도 청주시 흥덕구 가경동,경상사고,0,0,2,0,차대차 - 측면직각충돌,신호위반,건조,맑음,교차로 - 교차로안,승용,남,54세,상해없음,승용,남,65세,경상
2016121700100107,2016년 12월 17일 06시,토요일,충청북도 증평군 증평읍,경상사고,0,0,1,0,차대차 - 기타,신호위반,건조,흐림,교차로 - 교차로안,기타불명,기타불명,기타불명,기타불명,화물,남,50세,경상
2016121700100151,2016년 12월 17일 09시,토요일,충청북도 청주시 흥덕구 상신동,중상사고,0,1,2,0,차대차 - 측면직각충돌,안전거리미확보,건조,맑음,단일로 - 기타,특수,남,40세,상해없음,승용,여,70세,중상
2016121700100152,2016년 12월 17일 09시,토요일,충청북도 청주시 흥덕구 봉명동,경상사고,0,0,3,0,차대차 - 기타,안전거리미확보,건조,맑음,단일로 - 기타,승용,남,71세,경상,승용,남,55세,경상
2016121700100209,2016년 12월 17일 11시,토요일,충청북도 충주시 달천동,경상사고,0,0,1,0,차대차 - 측면충돌,교차로운행방법위반,건조,맑음,교차로 - 교차로안,화물,남,64세,상해없음,승용,여,47세,경상
2016121700100210,2016년 12월 17일 11시,토요일,충청북도 청주시 흥덕구 석소동,경상사고,0,0,3,0,차대차 - 기타,안전운전불이행,건조,맑음,단일로 - 기타,승용,남,38세,상해없음,승용,남,57세,경상
2016121700100246,2016년 12월 17일 12시,토요일,충청북도 청주시 흥덕구 송절동,경상사고,0,0,1,0,차대차 - 추돌,안전운전불이행,건조,맑음,교차로 - 교차로부근,화물,남,26세,경상,건설기계,남,63세,상해없음
2016121700100247,2016년 12월 17일 12시,토요일,충청북도 청주시 흥덕구 복대동,경상사고,0,0,3,0,차대차 - 측면직각충돌,안전운전불이행,건조,맑음,단일로 - 기타,승용,남,63세,경상,승용,남,46세,경상
2016121700100248,2016년 12월 17일 12시,토요일,충청북도 청주시 흥덕구 복대동,중상사고,0,1,0,0,차대사람 - 횡단중,안전운전불이행,건조,맑음,단일로 - 기타,승용,남,27세,상해없음,보행자,남,8세,중상
2016121700100307,2016년 12월 17일 14시,토요일,충청북도 청주시 상당구 용암동,경상사고,0,0,1,0,차대차 - 측면충돌,교차로운행방법위반,건조,맑음,교차로 - 교차로안,승용,남,24세,상해없음,화물,남,62세,경상
2016121700100402,2016년 12월 17일 17시,토요일,충청북도 청주시 서원구 사직동,경상사고,0,0,1,0,차대차 - 추돌,안전운전불이행,건조,맑음,교차로 - 교차로부근,승용,남,64세,상해없음,승용,남,54세,경상
2016121700100403,2016년 12월 17일 17시,토요일,충청북도 충주시 앙성면,경상사고,0,0,1,0,차대사람 - 기타,안전운전불이행,건조,맑음,단일로 - 기타,승용,남,50세,상해없음,보행자,여,71세,경상
2016121700100404,2016년 12월 17일 17시,토요일,충청북도 청주시 흥덕구 오송읍,경상사고,0,0,1,0,차대사람 - 횡단중,안전운전불이행,건조,맑음,단일로 - 기타,승용,남,41세,상해없음,보행자,여,14세,경상
2016121700100453,2016년 12월 17일 18시,토요일,충청북도 청주시 흥덕구 송절동,중상사고,0,1,7,0,차대차 - 추돌,안전운전불이행,건조,맑음,교차로 - 교차로부근,승용,남,37세,상해없음,승용,남,59세,경상
2016121700100504,2016년 12월 17일 19시,토요일,충청북도 충주시 연수동,경상사고,0,0,3,1,차대차 - 측면충돌,안전운전불이행,건조,맑음,단일로 - 기타,원동기,남,18세,부상신고,승용,여,27세,경상
2016121700100505,2016년 12월 17일 19시,토요일,충청북도 청주시 흥덕구 복대동,경상사고,0,0,3,0,차대차 - 추돌,안전운전불이행,건조,맑음,단일로 - 기타,승용,여,42세,상해없음,승용,남,36세,경상
2016121700100589,2016년 12월 17일 21시,토요일,충청북도 청주시 서원구 분평동,경상사고,0,0,1,0,차대차 - 측면충돌,안전운전불이행,건조,맑음,단일로 - 기타,승용,남,43세,상해없음,이륜,남,21세,경상
2016121800100015,2016년 12월 18일 00시,일요일,충청북도 청주시 흥덕구 복대동,경상사고,0,0,1,0,차대차 - 정면충돌,안전운전불이행,건조,맑음,단일로 - 기타,승용,남,23세,상해없음,승용,남,46세,경상
2016121800100016,2016년 12월 18일 00시,일요일,충청북도 청주시 서원구 산남동,중상사고,0,1,1,0,차대차 - 측면충돌,신호위반,건조,맑음,교차로 - 교차로안,승용,남,28세,상해없음,승용,남,47세,경상
2016121800100128,2016년 12월 18일 08시,일요일,충청북도 제천시 왕암동,중상사고,0,1,2,0,차대차 - 추돌,신호위반,건조,맑음,교차로 - 교차로안,승합,남,46세,경상,승용,남,54세,경상
2016121800100175,2016년 12월 18일 11시,일요일,충청북도 청주시 흥덕구 오송읍,중상사고,0,2,1,0,차대차 - 측면직각충돌,교차로운행방법위반,건조,맑음,교차로 - 교차로안,승용,남,50세,중상,화물,남,72세,경상
2016121800100226,2016년 12월 18일 14시,일요일,충청북도 충주시 연수동,경상사고,0,0,1,0,차대사람 - 횡단중,안전운전불이행,건조,맑음,단일로 - 기타,승용,여,48세,상해없음,보행자,여,60세,경상
2016121800100227,2016년 12월 18일 14시,일요일,충청북도 음성군 소이면,중상사고,0,1,9,0,차대차 - 추돌,안전거리미확보,건조,맑음,교차로 - 교차로부근,화물,남,25세,상해없음,승합,남,54세,경상
2016121800100299,2016년 12월 18일 17시,일요일,충청북도 옥천군 옥천읍,중상사고,0,1,0,0,차대사람 - 횡단중,안전운전불이행,건조,맑음,교차로 - 교차로안,승용,여,19세,상해없음,보행자,여,62세,중상
2016121800100300,2016년 12월 18일 17시,일요일,충청북도 청주시 상당구 미원면,중상사고,0,1,0,0,차대사람 - 횡단중,안전운전불이행,건조,맑음,단일로 - 기타,승용,남,74세,상해없음,보행자,남,77세,중상
2016121800100361,2016년 12월 18일 19시,일요일,충청북도 청주시 청원구 오창읍,경상사고,0,0,1,0,차대차 - 기타,안전운전불이행,건조,맑음,교차로 - 교차로부근,승용,남,37세,상해없음,자전거,남,55세,경상
2016121800100362,2016년 12월 18일 19시,일요일,충청북도 진천군 진천읍,중상사고,0,2,3,0,차대차 - 측면충돌,교차로운행방법위반,건조,맑음,교차로 - 교차로안,승용,여,68세,경상,승용,여,33세,중상
2016121800100455,2016년 12월 18일 22시,일요일,충청북도 청주시 청원구 율량동,경상사고,0,0,2,0,차대사람 - 차도통행중,안전운전불이행,건조,맑음,교차로 - 교차로부근,승용,남,50세,상해없음,보행자,남,25세,경상
2016121800100474,2016년 12월 18일 23시,일요일,충청북도 청주시 흥덕구 오송읍,경상사고,0,0,2,0,차대차 - 측면직각충돌,안전운전불이행,건조,맑음,교차로 - 교차로안,승용,남,20세,상해없음,승용,여,37세,경상
2016121900100053,2016년 12월 19일 05시,월요일,충청북도 청주시 청원구 내덕동,중상사고,0,1,0,0,차대차 - 기타,안전운전불이행,건조,맑음,교차로 - 교차로부근,화물,남,55세,상해없음,자전거,남,26세,중상
2016121900100054,2016년 12월 19일 05시,월요일,충청북도 청주시 흥덕구 가경동,경상사고,0,0,3,0,차대차 - 추돌,안전거리미확보,습기,맑음,단일로 - 기타,승용,남,30세,상해없음,승용,여,24세,경상
2016121900100102,2016년 12월 19일 07시,월요일,충청북도 옥천군 군북면,경상사고,0,0,1,0,차량단독 - 전도전복,안전운전불이행,결빙,안개,단일로 - 기타,화물,남,45세,경상,,,,
2016121900100137,2016년 12월 19일 08시,월요일,충청북도 충주시 교현동,경상사고,0,0,2,0,차대차 - 기타,직진우회전진행방해,습기,흐림,교차로 - 교차로안,승용,남,44세,상해없음,자전거,여,35세,경상
2016121900100141,2016년 12월 19일 08시,월요일,충청북도 옥천군 동이면,경상사고,0,0,3,0,차대차 - 추돌,안전거리미확보,습기,비,단일로 - 기타,승용,여,45세,경상,승용,남,50세,경상
2016121900100176,2016년 12월 19일 09시,월요일,충청북도 청주시 상당구 명암동,중상사고,0,1,0,0,차대차 - 기타,안전운전불이행,습기,흐림,단일로 - 기타,화물,남,62세,상해없음,승용,남,53세,중상
2016121900100226,2016년 12월 19일 11시,월요일,충청북도 충주시 용산동,중상사고,0,1,0,0,차대차 - 정면충돌,직진우회전진행방해,습기,흐림,교차로 - 교차로안,승용,남,21세,상해없음,이륜,남,75세,중상
2016121900100227,2016년 12월 19일 11시,월요일,충청북도 청주시 흥덕구 복대동,경상사고,0,0,1,0,차대사람 - 횡단중,안전운전불이행,건조,맑음,교차로 - 교차로부근,승용,여,76세,상해없음,보행자,여,45세,경상
2016121900100304,2016년 12월 19일 14시,월요일,충청북도 제천시 의림동,경상사고,0,0,1,0,차대사람 - 횡단중,안전운전불이행,건조,맑음,교차로 - 교차로부근,화물,남,65세,상해없음,보행자,여,78세,경상
2016121900100305,2016년 12월 19일 14시,월요일,충청북도 제천시 금성면,중상사고,0,2,1,0,차량단독 - 전도전복,안전운전불이행,건조,맑음,단일로 - 기타,승용,남,64세,경상,,,,
2016121900100367,2016년 12월 19일 16시,월요일,충청북도 증평군 증평읍,중상사고,0,2,0,1,차대차 - 측면직각충돌,신호위반,건조,맑음,교차로 - 교차로안,승용,남,68세,부상신고,승용,남,63세,중상
2016121900100368,2016년 12월 19일 16시,월요일,충청북도 청주시 상당구 영운동,경상사고,0,0,2,0,차대차 - 정면충돌,안전운전불이행,건조,맑음,단일로 - 기타,화물,남,51세,상해없음,화물,남,61세,상해없음
2016121900100406,2016년 12월 19일 17시,월요일,충청북도 청주시 상당구 용암동,중상사고,0,1,0,0,차대차 - 측면직각충돌,안전운전불이행,건조,맑음,교차로 - 교차로부근,승용,남,68세,상해없음,자전거,남,13세,중상
2016121900100460,2016년 12월 19일 18시,월요일,충청북도 옥천군 동이면,중상사고,0,2,0,0,차대차 - 기타,안전운전불이행,건조,맑음,단일로 - 기타,승용,여,57세,중상,건설기계,남,39세,상해없음
2016121900100504,2016년 12월 19일 19시,월요일,충청북도 청주시 흥덕구 가경동,경상사고,0,0,2,0,차대차 - 추돌,안전운전불이행,건조,맑음,단일로 - 기타,화물,남,62세,상해없음,승용,남,46세,상해없음
2016121900100588,2016년 12월 19일 22시,월요일,충청북도 청주시 상당구 문화동,중상사고,0,1,1,0,차대차 - 측면충돌,안전운전불이행,건조,맑음,교차로 - 교차로안,승용,여,22세,경상,승용,남,45세,중상
2016122000100006,2016년 12월 20일 00시,화요일,충청북도 진천군 광혜원면,경상사고,0,0,1,0,차대차 - 기타,중앙선침범,건조,맑음,단일로 - 기타,승용,남,42세,상해없음,화물,남,59세,경상
2016122000100060,2016년 12월 20일 05시,화요일,충청북도 청주시 청원구 북이면,경상사고,0,0,1,0,차대차 - 기타,안전운전불이행,건조,맑음,단일로 - 기타,승용,남,49세,상해없음,승용,남,27세,경상
2016122000100082,2016년 12월 20일 06시,화요일,충청북도 증평군 증평읍,경상사고,0,0,1,0,차대차 - 측면직각충돌,신호위반,습기,비,교차로 - 교차로안,자전거,남,47세,경상,승용,남,40세,상해없음
2016122000100083,2016년 12월 20일 06시,화요일,충청북도 청주시 흥덕구 오송읍,경상사고,0,0,2,0,차대차 - 측면직각충돌,교차로운행방법위반,기타,안개,교차로 - 교차로안,승용,여,59세,경상,화물,남,61세,경상
2016122000100126,2016년 12월 20일 08시,화요일,충청북도 청주시 서원구 사창동,부상신고사고,0,0,0,2,차대차 - 추돌,안전운전불이행,건조,맑음,교차로 - 교차로부근,승용,남,72세,상해없음,승용,남,19세,부상신고
2016122000100127,2016년 12월 20일 08시,화요일,충청북도 청주시 청원구 오창읍,경상사고,0,0,2,0,차대차 - 측면직각충돌,교차로운행방법위반,건조,맑음,교차로 - 교차로부근,화물,남,61세,상해없음,승용,남,60세,경상
2016122000100166,2016년 12월 20일 09시,화요일,충청북도 충주시 대소원면,중상사고,0,1,0,1,차대차 - 측면충돌,안전운전불이행,건조,맑음,교차로 - 교차로부근,화물,남,36세,부상신고,승용,여,43세,중상
2016122000100167,2016년 12월 20일 09시,화요일,충청북도 청주시 흥덕구 봉명동,경상사고,0,0,1,0,차대차 - 측면충돌,안전운전불이행,건조,맑음,교차로 - 교차로안,승용,남,72세,상해없음,승용,여,58세,경상
2016122000100204,2016년 12월 20일 10시,화요일,충청북도 청주시 흥덕구 신봉동,경상사고,0,0,1,0,차대차 - 추돌,안전거리미확보,건조,맑음,단일로 - 기타,승용,남,61세,상해없음,승용,여,61세,경상
2016122000100275,2016년 12월 20일 12시,화요일,충청북도 음성군 금왕읍,중상사고,0,1,0,0,차량단독 - 전도전복,안전운전불이행,건조,맑음,교차로 - 교차로부근,화물,남,43세,중상,,,,
2016122000100329,2016년 12월 20일 14시,화요일,충청북도 충주시 연수동,경상사고,0,0,2,0,차대차 - 추돌,직진우회전진행방해,건조,흐림,교차로 - 교차로안,승용,남,76세,상해없음,승용,여,45세,경상
2016122000100330,2016년 12월 20일 14시,화요일,충청북도 청주시 흥덕구 석소동,부상신고사고,0,0,0,1,차대차 - 추돌,안전운전불이행,건조,맑음,교차로 - 교차로안,원동기,남,76세,부상신고,승용,남,57세,상해없음
2016122000100367,2016년 12월 20일 15시,화요일,충청북도 청주시 청원구 내덕동,중상사고,0,1,0,0,차대사람 - 기타,안전운전불이행,건조,맑음,기타 - 기타,화물,남,43세,상해없음,보행자,남,59세,중상
2016122000100368,2016년 12월 20일 15시,화요일,충청북도 청주시 흥덕구 복대동,경상사고,0,0,1,0,차대차 - 기타,신호위반,건조,맑음,단일로 - 기타,승용,남,61세,기타불명,원동기,남,21세,경상
2016122000100369,2016년 12월 20일 15시,화요일,충청북도 청주시 흥덕구 가경동,중상사고,0,1,0,0,차대사람 - 횡단중,중앙선침범,건조,맑음,단일로 - 기타,승용,남,29세,상해없음,보행자,남,7세,중상
2016122000100395,2016년 12월 20일 16시,화요일,충청북도 청주시 청원구 오창읍,경상사고,0,0,1,0,차대차 - 기타,신호위반,건조,맑음,교차로 - 교차로안,승용,여,24세,상해없음,승용,여,33세,경상
2016122000100396,2016년 12월 20일 16시,화요일,충청북도 충주시 성서동,경상사고,0,0,1,0,차대사람 - 횡단중,안전운전불이행,건조,맑음,단일로 - 기타,승용,여,62세,기타불명,보행자,남,19세,경상
2016122000100439,2016년 12월 20일 17시,화요일,충청북도 음성군 음성읍,경상사고,0,0,1,0,차대사람 - 기타,안전운전불이행,건조,맑음,단일로 - 기타,승용,여,41세,상해없음,보행자,여,53세,경상
2016122000100440,2016년 12월 20일 17시,화요일,충청북도 청주시 흥덕구 복대동,부상신고사고,0,0,0,1,차대차 - 정면충돌,중앙선침범,건조,맑음,단일로 - 기타,자전거,남,71세,부상신고,승용,남,49세,상해없음
2016122000100483,2016년 12월 20일 18시,화요일,충청북도 충주시 단월동,경상사고,0,0,1,0,차대차 - 측면충돌,안전운전불이행,건조,맑음,교차로 - 교차로부근,화물,남,53세,상해없음,이륜,남,23세,경상
2016122000100485,2016년 12월 20일 18시,화요일,충청북도 청주시 흥덕구 향정동,중상사고,0,2,0,0,차대차 - 정면충돌,신호위반,건조,맑음,교차로 - 교차로안,승용,남,56세,상해없음,승용,남,51세,중상
2016122000100486,2016년 12월 20일 18시,화요일,충청북도 청주시 상당구 남일면,경상사고,0,0,2,0,차대차 - 정면충돌,안전거리미확보,건조,흐림,단일로 - 기타,건설기계,남,48세,상해없음,승용,여,57세,경상
2016122000100487,2016년 12월 20일 18시,화요일,충청북도 청주시 서원구 모충동,경상사고,0,0,2,0,차대사람 - 차도통행중,안전운전불이행,건조,맑음,교차로 - 교차로안,화물,남,54세,상해없음,보행자,남,21세,경상
2016122000100535,2016년 12월 20일 19시,화요일,충청북도 청주시 서원구 개신동,경상사고,0,0,2,0,차대차 - 추돌,안전운전불이행,건조,맑음,단일로 - 기타,승용,남,43세,상해없음,승용,여,35세,경상
2016122000100536,2016년 12월 20일 19시,화요일,충청북도 청주시 흥덕구 복대동,경상사고,0,0,1,0,차대차 - 측면직각충돌,신호위반,건조,맑음,교차로 - 교차로안,승용,남,29세,상해없음,승용,남,52세,경상
2016122000100568,2016년 12월 20일 20시,화요일,충청북도 청주시 흥덕구 봉명동,중상사고,0,2,2,0,차대차 - 기타,중앙선침범,건조,맑음,단일로 - 기타,승용,남,53세,상해없음,승용,남,54세,중상
2016122000100569,2016년 12월 20일 20시,화요일,충청북도 청주시 청원구 내덕동,경상사고,0,0,1,0,차대사람 - 기타,기타,건조,맑음,단일로 - 기타,승용,남,45세,상해없음,보행자,남,47세,경상
2016122000100600,2016년 12월 20일 21시,화요일,충청북도 청주시 청원구 오창읍,중상사고,0,1,0,0,차대차 - 측면직각충돌,신호위반,건조,맑음,교차로 - 교차로안,승용,남,25세,상해없음,승용,여,49세,중상
2016122000100601,2016년 12월 20일 21시,화요일,충청북도 청주시 흥덕구 가경동,경상사고,0,0,2,0,차대차 - 정면충돌,신호위반,건조,맑음,교차로 - 교차로안,승용,남,60세,상해없음,승용,남,28세,경상
2016122000100637,2016년 12월 20일 22시,화요일,충청북도 충주시 단월동,중상사고,0,1,1,1,차대차 - 측면충돌,직진우회전진행방해,건조,맑음,교차로 - 교차로안,화물,여,50세,부상신고,승용,여,29세,중상
2016122000100638,2016년 12월 20일 22시,화요일,충청북도 청주시 흥덕구 복대동,경상사고,0,0,1,0,차대사람 - 횡단중,안전운전불이행,건조,맑음,단일로 - 기타,이륜,남,46세,상해없음,보행자,남,52세,경상
2016122000100639,2016년 12월 20일 22시,화요일,충청북도 청주시 서원구 산남동,중상사고,0,1,0,0,차대사람 - 횡단중,신호위반,건조,맑음,교차로 - 교차로부근,승용,여,44세,상해없음,보행자,여,53세,중상
2016122000100667,2016년 12월 20일 23시,화요일,충청북도 청주시 서원구 모충동,중상사고,0,1,1,0,차대차 - 측면충돌,교차로운행방법위반,건조,맑음,교차로 - 교차로안,승용,남,63세,상해없음,승용,남,60세,상해없음
2016122100100010,2016년 12월 21일 00시,수요일,충청북도 청주시 청원구 오창읍,경상사고,0,0,1,0,차대차 - 측면직각충돌,안전운전불이행,건조,맑음,교차로 - 교차로안,승용,여,37세,상해없음,승용,남,30세,경상
2016122100100023,2016년 12월 21일 01시,수요일,충청북도 충주시 연수동,경상사고,0,0,1,0,차대차 - 정면충돌,안전운전불이행,건조,맑음,단일로 - 기타,승용,남,30세,상해없음,승용,여,52세,상해없음
2016122100100042,2016년 12월 21일 03시,수요일,충청북도 충주시 안림동,경상사고,0,0,1,0,차대차 - 측면충돌,안전운전불이행,건조,맑음,단일로 - 기타,승용,여,16세,상해없음,승용,여,46세,경상
2016122100100055,2016년 12월 21일 05시,수요일,충청북도 청주시 흥덕구 봉명동,경상사고,0,0,1,1,차대차 - 측면충돌,교차로운행방법위반,건조,맑음,교차로 - 교차로안,화물,남,72세,상해없음,승용,남,56세,경상