사고번호,사고일시,요일,시군구,사고내용,사망자수,중상자수,경상자수,부상신고자수,사고유형,법규위반,노면상태,기상상태,도로형태,가해운전자 차종,가해운전자 성별,가해운전자 연령,가해운전자 상해정도,피해운전자 차종,피해운전자 성별,피해운전자 연령,피해운전자 상해정도
2016122100100091,2016년 12월 21일 07시,수요일,충청북도 청주시 서원구 수곡동,경상사고,0,0,1,0,차대차 - 기타,안전운전불이행,건조,맑음,교차로 - 교차로부근,승용,여,50세,상해없음,승용,남,38세,경상
2016122100100133,2016년 12월 21일 08시,수요일,충청북도 진천군 진천읍,경상사고,0,0,3,0,차대차 - 기타,안전운전불이행,건조,맑음,교차로 - 교차로부근,승합,남,57세,상해없음,화물,남,71세,경상
2016122100100162,2016년 12월 21일 09시,수요일,충청북도 충주시 주덕읍,부상신고사고,0,0,0,1,차대차 - 기타,안전운전불이행,건조,맑음,교차로 - 교차로안,승용,남,50세,부상신고,화물,남,66세,상해없음
2016122100100163,2016년 12월 21일 09시,수요일,충청북도 청주시 흥덕구 외북동,경상사고,0,0,2,0,차대차 - 정면충돌,안전운전불이행,건조,맑음,단일로 - 기타,승용,남,24세,상해없음,승용,남,36세,경상
2016122100100219,2016년 12월 21일 11시,수요일,충청북도 제천시 명동,경상사고,0,0,2,0,차대차 - 추돌,안전운전불이행,건조,맑음,기타 - 기타,승용,남,62세,경상,승용,남,72세,경상
2016122100100220,2016년 12월 21일 11시,수요일,충청북도 괴산군 사리면,부상신고사고,0,0,0,1,차대차 - 기타,중앙선침범,건조,맑음,교차로 - 교차로부근,농기계,남,79세,부상신고,화물,남,23세,상해없음
2016122100100221,2016년 12월 21일 11시,수요일,충청북도 증평군 증평읍,경상사고,0,0,1,0,차대차 - 측면직각충돌,신호위반,건조,맑음,교차로 - 교차로안,승용,여,23세,경상,승용,남,69세,상해없음
2016122100100276,2016년 12월 21일 13시,수요일,충청북도 영동군 영동읍,중상사고,0,1,0,0,차대차 - 측면직각충돌,직진우회전진행방해,건조,맑음,교차로 - 교차로안,승용,여,68세,상해없음,이륜,남,64세,상해없음
2016122100100277,2016년 12월 21일 13시,수요일,충청북도 단양군 어상천면,사망사고,1,0,0,0,차대사람 - 횡단중,안전운전불이행,건조,맑음,단일로 - 기타,화물,남,58세,상해없음,보행자,여,79세,사망
2016122100100300,2016년 12월 21일 14시,수요일,충청북도 제천시 금성면,중상사고,0,1,1,0,차대차 - 추돌,안전거리미확보,건조,맑음,교차로 - 교차로부근,건설기계,남,37세,경상,승용,여,73세,중상
2016122100100423,2016년 12월 21일 17시,수요일,충청북도 충주시 동량면,경상사고,0,0,2,0,차대차 - 정면충돌,안전운전불이행,습기,비,교차로 - 교차로부근,승용,남,58세,상해없음,승용,남,56세,경상
2016122100100424,2016년 12월 21일 17시,수요일,충청북도 제천시 하소동,경상사고,0,0,1,0,차대차 - 추돌,안전거리미확보,건조,맑음,교차로 - 교차로부근,승용,여,46세,상해없음,승용,여,47세,경상
2016122100100425,2016년 12월 21일 17시,수요일,충청북도 청주시 흥덕구 복대동,중상사고,0,1,0,0,차대차 - 정면충돌,교차로운행방법위반,습기,비,교차로 - 교차로안,승용,여,36세,상해없음,이륜,남,16세,중상
2016122100100426,2016년 12월 21일 17시,수요일,충청북도 청주시 상당구 용암동,경상사고,0,0,1,0,차대차 - 정면충돌,교차로운행방법위반,습기,비,교차로 - 교차로안,승용,남,59세,상해없음,승용,남,28세,경상
2016122100100524,2016년 12월 21일 18시,수요일,충청북도 청주시 청원구 내수읍,경상사고,0,0,1,0,차대차 - 측면충돌,직진우회전진행방해,건조,맑음,교차로 - 교차로안,승용,남,60세,상해없음,승용,여,41세,경상
2016122100100525,2016년 12월 21일 18시,수요일,충청북도 제천시 봉양읍,중상사고,0,1,0,0,차량단독 - 공작물충돌,안전운전불이행,습기,비,단일로 - 기타,화물,남,58세,중상,,,,
2016122100100526,2016년 12월 21일 18시,수요일,충청북도 진천군 광혜원면,경상사고,0,0,1,0,차대사람 - 기타,안전운전불이행,건조,맑음,단일로 - 기타,승용,여,41세,상해없음,보행자,남,54세,경상
2016122100100527,2016년 12월 21일 18시,수요일,충청북도 청주시 흥덕구 복대동,경상사고,0,0,2,0,차대차 - 정면충돌,신호위반,건조,맑음,교차로 - 교차로안,승용,남,74세,상해없음,승용,남,62세,경상
2016122100100602,2016년 12월 21일 19시,수요일,충청북도 충주시 교현동,중상사고,0,1,0,0,차대사람 - 횡단중,보행자보호의무위반,습기,비,단일로 - 횡단보도상,승용,여,58세,상해없음,보행자,남,77세,중상
2016122100100719,2016년 12월 21일 21시,수요일,충청북도 청주시 청원구 우암동,경상사고,0,0,1,0,차대사람 - 횡단중,안전운전불이행,습기,비,단일로 - 횡단보도상,승용,여,24세,상해없음,보행자,남,20세,경상
2016122100100720,2016년 12월 21일 21시,수요일,충청북도 충주시 연수동,중상사고,0,1,1,0,차대차 - 측면충돌,중앙선침범,습기,비,교차로 - 교차로부근,승용,남,42세,중상,승용,남,22세,경상
2016122100100721,2016년 12월 21일 21시,수요일,충청북도 음성군 금왕읍,경상사고,0,0,2,0,차대차 - 정면충돌,중앙선침범,습기,비,단일로 - 기타,승용,남,54세,상해없음,승용,남,24세,경상
2016122100100722,2016년 12월 21일 21시,수요일,충청북도 진천군 광혜원면,경상사고,0,0,1,0,차대사람 - 차도통행중,안전운전불이행,습기,비,교차로 - 교차로안,화물,남,41세,상해없음,보행자,여,47세,경상
2016122100100777,2016년 12월 21일 22시,수요일,충청북도 청주시 서원구 사직동,경상사고,0,0,1,0,차대차 - 측면충돌,안전운전불이행,건조,맑음,기타 - 기타,승용,여,44세,상해없음,자전거,남,68세,경상
2016122100100778,2016년 12월 21일 22시,수요일,충청북도 청주시 흥덕구 오송읍,경상사고,0,0,1,0,차대차 - 정면충돌,중앙선침범,건조,맑음,교차로 - 교차로부근,승용,남,31세,상해없음,승용,여,33세,경상
2016122100100840,2016년 12월 21일 23시,수요일,충청북도 청주시 상당구 수동,중상사고,0,1,0,0,차대사람 - 횡단중,안전운전불이행,습기,비,교차로 - 교차로부근,승용,여,35세,상해없음,보행자,남,23세,중상
2016122200100035,2016년 12월 22일 00시,목요일,충청북도 청주시 청원구 주중동,중상사고,0,1,0,0,차대차 - 정면충돌,안전운전불이행,습기,비,단일로 - 기타,승용,남,49세,상해없음,승용,여,48세,중상
2016122200100170,2016년 12월 22일 07시,목요일,충청북도 충주시 연수동,경상사고,0,0,1,0,차대사람 - 횡단중,보행자보호의무위반,건조,맑음,단일로 - 횡단보도상,승용,남,30세,상해없음,보행자,남,25세,경상
2016122200100215,2016년 12월 22일 08시,목요일,충청북도 청주시 흥덕구 봉명동,경상사고,0,0,4,0,차대차 - 정면충돌,교차로운행방법위반,건조,맑음,교차로 - 교차로안,승용,여,44세,경상,승용,남,27세,경상
2016122200100260,2016년 12월 22일 10시,목요일,충청북도 청주시 청원구 주중동,경상사고,0,0,1,0,차대차 - 정면충돌,신호위반,건조,맑음,교차로 - 교차로안,승용,남,35세,상해없음,화물,남,41세,경상
2016122200100285,2016년 12월 22일 11시,목요일,충청북도 영동군 영동읍,경상사고,0,0,1,0,차대사람 - 횡단중,안전운전불이행,건조,맑음,기타 - 기타,원동기,남,77세,상해없음,보행자,여,90세 이상,경상
2016122200100286,2016년 12월 22일 11시,목요일,충청북도 청주시 서원구 남이면,경상사고,0,0,1,0,차대차 - 정면충돌,안전운전불이행,습기,비,단일로 - 기타,화물,남,54세,상해없음,승용,남,26세,경상
2016122200100303,2016년 12월 22일 12시,목요일,충청북도 충주시 용산동,경상사고,0,0,1,0,차대차 - 측면충돌,안전운전불이행,습기,비,교차로 - 교차로안,화물,남,51세,상해없음,승용,남,59세,경상
2016122200100304,2016년 12월 22일 12시,목요일,충청북도 진천군 덕산면,경상사고,0,0,1,0,차대차 - 기타,교차로운행방법위반,습기,비,교차로 - 교차로안,화물,남,65세,경상,건설기계,남,52세,상해없음
2016122200100386,2016년 12월 22일 15시,목요일,충청북도 청주시 청원구 율량동,중상사고,0,1,0,0,차대사람 - 기타,안전운전불이행,건조,맑음,단일로 - 기타,승용,여,60세,상해없음,보행자,남,32세,중상
2016122200100387,2016년 12월 22일 15시,목요일,충청북도 증평군 증평읍,경상사고,0,0,1,0,차대사람 - 횡단중,보행자보호의무위반,습기,비,교차로 - 교차로안,승합,여,50세,상해없음,보행자,남,31세,경상
2016122200100388,2016년 12월 22일 15시,목요일,충청북도 청주시 서원구 남이면,중상사고,0,1,0,0,차대차 - 측면직각충돌,안전운전불이행,건조,맑음,교차로 - 교차로부근,승용,남,53세,상해없음,화물,남,41세,중상
2016122200100413,2016년 12월 22일 16시,목요일,충청북도 옥천군 동이면,중상사고,0,1,0,0,차대차 - 측면직각충돌,교차로운행방법위반,습기,비,교차로 - 교차로안,승용,남,68세,중상,화물,남,51세,상해없음
2016122200100414,2016년 12월 22일 16시,목요일,충청북도 청주시 흥덕구 가경동,경상사고,0,0,1,0,차대차 - 기타,안전운전불이행,건조,맑음,교차로 - 교차로안,승용,남,48세,상해없음,승용,여,65세,경상
2016122200100451,2016년 12월 22일 17시,목요일,충청북도 충주시 연수동,경상사고,0,0,1,0,차대차 - 측면충돌,직진우회전진행방해,건조,맑음,교차로 - 교차로부근,승용,남,53세,상해없음,승용,남,56세,경상
2016122200100452,2016년 12월 22일 17시,목요일,충청북도 청주시 흥덕구 향정동,경상사고,0,0,3,0,차대차 - 측면직각충돌,신호위반,습기,비,교차로 - 교차로안,화물,남,76세,상해없음,승용,남,34세,경상
2016122200100504,2016년 12월 22일 18시,목요일,충청북도 청주시 청원구 오창읍,경상사고,0,0,1,0,차대사람 - 횡단중,신호위반,건조,맑음,단일로 - 횡단보도상,승용,여,56세,상해없음,보행자,여,41세,경상
2016122200100505,2016년 12월 22일 18시,목요일,충청북도 음성군 금왕읍,경상사고,0,0,1,0,차대차 - 추돌,중앙선침범,습기,비,단일로 - 기타,승용,남,18세,상해없음,승용,여,24세,경상
2016122200100506,2016년 12월 22일 18시,목요일,충청북도 청주시 상당구 용암동,중상사고,0,1,0,0,차대차 - 측면직각충돌,안전운전불이행,건조,맑음,단일로 - 기타,승용,남,54세,상해없음,이륜,남,17세,중상
2016122200100507,2016년 12월 22일 18시,목요일,충청북도 청주시 상당구 용암동,경상사고,0,0,1,0,차대차 - 측면충돌,교차로운행방법위반,건조,맑음,교차로 - 교차로안,승용,남,64세,상해없음,승용,남,66세,경상
2016122200100558,2016년 12월 22일 19시,목요일,충청북도 충주시 문화동,경상사고,0,0,4,1,차대차 - 측면충돌,신호위반,건조,맑음,교차로 - 교차로안,화물,남,51세,부상신고,승합,남,62세,경상
2016122200100559,2016년 12월 22일 19시,목요일,충청북도 제천시 서부동,사망사고,1,0,0,0,차대사람 - 횡단중,안전운전불이행,습기,비,단일로 - 기타,승용,남,65세,상해없음,보행자,남,71세,사망
2016122200100560,2016년 12월 22일 19시,목요일,충청북도 제천시 장락동,경상사고,0,0,2,0,차대차 - 추돌,안전거리미확보,건조,흐림,단일로 - 기타,승용,남,76세,상해없음,승용,남,31세,경상
2016122200100593,2016년 12월 22일 20시,목요일,충청북도 충주시 교현동,경상사고,0,0,1,0,차대사람 - 횡단중,안전운전불이행,습기,맑음,교차로 - 교차로부근,승용,여,39세,상해없음,보행자,남,37세,경상
2016122200100628,2016년 12월 22일 21시,목요일,충청북도 증평군 증평읍,경상사고,0,0,6,0,차대차 - 추돌,안전운전불이행,건조,흐림,교차로 - 교차로부근,화물,남,49세,경상,승용,여,47세,경상
2016122200100658,2016년 12월 22일 22시,목요일,충청북도 청주시 청원구 오창읍,경상사고,0,0,1,0,차대차 - 추돌,안전운전불이행,습기,비,단일로 - 기타,승용,남,49세,상해없음,승용,남,48세,경상
2016122300100035,2016년 12월 23일 01시,금요일,충청북도 충주시 연수동,경상사고,0,0,2,0,차대차 - 측면충돌,안전거리미확보,건조,맑음,단일로 - 기타,승용,남,45세,상해없음,승용,남,54세,경상
2016122300100049,2016년 12월 23일 03시,금요일,충청북도 청주시 흥덕구 가경동,경상사고,0,0,1,0,차대차 - 기타,신호위반,습기,비,교차로 - 교차로안,이륜,남,16세,상해없음,이륜,남,17세,경상
2016122300100132,2016년 12월 23일 08시,금요일,충청북도 청주시 서원구 개신동,경상사고,0,0,1,0,차대차 - 추돌,안전거리미확보,건조,맑음,교차로 - 교차로부근,승용,여,30세,상해없음,승용,여,37세,경상
2016122300100133,2016년 12월 23일 08시,금요일,충청북도 제천시 왕암동,중상사고,0,1,2,0,차대차 - 정면충돌,직진우회전진행방해,건조,흐림,교차로 - 교차로안,승용,남,31세,경상,승용,남,34세,경상
2016122300100134,2016년 12월 23일 08시,금요일,충청북도 진천군 초평면,경상사고,0,0,1,0,차대차 - 정면충돌,직진우회전진행방해,건조,기타,교차로 - 교차로안,승용,남,46세,상해없음,승용,여,59세,경상
2016122300100135,2016년 12월 23일 08시,금요일,충청북도 청주시 흥덕구 비하동,경상사고,0,0,1,0,차대차 - 추돌,안전운전불이행,습기,비,교차로 - 교차로부근,승용,여,37세,상해없음,승용,여,37세,경상
2016122300100174,2016년 12월 23일 09시,금요일,충청북도 단양군 단양읍,중상사고,0,1,0,0,차대차 - 측면직각충돌,신호위반,습기,맑음,교차로 - 교차로안,화물,남,50세,상해없음,화물,남,34세,중상
2016122300100175,2016년 12월 23일 09시,금요일,충청북도 청주시 흥덕구 복대동,경상사고,0,0,2,0,차대차 - 측면직각충돌,신호위반,건조,맑음,교차로 - 교차로안,승용,남,45세,상해없음,승용,남,67세,경상
2016122300100200,2016년 12월 23일 10시,금요일,충청북도 청주시 흥덕구 봉명동,중상사고,0,2,3,0,차대차 - 정면충돌,안전운전불이행,기타,눈,교차로 - 교차로안,승용,남,64세,중상,승합,남,58세,경상
2016122300100255,2016년 12월 23일 12시,금요일,충청북도 청주시 청원구 오창읍,중상사고,0,2,0,0,차대차 - 측면직각충돌,신호위반,습기,비,교차로 - 교차로안,승용,여,38세,상해없음,화물,남,40세,중상
2016122300100317,2016년 12월 23일 14시,금요일,충청북도 청주시 흥덕구 송정동,경상사고,0,0,2,0,차대차 - 측면충돌,안전운전불이행,습기,눈,교차로 - 교차로안,승용,남,50세,상해없음,승용,남,35세,경상
2016122300100340,2016년 12월 23일 15시,금요일,충청북도 진천군 진천읍,경상사고,0,0,1,0,차대차 - 측면충돌,안전운전불이행,습기,맑음,단일로 - 기타,승용,남,36세,상해없음,승용,여,70세,경상
2016122300100341,2016년 12월 23일 15시,금요일,충청북도 청주시 상당구 명암동,경상사고,0,0,2,0,차대차 - 정면충돌,신호위반,건조,맑음,교차로 - 교차로안,승용,여,43세,상해없음,승용,남,42세,경상
2016122300100459,2016년 12월 23일 18시,금요일,충청북도 제천시 강제동,경상사고,0,0,2,0,차대차 - 측면충돌,안전운전불이행,건조,흐림,교차로 - 교차로안,승용,여,35세,경상,승용,남,59세,상해없음
2016122300100510,2016년 12월 23일 19시,금요일,충청북도 충주시 봉방동,중상사고,0,1,1,0,차대차 - 측면충돌,신호위반,건조,맑음,교차로 - 교차로안,이륜,남,16세,중상,승용,남,39세,경상
2016122300100553,2016년 12월 23일 20시,금요일,충청북도 제천시 고암동,경상사고,0,0,6,0,차대차 - 추돌,안전거리미확보,건조,맑음,기타 - 기타,승용,여,25세,상해없음,승용,남,67세,상해없음
2016122300100554,2016년 12월 23일 20시,금요일,충청북도 청주시 상당구 용정동,중상사고,0,1,0,0,차대사람 - 기타,안전운전불이행,건조,맑음,단일로 - 기타,승용,여,37세,상해없음,보행자,여,29세,중상
2016122300100555,2016년 12월 23일 20시,금요일,충청북도 청주시 서원구 미평동,중상사고,0,1,0,0,차대차 - 기타,안전거리미확보,건조,맑음,단일로 - 기타,승용,여,43세,상해없음,승합,남,54세,상해없음
2016122300100634,2016년 12월 23일 22시,금요일,충청북도 충주시 봉방동,부상신고사고,0,0,0,1,차대차 - 측면충돌,안전운전불이행,건조,맑음,단일로 - 기타,이륜,남,19세,부상신고,승용,여,31세,상해없음
2016122300100635,2016년 12월 23일 22시,금요일,충청북도 청주시 흥덕구 비하동,경상사고,0,0,1,0,차대사람 - 횡단중,안전운전불이행,건조,맑음,단일로 - 기타,승합,남,57세,상해없음,보행자,남,51세,경상
2016122300100636,2016년 12월 23일 22시,금요일,충청북도 청주시 상당구 석교동,경상사고,0,0,4,0,차대차 - 정면충돌,안전운전불이행,건조,맑음,단일로 - 기타,승용,남,48세,상해없음,승용,남,30세,경상
2016122300100677,2016년 12월 23일 23시,금요일,충청북도 청주시 흥덕구 오송읍,경상사고,0,0,1,1,차대사람 - 횡단중,안전운전불이행,건조,맑음,교차로 - 교차로부근,화물,남,33세,부상신고,보행자,남,54세,경상
2016122400100077,2016년 12월 24일 03시,토요일,충청북도 청주시 흥덕구 송절동,중상사고,0,1,1,0,차대차 - 정면충돌,신호위반,건조,맑음,교차로 - 교차로안,승용,남,51세,경상,승용,남,47세,중상
2016122400100094,2016년 12월 24일 04시,토요일,충청북도 청주시 서원구 분평동,경상사고,0,0,1,0,차대차 - 정면충돌,안전운전불이행,건조,맑음,교차로 - 교차로부근,승용,남,41세,상해없음,승용,남,25세,경상
2016122400100117,2016년 12월 24일 06시,토요일,충청북도 충주시 연수동,부상신고사고,0,0,0,1,차대차 - 정면충돌,안전운전불이행,건조,맑음,단일로 - 기타,승용,남,30세,부상신고,승용,남,33세,상해없음
2016122400100147,2016년 12월 24일 08시,토요일,충청북도 청주시 청원구 주중동,중상사고,0,1,0,0,차대차 - 측면충돌,안전운전불이행,건조,맑음,단일로 - 기타,이륜,남,68세,중상,승용,남,23세,상해없음
2016122400100148,2016년 12월 24일 08시,토요일,충청북도 충주시 중앙탑면,중상사고,0,1,0,0,차대차 - 측면충돌,중앙선침범,건조,맑음,단일로 - 기타,승용,남,72세,상해없음,승용,남,63세,중상
2016122400100154,2016년 12월 24일 09시,토요일,충청북도 청주시 청원구 주중동,중상사고,0,2,3,0,차대차 - 측면충돌,안전운전불이행,건조,맑음,교차로 - 교차로안,승용,여,52세,상해없음,승용,남,56세,중상
2016122400100202,2016년 12월 24일 11시,토요일,충청북도 청주시 흥덕구 봉명동,경상사고,0,0,1,0,차대차 - 측면직각충돌,교차로운행방법위반,건조,맑음,교차로 - 교차로안,승용,남,59세,상해없음,자전거,남,43세,경상
2016122400100228,2016년 12월 24일 12시,토요일,충청북도 청주시 흥덕구 복대동,경상사고,0,0,1,0,차대차 - 측면직각충돌,안전운전불이행,건조,맑음,교차로 - 교차로안,승용,남,71세,상해없음,승용,남,62세,상해없음
2016122400100249,2016년 12월 24일 13시,토요일,충청북도 충주시 안림동,중상사고,0,1,4,0,차대차 - 측면충돌,안전운전불이행,건조,맑음,교차로 - 교차로안,승용,여,37세,상해없음,승용,남,43세,중상
2016122400100250,2016년 12월 24일 13시,토요일,충청북도 청주시 상당구 금천동,경상사고,0,0,1,0,차대차 - 정면충돌,안전운전불이행,건조,맑음,단일로 - 기타,승용,여,48세,상해없음,승용,여,69세,경상
2016122400100300,2016년 12월 24일 15시,토요일,충청북도 청주시 청원구 오창읍,중상사고,0,1,2,0,차대차 - 측면충돌,안전운전불이행,건조,맑음,교차로 - 교차로안,건설기계,남,31세,중상,화물,남,58세,경상
2016122400100364,2016년 12월 24일 17시,토요일,충청북도 청주시 상당구 용담동,경상사고,0,0,5,0,차대차 - 정면충돌,안전운전불이행,습기,비,교차로 - 교차로부근,승용,남,29세,경상,승용,여,58세,경상
2016122400100416,2016년 12월 24일 18시,토요일,충청북도 청주시 청원구 오창읍,경상사고,0,0,1,0,차대차 - 측면충돌,안전운전불이행,건조,맑음,단일로 - 기타,승용,남,33세,상해없음,화물,남,46세,경상
2016122400100417,2016년 12월 24일 18시,토요일,충청북도 음성군 음성읍,중상사고,0,1,0,0,차대사람 - 횡단중,안전운전불이행,건조,맑음,단일로 - 기타,승용,여,46세,상해없음,보행자,남,61세,중상
2016122400100418,2016년 12월 24일 18시,토요일,충청북도 음성군 금왕읍,경상사고,0,0,1,0,차대차 - 기타,신호위반,건조,맑음,교차로 - 교차로안,승용,남,33세,상해없음,이륜,남,18세,경상
2016122400100452,2016년 12월 24일 19시,토요일,충청북도 진천군 문백면,경상사고,0,0,2,0,차대차 - 기타,안전운전불이행,건조,맑음,단일로 - 기타,승용,여,46세,경상,승용,여,28세,경상
2016122400100453,2016년 12월 24일 19시,토요일,충청북도 청주시 서원구 장암동,중상사고,0,1,0,0,차대차 - 정면충돌,안전운전불이행,건조,맑음,단일로 - 기타,승용,남,36세,상해없음,기타불명,기타불명,기타불명,기타불명
2016122400100516,2016년 12월 24일 21시,토요일,충청북도 충주시 금릉동,경상사고,0,0,1,0,차대차 - 정면충돌,안전운전불이행,건조,맑음,단일로 - 기타,승용,남,48세,상해없음,승용,남,50세,경상
2016122400100547,2016년 12월 24일 22시,토요일,충청북도 증평군 증평읍,중상사고,0,1,0,0,차대사람 - 기타,안전운전불이행,건조,맑음,교차로 - 교차로부근,승용,남,46세,상해없음,보행자,여,51세,중상
2016122400100548,2016년 12월 24일 22시,토요일,충청북도 음성군 금왕읍,경상사고,0,0,1,0,차대차 - 추돌,안전운전불이행,건조,맑음,단일로 - 기타,승용,남,52세,상해없음,이륜,남,16세,경상
2016122400100572,2016년 12월 24일 23시,토요일,충청북도 청주시 흥덕구 가경동,경상사고,0,0,2,0,차대차 - 기타,교차로운행방법위반,건조,맑음,교차로 - 교차로안,승용,남,24세,상해없음,승용,남,61세,상해없음
2016122500100007,2016년 12월 25일 00시,일요일,충청북도 청주시 청원구 우암동,경상사고,0,0,1,0,차대차 - 기타,안전운전불이행,건조,맑음,단일로 - 교량,화물,남,59세,상해없음,승용,남,47세,상해없음
2016122500100048,2016년 12월 25일 03시,일요일,충청북도 제천시 영천동,경상사고,0,0,1,0,차대사람 - 횡단중,안전운전불이행,건조,맑음,교차로 - 교차로안,승용,남,52세,기타불명,보행자,남,36세,경상
2016122500100064,2016년 12월 25일 05시,일요일,충청북도 제천시 청전동,중상사고,0,1,0,0,차대사람 - 횡단중,안전운전불이행,건조,맑음,교차로 - 교차로부근,승용,남,62세,상해없음,보행자,남,73세,중상
2016122500100131,2016년 12월 25일 10시,일요일,충청북도 청주시 청원구 내덕동,경상사고,0,0,1,0,차대차 - 측면충돌,교차로운행방법위반,건조,맑음,교차로 - 교차로안,승용,여,65세,상해없음,승용,남,64세,경상
2016122500100151,2016년 12월 25일 11시,일요일,충청북도 청주시 상당구 남주동,중상사고,0,2,0,0,차대차 - 측면충돌,교차로운행방법위반,건조,맑음,교차로 - 교차로안,승용,남,18세,상해없음,승용,남,56세,중상
2016122500100220,2016년 12월 25일 14시,일요일,충청북도 청주시 흥덕구 강내면,경상사고,0,0,2,0,차대차 - 추돌,안전운전불이행,건조,맑음,교차로 - 교차로부근,승용,여,52세,상해없음,승용,남,59세,경상
2016122500100221,2016년 12월 25일 14시,일요일,충청북도 청주시 상당구 문의면,경상사고,0,0,2,0,차대차 - 기타,신호위반,건조,맑음,교차로 - 교차로안,승용,남,79세,기타불명,승용,남,24세,경상
2016122500100290,2016년 12월 25일 17시,일요일,충청북도 제천시 청전동,경상사고,0,0,2,0,차대차 - 기타,신호위반,건조,흐림,교차로 - 교차로안,승용,여,39세,상해없음,승용,남,24세,경상
2016122500100316,2016년 12월 25일 18시,일요일,충청북도 청주시 서원구 사창동,경상사고,0,0,1,0,차대차 - 측면충돌,안전운전불이행,건조,맑음,단일로 - 기타,승용,남,65세,상해없음,이륜,남,17세,경상
2016122500100350,2016년 12월 25일 19시,일요일,충청북도 제천시 청전동,경상사고,0,0,3,0,차대차 - 기타,안전운전불이행,건조,흐림,교차로 - 교차로부근,승용,남,22세,경상,승용,남,20세,경상
2016122500100351,2016년 12월 25일 19시,일요일,충청북도 진천군 이월면,사망사고,1,0,0,0,차대사람 - 차도통행중,안전운전불이행,건조,맑음,단일로 - 기타,화물,남,51세,상해없음,보행자,남,64세,사망
2016122500100405,2016년 12월 25일 21시,일요일,충청북도 제천시 중앙로2가,경상사고,0,0,1,0,차대차 - 추돌,안전운전불이행,건조,맑음,교차로 - 교차로안,승용,남,48세,상해없음,승용,남,23세,경상
2016122500100406,2016년 12월 25일 21시,일요일,충청북도 청주시 흥덕구 옥산면,경상사고,0,0,2,0,차대차 - 측면직각충돌,기타,건조,맑음,교차로 - 교차로안,승용,남,35세,경상,승용,남,54세,경상
2016122500100407,2016년 12월 25일 21시,일요일,충청북도 청주시 상당구 금천동,중상사고,0,1,0,0,차대사람 - 횡단중,안전운전불이행,건조,맑음,단일로 - 기타,승용,여,54세,상해없음,보행자,여,64세,중상
2016122500100445,2016년 12월 25일 23시,일요일,충청북도 청주시 서원구 사직동,경상사고,0,0,2,0,차대차 - 추돌,안전운전불이행,건조,맑음,교차로 - 교차로부근,승용,여,21세,상해없음,승용,남,39세,상해없음
2016122600100006,2016년 12월 26일 00시,월요일,충청북도 청주시 서원구 수곡동,중상사고,0,1,1,0,차대차 - 정면충돌,신호위반,건조,맑음,교차로 - 교차로안,이륜,남,20세,상해없음,승용,남,53세,경상
2016122600100066,2016년 12월 26일 06시,월요일,충청북도 음성군 맹동면,중상사고,0,1,0,0,차대사람 - 차도통행중,안전운전불이행,건조,맑음,단일로 - 기타,승용,남,37세,상해없음,보행자,남,64세,중상
2016122600100144,2016년 12월 26일 09시,월요일,충청북도 충주시 충인동,중상사고,0,2,0,0,차대차 - 측면충돌,직진우회전진행방해,건조,맑음,교차로 - 교차로안,승용,남,60세,상해없음,승용,남,35세,중상
2016122600100161,2016년 12월 26일 10시,월요일,충청북도 청주시 청원구 북이면,중상사고,0,1,0,0,차대차 - 측면직각충돌,교차로운행방법위반,습기,흐림,교차로 - 교차로안,화물,남,55세,상해없음,화물,남,49세,중상
2016122600100162,2016년 12월 26일 10시,월요일,충청북도 청주시 청원구 우암동,중상사고,0,1,0,0,차대차 - 기타,안전운전불이행,건조,맑음,단일로 - 기타,화물,남,65세,상해없음,화물,남,45세,중상
2016122600100187,2016년 12월 26일 11시,월요일,충청북도 청주시 상당구 영동,중상사고,0,1,0,0,차대사람 - 횡단중,안전운전불이행,습기,비,단일로 - 기타,승용,남,61세,상해없음,보행자,여,78세,중상
2016122600100211,2016년 12월 26일 12시,월요일,충청북도 청주시 흥덕구 가경동,경상사고,0,0,1,0,차대차 - 측면직각충돌,안전운전불이행,습기,비,단일로 - 기타,승용,남,59세,상해없음,승용,여,40세,경상
2016122600100305,2016년 12월 26일 15시,월요일,충청북도 충주시 대소원면,중상사고,0,1,0,0,차대차 - 측면충돌,중앙선침범,습기,비,단일로 - 기타,화물,남,33세,상해없음,화물,남,56세,중상
2016122600100306,2016년 12월 26일 15시,월요일,충청북도 제천시 백운면,중상사고,0,1,0,0,차대차 - 추돌,안전운전불이행,습기,비,단일로 - 기타,이륜,남,86세,중상,승합,남,54세,상해없음
2016122600100374,2016년 12월 26일 17시,월요일,충청북도 제천시 하소동,경상사고,0,0,2,0,차대차 - 추돌,안전거리미확보,습기,비,교차로 - 교차로부근,승용,여,57세,경상,승용,여,25세,경상
2016122600100423,2016년 12월 26일 18시,월요일,충청북도 음성군 삼성면,경상사고,0,0,1,0,차대차 - 정면충돌,안전운전불이행,건조,맑음,단일로 - 기타,승용,남,45세,상해없음,승용,남,33세,경상