사고번호,사고일시,요일,시군구,사고내용,사망자수,중상자수,경상자수,부상신고자수,사고유형,법규위반,노면상태,기상상태,도로형태,가해운전자 차종,가해운전자 성별,가해운전자 연령,가해운전자 상해정도,피해운전자 차종,피해운전자 성별,피해운전자 연령,피해운전자 상해정도
2016122600100424,2016년 12월 26일 18시,월요일,충청북도 진천군 광혜원면,경상사고,0,0,2,0,차대차 - 기타,교차로운행방법위반,습기,흐림,교차로 - 교차로안,승용,남,26세,경상,승용,여,25세,경상
2016122600100484,2016년 12월 26일 19시,월요일,충청북도 충주시 연수동,중상사고,0,1,1,0,차대차 - 정면충돌,신호위반,건조,맑음,교차로 - 교차로안,승용,남,32세,상해없음,승용,남,26세,경상
2016122600100485,2016년 12월 26일 19시,월요일,충청북도 청주시 서원구 모충동,경상사고,0,0,1,0,차대사람 - 횡단중,안전운전불이행,습기,비,단일로 - 기타,승용,여,54세,상해없음,보행자,여,63세,경상
2016122600100520,2016년 12월 26일 20시,월요일,충청북도 청주시 청원구 내수읍,경상사고,0,0,1,0,차대차 - 추돌,안전운전불이행,습기,비,단일로 - 기타,승용,남,37세,상해없음,화물,남,24세,경상
2016122600100521,2016년 12월 26일 20시,월요일,충청북도 청주시 서원구 산남동,경상사고,0,0,1,0,차대차 - 정면충돌,안전운전불이행,습기,비,교차로 - 교차로부근,승용,남,31세,상해없음,화물,남,43세,경상
2016122600100557,2016년 12월 26일 21시,월요일,충청북도 청주시 상당구 용암동,중상사고,0,1,0,0,차대사람 - 기타,안전운전불이행,습기,비,단일로 - 기타,승용,남,22세,상해없음,보행자,여,47세,중상
2016122600100589,2016년 12월 26일 22시,월요일,충청북도 옥천군 옥천읍,경상사고,0,0,1,0,차량단독 - 전도전복,안전운전불이행,습기,흐림,교차로 - 교차로부근,승용,남,53세,경상,,,,
2016122700100030,2016년 12월 27일 01시,화요일,충청북도 청주시 흥덕구 복대동,경상사고,0,0,2,0,차대차 - 추돌,안전운전불이행,건조,맑음,교차로 - 교차로부근,승용,남,32세,상해없음,화물,남,39세,경상
2016122700100043,2016년 12월 27일 03시,화요일,충청북도 청주시 상당구 용암동,경상사고,0,0,2,0,차대차 - 정면충돌,안전운전불이행,건조,맑음,단일로 - 기타,승용,남,23세,기타불명,승용,남,37세,경상
2016122700100094,2016년 12월 27일 07시,화요일,충청북도 충주시 금릉동,경상사고,0,0,1,0,차대차 - 정면충돌,안전운전불이행,습기,비,교차로 - 교차로부근,승용,남,45세,상해없음,승용,남,34세,경상
2016122700100143,2016년 12월 27일 09시,화요일,충청북도 청주시 청원구 내덕동,경상사고,0,0,1,0,차대차 - 추돌,안전운전불이행,건조,맑음,단일로 - 기타,승용,남,39세,상해없음,승용,남,32세,경상
2016122700100165,2016년 12월 27일 10시,화요일,충청북도 청주시 상당구 석교동,경상사고,0,0,1,0,차대차 - 정면충돌,안전운전불이행,건조,맑음,단일로 - 기타,화물,남,65세,상해없음,승용,남,51세,경상
2016122700100166,2016년 12월 27일 10시,화요일,충청북도 청주시 서원구 남이면,경상사고,0,0,1,0,차대차 - 추돌,안전운전불이행,건조,맑음,단일로 - 기타,화물,남,57세,상해없음,화물,남,44세,경상
2016122700100190,2016년 12월 27일 11시,화요일,충청북도 청주시 서원구 수곡동,경상사고,0,0,2,0,차대차 - 측면직각충돌,신호위반,건조,맑음,교차로 - 교차로안,승용,남,63세,상해없음,승용,남,57세,경상
2016122700100240,2016년 12월 27일 13시,화요일,충청북도 음성군 대소면,중상사고,0,1,0,0,차대차 - 정면충돌,안전운전불이행,건조,맑음,교차로 - 교차로안,승합,기타불명,기타불명,기타불명,승용,여,35세,중상
2016122700100241,2016년 12월 27일 13시,화요일,충청북도 진천군 광혜원면,중상사고,0,1,0,0,차대차 - 기타,직진우회전진행방해,건조,맑음,교차로 - 교차로안,화물,남,48세,상해없음,이륜,남,76세,중상
2016122700100242,2016년 12월 27일 13시,화요일,충청북도 청주시 흥덕구 가경동,경상사고,0,0,1,0,차대차 - 기타,안전운전불이행,건조,맑음,단일로 - 기타,승용,남,75세,상해없음,승용,여,59세,경상
2016122700100279,2016년 12월 27일 14시,화요일,충청북도 증평군 증평읍,경상사고,0,0,1,0,차대사람 - 횡단중,보행자보호의무위반,건조,맑음,교차로 - 교차로안,승용,남,58세,상해없음,보행자,여,7세,경상
2016122700100280,2016년 12월 27일 14시,화요일,충청북도 청주시 상당구 용암동,중상사고,0,1,0,0,차대사람 - 횡단중,신호위반,건조,맑음,교차로 - 교차로안,승용,남,68세,상해없음,보행자,여,39세,중상
2016122700100320,2016년 12월 27일 15시,화요일,충청북도 청주시 상당구 문의면,중상사고,0,4,0,0,차대차 - 측면충돌,중앙선침범,건조,맑음,단일로 - 기타,승용,남,27세,상해없음,승용,여,57세,중상
2016122700100346,2016년 12월 27일 16시,화요일,충청북도 청주시 흥덕구 복대동,경상사고,0,0,1,0,차대차 - 측면직각충돌,안전운전불이행,건조,맑음,교차로 - 교차로부근,승용,남,60세,상해없음,승용,남,26세,경상
2016122700100381,2016년 12월 27일 17시,화요일,충청북도 청주시 상당구 영운동,경상사고,0,0,1,0,차대사람 - 보도통행중,기타,건조,맑음,단일로 - 기타,승용,남,21세,상해없음,보행자,여,61세,경상
2016122700100421,2016년 12월 27일 18시,화요일,충청북도 음성군 생극면,경상사고,0,0,1,0,차대차 - 측면충돌,교차로운행방법위반,건조,맑음,교차로 - 교차로안,승용,남,57세,상해없음,이륜,남,45세,경상
2016122700100422,2016년 12월 27일 18시,화요일,충청북도 청주시 서원구 분평동,중상사고,0,1,0,0,차대사람 - 기타,안전운전불이행,건조,맑음,교차로 - 교차로안,승용,여,36세,상해없음,보행자,여,50세,중상
2016122700100472,2016년 12월 27일 19시,화요일,충청북도 충주시 문화동,중상사고,0,1,0,0,차대차 - 측면충돌,안전운전불이행,건조,맑음,단일로 - 기타,승용,여,30세,상해없음,이륜,남,16세,중상
2016122700100527,2016년 12월 27일 21시,화요일,충청북도 충주시 성남동,경상사고,0,0,1,0,차대차 - 측면충돌,안전운전불이행,건조,맑음,단일로 - 기타,승용,남,23세,상해없음,이륜,남,16세,경상
2016122700100528,2016년 12월 27일 21시,화요일,충청북도 옥천군 옥천읍,경상사고,0,0,2,0,차대차 - 추돌,안전운전불이행,습기,흐림,단일로 - 기타,화물,남,30세,상해없음,승용,남,39세,경상
2016122800100039,2016년 12월 28일 02시,수요일,충청북도 청주시 서원구 사직동,경상사고,0,0,1,0,차대차 - 측면충돌,안전운전불이행,건조,맑음,단일로 - 횡단보도부근,승용,여,42세,기타불명,승용,남,33세,경상
2016122800100060,2016년 12월 28일 05시,수요일,충청북도 충주시 교현동,경상사고,0,0,1,0,차대차 - 기타,안전운전불이행,건조,맑음,교차로 - 교차로부근,화물,남,58세,상해없음,승용,남,72세,경상
2016122800100075,2016년 12월 28일 06시,수요일,충청북도 청주시 서원구 사직동,경상사고,0,0,2,0,차대차 - 측면충돌,중앙선침범,건조,맑음,단일로 - 기타,화물,남,46세,상해없음,화물,남,60세,경상
2016122800100095,2016년 12월 28일 07시,수요일,충청북도 제천시 봉양읍,경상사고,0,0,3,0,차대차 - 추돌,안전거리미확보,건조,맑음,교차로 - 교차로부근,화물,남,68세,경상,승용,남,30세,경상
2016122800100096,2016년 12월 28일 07시,수요일,충청북도 진천군 광혜원면,경상사고,0,0,1,0,차대차 - 기타,직진우회전진행방해,건조,맑음,교차로 - 교차로안,승용,남,38세,상해없음,승용,남,26세,경상
2016122800100097,2016년 12월 28일 07시,수요일,충청북도 청주시 흥덕구 비하동,경상사고,0,0,3,0,차대차 - 측면충돌,안전운전불이행,건조,맑음,단일로 - 기타,승용,남,51세,경상,승용,여,42세,경상
2016122800100120,2016년 12월 28일 08시,수요일,충청북도 제천시 청전동,중상사고,0,1,1,0,차대차 - 측면충돌,신호위반,건조,맑음,교차로 - 교차로안,승용,여,30세,경상,승용,여,47세,중상
2016122800100121,2016년 12월 28일 08시,수요일,충청북도 청주시 흥덕구 오송읍,경상사고,0,0,1,0,차대사람 - 횡단중,안전운전불이행,건조,맑음,교차로 - 교차로안,승용,남,56세,상해없음,보행자,여,27세,경상
2016122800100154,2016년 12월 28일 09시,수요일,충청북도 청주시 청원구 내덕동,경상사고,0,0,3,0,차대차 - 측면직각충돌,교차로운행방법위반,건조,맑음,교차로 - 교차로부근,화물,남,52세,경상,승용,남,46세,경상
2016122800100155,2016년 12월 28일 09시,수요일,충청북도 음성군 음성읍,중상사고,0,1,0,0,차대차 - 기타,교차로운행방법위반,건조,맑음,교차로 - 교차로안,화물,남,61세,상해없음,승용,여,44세,중상
2016122800100156,2016년 12월 28일 09시,수요일,충청북도 단양군 단양읍,중상사고,0,1,0,0,차대사람 - 횡단중,보행자보호의무위반,건조,맑음,단일로 - 횡단보도상,승용,여,60세,상해없음,보행자,남,86세,중상
2016122800100157,2016년 12월 28일 09시,수요일,충청북도 청주시 상당구 탑동,중상사고,0,1,0,0,차대사람 - 횡단중,보행자보호의무위반,건조,맑음,단일로 - 횡단보도상,승용,남,54세,상해없음,보행자,남,74세,중상
2016122800100217,2016년 12월 28일 11시,수요일,충청북도 청주시 흥덕구 가경동,중상사고,0,1,0,0,차대사람 - 횡단중,보행자보호의무위반,건조,맑음,교차로 - 교차로안,승용,여,38세,상해없음,보행자,여,62세,중상
2016122800100355,2016년 12월 28일 15시,수요일,충청북도 음성군 음성읍,중상사고,0,1,0,0,차대사람 - 기타,안전운전불이행,건조,맑음,단일로 - 기타,승용,여,63세,상해없음,보행자,여,86세,중상
2016122800100381,2016년 12월 28일 16시,수요일,충청북도 충주시 주덕읍,부상신고사고,0,0,0,1,차량단독 - 전도전복,안전운전불이행,건조,맑음,교차로 - 교차로부근,원동기,남,60세,부상신고,,,,
2016122800100411,2016년 12월 28일 17시,수요일,충청북도 청주시 서원구 사직동,중상사고,0,1,0,0,차대차 - 측면충돌,안전운전불이행,건조,맑음,교차로 - 교차로부근,승용,여,51세,상해없음,이륜,남,53세,중상
2016122800100412,2016년 12월 28일 17시,수요일,충청북도 충주시 교현동,경상사고,0,0,1,0,차대차 - 정면충돌,안전거리미확보,건조,맑음,단일로 - 기타,원동기,남,20세,경상,승용,남,53세,상해없음
2016122800100413,2016년 12월 28일 17시,수요일,충청북도 청주시 흥덕구 가경동,중상사고,0,1,0,0,차대차 - 측면직각충돌,교차로운행방법위반,건조,맑음,교차로 - 교차로안,승용,여,49세,상해없음,이륜,남,18세,중상
2016122800100414,2016년 12월 28일 17시,수요일,충청북도 청주시 흥덕구 석소동,경상사고,0,0,2,0,차대차 - 정면충돌,안전운전불이행,건조,맑음,단일로 - 기타,화물,남,73세,상해없음,승합,남,43세,경상
2016122800100463,2016년 12월 28일 18시,수요일,충청북도 충주시 연수동,경상사고,0,0,1,0,차대사람 - 횡단중,안전운전불이행,건조,맑음,교차로 - 교차로부근,화물,남,47세,상해없음,보행자,남,38세,경상
2016122800100464,2016년 12월 28일 18시,수요일,충청북도 증평군 증평읍,경상사고,0,0,1,0,차대차 - 측면충돌,안전운전불이행,건조,맑음,교차로 - 교차로부근,승용,남,46세,상해없음,자전거,남,57세,경상
2016122800100465,2016년 12월 28일 18시,수요일,충청북도 음성군 음성읍,경상사고,0,0,1,0,차대사람 - 횡단중,보행자보호의무위반,건조,맑음,단일로 - 기타,승용,여,33세,상해없음,보행자,남,17세,경상
2016122800100466,2016년 12월 28일 18시,수요일,충청북도 청주시 상당구 방서동,경상사고,0,0,2,0,차대차 - 추돌,안전운전불이행,건조,맑음,교차로 - 교차로부근,승용,여,43세,상해없음,승용,남,58세,경상
2016122800100514,2016년 12월 28일 19시,수요일,충청북도 청주시 상당구 문화동,경상사고,0,0,1,0,차대사람 - 횡단중,보행자보호의무위반,건조,맑음,교차로 - 교차로부근,승용,남,26세,상해없음,보행자,남,47세,경상
2016122800100573,2016년 12월 28일 21시,수요일,충청북도 청주시 흥덕구 가경동,경상사고,0,0,1,0,차대사람 - 횡단중,보행자보호의무위반,건조,맑음,단일로 - 횡단보도상,기타불명,기타불명,기타불명,기타불명,보행자,남,19세,경상
2016122800100619,2016년 12월 28일 23시,수요일,충청북도 보은군 보은읍,사망사고,1,0,0,0,차량단독 - 전도전복,안전운전불이행,건조,맑음,단일로 - 기타,이륜,남,24세,사망,,,,
2016122800100620,2016년 12월 28일 23시,수요일,충청북도 청주시 흥덕구 가경동,경상사고,0,0,1,0,차대차 - 정면충돌,안전운전불이행,건조,맑음,기타 - 기타,승용,남,29세,상해없음,승용,남,64세,경상
2016122900100048,2016년 12월 29일 02시,목요일,충청북도 음성군 금왕읍,중상사고,0,1,3,0,차대차 - 추돌,안전운전불이행,건조,맑음,단일로 - 기타,승용,남,21세,경상,승합,남,22세,경상
2016122900100133,2016년 12월 29일 07시,목요일,충청북도 제천시 고암동,경상사고,0,0,1,0,차대차 - 추돌,신호위반,건조,흐림,교차로 - 교차로안,승용,여,53세,상해없음,승용,남,24세,경상
2016122900100134,2016년 12월 29일 07시,목요일,충청북도 음성군 금왕읍,중상사고,0,4,1,0,차대차 - 기타,중앙선침범,건조,맑음,단일로 - 기타,승용,남,29세,상해없음,승합,남,62세,상해없음
2016122900100135,2016년 12월 29일 07시,목요일,충청북도 청주시 흥덕구 송정동,경상사고,0,0,4,0,차대차 - 기타,안전운전불이행,건조,맑음,교차로 - 교차로부근,승용,남,32세,상해없음,화물,남,62세,경상
2016122900100136,2016년 12월 29일 07시,목요일,충청북도 청주시 상당구 낭성면,경상사고,0,0,1,0,차량단독 - 공작물충돌,안전운전불이행,적설,눈,단일로 - 기타,승용,남,24세,경상,,,,
2016122900100166,2016년 12월 29일 08시,목요일,충청북도 청주시 청원구 오창읍,경상사고,0,0,2,0,차량단독 - 전도전복,안전운전불이행,결빙,흐림,단일로 - 기타,승용,남,61세,경상,,,,
2016122900100167,2016년 12월 29일 08시,목요일,충청북도 청주시 청원구 율량동,경상사고,0,0,1,0,차대차 - 기타,기타,건조,맑음,교차로 - 교차로부근,승용,남,41세,기타불명,이륜,남,36세,경상
2016122900100168,2016년 12월 29일 08시,목요일,충청북도 청주시 상당구 방서동,경상사고,0,0,2,0,차대차 - 추돌,안전운전불이행,결빙,눈,교차로 - 교차로부근,승용,여,49세,상해없음,화물,남,41세,경상
2016122900100169,2016년 12월 29일 08시,목요일,충청북도 청주시 상당구 용암동,경상사고,0,0,2,0,차대차 - 측면충돌,안전운전불이행,결빙,흐림,단일로 - 기타,승용,남,47세,상해없음,승용,여,41세,경상
2016122900100273,2016년 12월 29일 11시,목요일,충청북도 충주시 금릉동,경상사고,0,0,1,0,차대차 - 측면충돌,신호위반,건조,맑음,교차로 - 교차로안,승용,남,66세,상해없음,승용,남,47세,경상
2016122900100274,2016년 12월 29일 11시,목요일,충청북도 음성군 삼성면,중상사고,0,2,0,0,차대차 - 측면충돌,교차로운행방법위반,건조,맑음,교차로 - 교차로안,승용,남,57세,상해없음,승용,남,72세,상해없음
2016122900100275,2016년 12월 29일 11시,목요일,충청북도 청주시 서원구 성화동,경상사고,0,0,1,0,차대차 - 기타,안전운전불이행,건조,맑음,단일로 - 기타,승용,여,21세,상해없음,승용,여,41세,경상
2016122900100312,2016년 12월 29일 12시,목요일,충청북도 충주시 산척면,중상사고,0,1,1,0,차대차 - 측면충돌,안전운전불이행,건조,맑음,단일로 - 기타,화물,남,23세,상해없음,화물,남,56세,중상
2016122900100313,2016년 12월 29일 12시,목요일,충청북도 청주시 상당구 금천동,중상사고,0,1,0,0,차대사람 - 길가장자리구역통행중,안전운전불이행,건조,맑음,단일로 - 기타,승합,남,47세,상해없음,보행자,여,90세 이상,중상
2016122900100352,2016년 12월 29일 13시,목요일,충청북도 음성군 금왕읍,부상신고사고,0,0,0,1,차대차 - 측면충돌,교차로운행방법위반,건조,맑음,교차로 - 교차로부근,이륜,남,75세,부상신고,승용,남,41세,상해없음
2016122900100353,2016년 12월 29일 13시,목요일,충청북도 청주시 서원구 모충동,경상사고,0,0,1,0,차대사람 - 횡단중,안전운전불이행,건조,맑음,교차로 - 교차로안,기타불명,기타불명,기타불명,기타불명,보행자,여,21세,경상
2016122900100419,2016년 12월 29일 15시,목요일,충청북도 제천시 명동,경상사고,0,0,1,0,차대차 - 추돌,안전운전불이행,건조,맑음,교차로 - 교차로안,승용,남,69세,상해없음,원동기,남,80세,경상
2016122900100457,2016년 12월 29일 16시,목요일,충청북도 충주시 연수동,경상사고,0,0,1,0,차대차 - 측면충돌,안전운전불이행,건조,맑음,단일로 - 기타,승용,남,68세,상해없음,이륜,남,17세,경상
2016122900100492,2016년 12월 29일 17시,목요일,충청북도 청주시 청원구 오창읍,경상사고,0,0,1,0,차대차 - 추돌,안전운전불이행,건조,맑음,교차로 - 교차로부근,승용,여,43세,상해없음,승용,여,55세,경상
2016122900100493,2016년 12월 29일 17시,목요일,충청북도 청주시 상당구 용암동,중상사고,0,1,0,0,차대사람 - 횡단중,안전운전불이행,건조,맑음,교차로 - 교차로부근,승용,남,65세,상해없음,보행자,여,30세,중상
2016122900100546,2016년 12월 29일 18시,목요일,충청북도 청주시 흥덕구 송정동,경상사고,0,0,1,0,차대차 - 추돌,안전운전불이행,건조,맑음,교차로 - 교차로부근,승용,남,53세,상해없음,화물,남,71세,경상
2016122900100601,2016년 12월 29일 19시,목요일,충청북도 청주시 흥덕구 송정동,중상사고,0,1,1,0,차대차 - 측면직각충돌,신호위반,건조,맑음,교차로 - 교차로안,원동기,남,21세,경상,원동기,남,45세,중상
2016122900100695,2016년 12월 29일 21시,목요일,충청북도 충주시 용산동,경상사고,0,0,1,1,차대차 - 측면충돌,안전운전불이행,건조,맑음,교차로 - 교차로안,승용,여,43세,부상신고,이륜,남,16세,경상
2016122900100738,2016년 12월 29일 22시,목요일,충청북도 충주시 봉방동,경상사고,0,0,1,0,차대차 - 측면충돌,안전운전불이행,건조,맑음,교차로 - 교차로부근,승용,남,40세,상해없음,승용,여,35세,경상
2016122900100782,2016년 12월 29일 23시,목요일,충청북도 청주시 청원구 주중동,경상사고,0,0,2,0,차대차 - 측면직각충돌,안전운전불이행,건조,맑음,단일로 - 기타,승용,남,60세,상해없음,승용,여,41세,경상
2016122900100783,2016년 12월 29일 23시,목요일,충청북도 청주시 상당구 용암동,경상사고,0,0,3,0,차대차 - 측면충돌,신호위반,건조,맑음,교차로 - 교차로안,승용,남,53세,상해없음,승용,남,57세,상해없음
2016123000100094,2016년 12월 30일 04시,금요일,충청북도 청주시 상당구 북문로2가동,경상사고,0,0,2,0,차대차 - 정면충돌,안전운전불이행,건조,맑음,단일로 - 기타,승용,남,26세,상해없음,승용,남,25세,경상
2016123000100095,2016년 12월 30일 04시,금요일,충청북도 제천시 서부동,경상사고,0,0,2,0,차대차 - 측면충돌,안전운전불이행,건조,맑음,교차로 - 교차로안,승용,남,78세,상해없음,승용,남,76세,경상
2016123000100108,2016년 12월 30일 05시,금요일,충청북도 청주시 흥덕구 봉명동,중상사고,0,1,0,0,차대사람 - 횡단중,안전운전불이행,건조,맑음,교차로 - 교차로부근,승용,여,48세,상해없음,보행자,남,65세,중상
2016123000100180,2016년 12월 30일 08시,금요일,충청북도 충주시 금릉동,경상사고,0,0,2,0,차대차 - 기타,차로위반,건조,맑음,교차로 - 교차로안,승용,남,27세,상해없음,승용,남,23세,경상
2016123000100218,2016년 12월 30일 09시,금요일,충청북도 청주시 흥덕구 강서동,경상사고,0,0,2,0,차대차 - 기타,교차로운행방법위반,건조,맑음,교차로 - 교차로안,승용,남,32세,경상,승용,여,33세,경상
2016123000100219,2016년 12월 30일 09시,금요일,충청북도 청주시 상당구 서운동,경상사고,0,0,1,0,차대차 - 기타,안전운전불이행,건조,맑음,단일로 - 기타,승용,남,74세,상해없음,승합,남,54세,상해없음
2016123000100243,2016년 12월 30일 10시,금요일,충청북도 청주시 흥덕구 복대동,경상사고,0,0,1,0,차대사람 - 횡단중,보행자보호의무위반,건조,맑음,교차로 - 교차로부근,화물,남,69세,상해없음,보행자,남,10세,경상
2016123000100278,2016년 12월 30일 11시,금요일,충청북도 충주시 동량면,경상사고,0,0,2,0,차대차 - 추돌,안전운전불이행,건조,맑음,교차로 - 교차로부근,승합,남,36세,상해없음,화물,남,56세,경상
2016123000100322,2016년 12월 30일 12시,금요일,충청북도 충주시 교현동,경상사고,0,0,1,0,차대차 - 정면충돌,안전거리미확보,건조,맑음,교차로 - 교차로부근,승용,남,42세,상해없음,승용,남,42세,경상
2016123000100323,2016년 12월 30일 12시,금요일,충청북도 영동군 영동읍,경상사고,0,0,1,0,차대차 - 기타,교차로운행방법위반,건조,맑음,교차로 - 교차로안,화물,남,62세,상해없음,이륜,여,34세,경상
2016123000100324,2016년 12월 30일 12시,금요일,충청북도 청주시 서원구 모충동,중상사고,0,1,0,0,차대차 - 정면충돌,교차로운행방법위반,건조,맑음,교차로 - 교차로안,원동기,남,48세,중상,승용,남,61세,상해없음
2016123000100366,2016년 12월 30일 13시,금요일,충청북도 청주시 흥덕구 봉명동,경상사고,0,0,1,0,차대차 - 측면직각충돌,안전운전불이행,건조,맑음,단일로 - 기타,승용,남,52세,상해없음,원동기,남,32세,경상
2016123000100367,2016년 12월 30일 13시,금요일,충청북도 청주시 흥덕구 봉명동,경상사고,0,0,3,0,차대차 - 정면충돌,교차로운행방법위반,건조,맑음,교차로 - 교차로안,승용,여,39세,경상,승용,남,31세,경상
2016123000100419,2016년 12월 30일 14시,금요일,충청북도 충주시 대소원면,경상사고,0,0,1,0,차대차 - 기타,안전운전불이행,건조,맑음,단일로 - 기타,승용,남,59세,상해없음,승용,남,41세,경상
2016123000100420,2016년 12월 30일 14시,금요일,충청북도 증평군 증평읍,경상사고,0,0,4,0,차대차 - 측면직각충돌,안전거리미확보,건조,맑음,교차로 - 교차로부근,승용,여,66세,경상,화물,남,30세,경상
2016123000100421,2016년 12월 30일 14시,금요일,충청북도 음성군 생극면,경상사고,0,0,1,0,차대차 - 추돌,안전운전불이행,건조,맑음,단일로 - 기타,승용,남,73세,경상,화물,남,39세,상해없음
2016123000100457,2016년 12월 30일 15시,금요일,충청북도 영동군 영동읍,경상사고,0,0,1,0,차대사람 - 횡단중,보행자보호의무위반,건조,맑음,기타 - 기타,승용,여,50세,상해없음,보행자,여,15세,경상
2016123000100458,2016년 12월 30일 15시,금요일,충청북도 청주시 흥덕구 가경동,부상신고사고,0,0,0,1,차대사람 - 길가장자리구역통행중,안전운전불이행,건조,맑음,단일로 - 기타,기타불명,기타불명,기타불명,기타불명,보행자,여,73세,부상신고
2016123000100606,2016년 12월 30일 18시,금요일,충청북도 제천시 장락동,경상사고,0,0,1,0,차대차 - 추돌,안전운전불이행,건조,맑음,단일로 - 기타,승용,남,58세,상해없음,승용,여,45세,경상
2016123000100607,2016년 12월 30일 18시,금요일,충청북도 제천시 장락동,중상사고,0,1,0,0,차대차 - 기타,안전거리미확보,건조,흐림,단일로 - 기타,승용,남,69세,상해없음,승용,남,42세,중상
2016123000100608,2016년 12월 30일 18시,금요일,충청북도 청주시 서원구 모충동,중상사고,0,1,0,0,차대사람 - 횡단중,보행자보호의무위반,건조,맑음,교차로 - 교차로부근,화물,남,36세,상해없음,보행자,남,73세,중상
2016123000100673,2016년 12월 30일 19시,금요일,충청북도 청주시 청원구 오창읍,중상사고,0,1,0,0,차대사람 - 횡단중,중앙선침범,건조,맑음,단일로 - 기타,승용,남,31세,상해없음,보행자,남,16세,중상
2016123000100674,2016년 12월 30일 19시,금요일,충청북도 청주시 상당구 용암동,중상사고,0,1,0,0,차대차 - 정면충돌,교차로운행방법위반,건조,맑음,교차로 - 교차로안,승용,남,58세,상해없음,승용,남,56세,중상
2016123000100728,2016년 12월 30일 20시,금요일,충청북도 진천군 진천읍,경상사고,0,0,2,0,차대차 - 기타,안전운전불이행,건조,기타,교차로 - 교차로부근,화물,남,51세,상해없음,승용,남,50세,경상
2016123100100014,2016년 12월 31일 00시,토요일,충청북도 증평군 증평읍,중상사고,0,1,3,0,차대차 - 기타,안전거리미확보,건조,흐림,단일로 - 기타,승용,남,34세,상해없음,승용,남,54세,중상
2016123100100015,2016년 12월 31일 00시,토요일,충청북도 청주시 흥덕구 봉명동,경상사고,0,0,1,0,차대사람 - 횡단중,안전운전불이행,건조,맑음,교차로 - 교차로부근,승용,남,28세,상해없음,보행자,남,31세,경상
2016123100100102,2016년 12월 31일 03시,토요일,충청북도 진천군 광혜원면,중상사고,0,1,0,0,차량단독 - 전도전복,안전운전불이행,건조,맑음,단일로 - 기타,승합,남,39세,상해없음,,,,
2016123100100159,2016년 12월 31일 07시,토요일,충청북도 청주시 흥덕구 가경동,경상사고,0,0,1,0,차대사람 - 횡단중,신호위반,건조,맑음,교차로 - 교차로안,승용,남,43세,상해없음,보행자,여,87세,경상
2016123100100225,2016년 12월 31일 11시,토요일,충청북도 제천시 중앙로2가,경상사고,0,0,3,0,차대차 - 추돌,중앙선침범,건조,맑음,교차로 - 교차로부근,화물,남,44세,경상,승용,남,55세,경상
2016123100100251,2016년 12월 31일 12시,토요일,충청북도 청주시 흥덕구 가경동,중상사고,0,1,0,0,차대차 - 기타,안전운전불이행,건조,맑음,교차로 - 교차로안,승용,남,72세,상해없음,승용,남,33세,중상
2016123100100313,2016년 12월 31일 14시,토요일,충청북도 진천군 진천읍,경상사고,0,0,1,0,차대차 - 기타,안전거리미확보,건조,맑음,단일로 - 기타,승용,남,42세,상해없음,승합,남,53세,경상
2016123100100356,2016년 12월 31일 15시,토요일,충청북도 옥천군 옥천읍,경상사고,0,0,1,0,차대사람 - 기타,안전운전불이행,건조,맑음,단일로 - 기타,승용,여,59세,상해없음,보행자,남,41세,경상
2016123100100402,2016년 12월 31일 17시,토요일,충청북도 청주시 흥덕구 운천동,경상사고,0,0,3,0,차대차 - 추돌,기타,건조,맑음,교차로 - 교차로안,승용,남,37세,상해없음,승용,남,33세,경상
2016123100100435,2016년 12월 31일 18시,토요일,충청북도 청주시 흥덕구 송정동,중상사고,0,2,0,0,차대차 - 정면충돌,중앙선침범,건조,맑음,단일로 - 기타,승용,남,29세,상해없음,승용,남,56세,중상
2016123100100439,2016년 12월 31일 18시,토요일,충청북도 청주시 서원구 남이면,중상사고,0,1,1,0,차대차 - 기타,안전운전불이행,건조,맑음,단일로 - 기타,승용,남,31세,상해없음,승용,남,34세,경상
2016123100100501,2016년 12월 31일 19시,토요일,충청북도 충주시 연수동,중상사고,0,1,0,0,차대차 - 정면충돌,기타,건조,맑음,단일로 - 기타,승용,남,55세,상해없음,원동기,남,43세,중상
2016123100100539,2016년 12월 31일 20시,토요일,충청북도 제천시 청전동,경상사고,0,0,1,0,차대차 - 추돌,안전운전불이행,건조,맑음,단일로 - 기타,승합,남,54세,상해없음,승용,남,49세,경상
2016123100100540,2016년 12월 31일 20시,토요일,충청북도 제천시 장락동,중상사고,0,1,0,0,차대차 - 추돌,안전운전불이행,건조,흐림,단일로 - 기타,이륜,남,41세,중상,승용,남,48세,상해없음
2016123100100541,2016년 12월 31일 20시,토요일,충청북도 청주시 상당구 금천동,중상사고,0,2,0,0,차량단독 - 기타,안전운전불이행,건조,맑음,단일로 - 기타,승합,남,59세,상해없음,,,,
2016123100100611,2016년 12월 31일 22시,토요일,충청북도 청주시 흥덕구 강내면,경상사고,0,0,1,0,차대차 - 추돌,안전운전불이행,습기,비,단일로 - 기타,승용,남,42세,상해없음,승용,남,26세,경상
2016123100100645,2016년 12월 31일 23시,토요일,충청북도 충주시 동량면,사망사고,1,1,0,0,차량단독 - 전도전복,안전운전불이행,건조,맑음,단일로 - 기타,승용,남,44세,사망,,,,